station_abbr;reference_timestamp;ths2dymn;ths2dymx;ths200m0;th9120mv;th91dnmv;th91dxmv;ths00nm0;pva2hsm0;ths25xm0;pv9120mv;ths00xm0;ths20nm0;thl200mx;phsstam0;thl200mn;ph9120mv;ths30xm0;xhs000m0;fhs010m0;fh9120mv;rhs001m0;ths35xm0;rhs150m0;rh9120mv;ghs000m0;gh9120mv;shs000m0;sh9120mv;xhs00om0;xhs012m0
SBE;01.01.1864 00:00;;;-6.1;-2.5;;;;;;;;;;;;;;;;;;;;;;;;;;
SBE;01.02.1864 00:00;;;-5.7;-2.4;;;;;;;;;;;;;;;;;;;;;;;;;;
SBE;01.03.1864 00:00;;;-2.3;-1.8;;;;;;;;;;;;;;;;;;;;;;;;;;
SBE;01.04.1864 00:00;;;0.5;-2;;;;;;;;;;;;;;;;;;;;;;;;;;
SBE;01.05.1864 00:00;;;5.8;-1;;;;;;;;;;;;;;;;;;;;;;;;;;
SBE;01.06.1864 00:00;;;8.6;-2.4;;;;;;;;;;;;;;;;;;;;;;;;;;
SBE;01.07.1864 00:00;;;11.3;-1.7;;;;;;;;;;;;;;;;;;;;;;;;;;
SBE;01.08.1864 00:00;;;9.7;-3;;;;;;;;;;;;;;;;;;;;;;;;;;
SBE;01.09.1864 00:00;;;7.5;-1.3;;;;;;;;;;;;;;;;;;;;;;;;;;
SBE;01.10.1864 00:00;;;2.1;-2.7;;;;;;;;;;;;;;;;;;;;;;;;;;
SBE;01.11.1864 00:00;;;-1.2;-1.4;;;;;;;;;;;;;;;;;;;;;;;;;;
SBE;01.12.1864 00:00;;;-3.4;-0.6;;;;;;;;;;;;;;;;;;;;;;;;;;
SBE;01.01.1865 00:00;;;-5.2;-1.6;;;;;;;;;;;;;;;;;;;;;;;;;;
SBE;01.02.1865 00:00;;;-8.3;-5;;;;;;;;;;;;;;;;;;;;;;;;;;
SBE;01.03.1865 00:00;;;-7.8;-7.3;;;;;;;;;;;;;;;;;;;;;;;;;;
SBE;01.04.1865 00:00;;;5.5;3;;;;;;;;;;;;;;;;;;;;;;;;;;
SBE;01.05.1865 00:00;;;8;1.2;;;;;;;;;;;;;;;;;;;;;;;;;;
SBE;01.06.1865 00:00;;;10;-1;;;;;;;;;;;;;;;;;;;;;;;;;;
SBE;01.07.1865 00:00;;;13.1;0.1;;;;;;;;;;;;;;;;;;;;;;;;;;
SBE;01.08.1865 00:00;;;10.2;-2.5;;;;;;;;;;;;;;;;;;;;;;;;;;
SBE;01.09.1865 00:00;;;11.5;2.7;;;;;;;;;;;;;;;;;;;;;;;;;;
SBE;01.10.1865 00:00;;;3.1;-1.7;;;;;;;;;;;;;;;;;;;;;;;;;;
SBE;01.11.1865 00:00;;;0.2;0;;;;;;;;;;;;;;;;;;;;;;;;;;
SBE;01.12.1865 00:00;;;-1.5;1.3;;;;;;;;;;;;;;;;;;;;;;;;;;
SBE;01.01.1866 00:00;;;-2;1.6;;;;;;;;;;;;;;;;;;;;;;;;;;
SBE;01.02.1866 00:00;;;-2.4;0.9;;;;;;;;;;;;;;;;;;;;;;;;;;
SBE;01.03.1866 00:00;;;-2.8;-2.3;;;;;;;;;;;;;;;;;;;;;;;;;;
SBE;01.04.1866 00:00;;;2;-0.5;;;;;;;;;;;;;;;;;;;;;;;;;;
SBE;01.05.1866 00:00;;;3.3;-3.5;;;;;;;;;;;;;;;;;;;;;;;;;;
SBE;01.06.1866 00:00;;;10.4;-0.6;;;;;;;;;;;;;;;;;;;;;;;;;;
SBE;01.07.1866 00:00;;;11.2;-1.8;;;;;;;;;;;;;;;;;;;;;;;;;;
SBE;01.08.1866 00:00;;;9;-3.7;;;;;;;;;;;;;;;;;;;;;;;;;;
SBE;01.09.1866 00:00;;;7.8;-1;;;;;;;;;;;;;;;;;;;;;;;;;;
SBE;01.10.1866 00:00;;;4.4;-0.4;;;;;;;;;;;;;;;;;;;;;;;;;;
SBE;01.11.1866 00:00;;;-1.4;-1.6;;;;;;;;;;;;;;;;;;;;;;;;;;
SBE;01.12.1866 00:00;;;-0.6;2.2;;;;;;;;;;;;;;;;;;;;;;;;;;
SBE;01.01.1867 00:00;;;-4.6;-1;;;;;;;;;;;;;;;;;;;;;;;;;;
SBE;01.02.1867 00:00;;;-2.1;1.2;;;;;;;;;;;;;;;;;;;;;;;;;;
SBE;01.03.1867 00:00;;;-1.7;-1.2;;;;;;;;;;;;;;;;;;;;;;;;;;
SBE;01.04.1867 00:00;;;1.8;-0.7;;;;;;;;;;;;;;;;;;;;;;;;;;
SBE;01.05.1867 00:00;;;5.7;-1.1;;;;;;;;;;;;;;;;;;;;;;;;;;
SBE;01.06.1867 00:00;;;9.3;-1.7;;;;;;;;;;;;;;;;;;;;;;;;;;
SBE;01.07.1867 00:00;;;10.1;-2.9;;;;;;;;;;;;;;;;;;;;;;;;;;
SBE;01.08.1867 00:00;;;11.6;-1.1;;;;;;;;;;;;;;;;;;;;;;;;;;
SBE;01.09.1867 00:00;;;9.2;0.4;;;;;;;;;;;;;;;;;;;;;;;;;;
SBE;01.10.1867 00:00;;;1.1;-3.7;;;;;;;;;;;;;;;;;;;;;;;;;;
SBE;01.11.1867 00:00;;;-2.6;-2.8;;;;;;;;;;;;;;;;;;;;;;;;;;
SBE;01.12.1867 00:00;;;-7.2;-4.4;;;;;;;;;;;;;;;;;;;;;;;;;;
SBE;01.01.1868 00:00;;;-5.7;-2.1;;;;;;;;;;;;;;;;;;;;;;;;;;
SBE;01.02.1868 00:00;;;-2.7;0.6;;;;;;;;;;;;;;;;;;;;;;;;;;
SBE;01.03.1868 00:00;;;-4.5;-4;;;;;;;;;;;;;;;;;;;;;;;;;;
SBE;01.04.1868 00:00;;;0.7;-1.8;;;;;;;;;;;;;;;;;;;;;;;;;;
SBE;01.05.1868 00:00;;;9.9;3.1;;;;;;;;;;;;;;;;;;;;;;;;;;
SBE;01.06.1868 00:00;;;10.9;-0.1;;;;;;;;;;;;;;;;;;;;;;;;;;
SBE;01.07.1868 00:00;;;11.4;-1.6;;;;;;;;;;;;;;;;;;;;;;;;;;
SBE;01.08.1868 00:00;;;10.9;-1.8;;;;;;;;;;;;;;;;;;;;;;;;;;
SBE;01.09.1868 00:00;;;9.2;0.4;;;;;;;;;;;;;;;;;;;;;;;;;;
SBE;01.10.1868 00:00;;;3.4;-1.4;;;;;;;;;;;;;;;;;;;;;;;;;;
SBE;01.11.1868 00:00;;;-2.5;-2.7;;;;;;;;;;;;;;;;;;;;;;;;;;
SBE;01.12.1868 00:00;;;-1.6;1.2;;;;;;;;;;;;;;;;;;;;;;;;;;
SBE;01.01.1869 00:00;;;-6.5;-2.9;;;;;;;;;;;;;;;;;;;;;;;;;;
SBE;01.02.1869 00:00;;;-0.3;3;;;;;;;;;;;;;;;;;;;;;;;;;;
SBE;01.03.1869 00:00;;;-6.3;-5.8;;;;;;;;;;;;;;;;;;;;;;;;;;
SBE;01.04.1869 00:00;;;2.7;0.2;;;;;;;;;;;;;;;;;;;;;;;;;;
SBE;01.05.1869 00:00;;;7;0.2;;;;;;;;;;;;;;;;;;;;;;;;;;
SBE;01.06.1869 00:00;;;7.2;-3.8;;;;;;;;;;;;;;;;;;;;;;;;;;
SBE;01.07.1869 00:00;;;14.2;1.2;;;;;;;;;;;;;;;;;;;;;;;;;;
SBE;01.08.1869 00:00;;;9.8;-2.9;;;;;;;;;;;;;;;;;;;;;;;;;;
SBE;01.09.1869 00:00;;;8.6;-0.2;;;;;;;;;;;;;;;;;;;;;;;;;;
SBE;01.10.1869 00:00;;;1;-3.8;;;;;;;;;;;;;;;;;;;;;;;;;;
SBE;01.11.1869 00:00;;;-1.3;-1.5;;;;;;;;;;;;;;;;;;;;;;;;;;
SBE;01.12.1869 00:00;;;-5.1;-2.3;;;;;;;;;;;;;;;;;;;;;;;;;;
SBE;01.01.1870 00:00;;;-6.8;-3.2;;;;;;;;;;;;;;;;;;;;;;;;;;
SBE;01.02.1870 00:00;;;-4.7;-1.4;;;;;;;;;;;;;;;;;;;;;;;;;;
SBE;01.03.1870 00:00;;;-4.3;-3.8;;;;;;;;;;;;;;;;;;;;;;;;;;
SBE;01.04.1870 00:00;;;0.5;-2;;;;;;;;;;;;;;;;;;;;;;;;;;
SBE;01.05.1870 00:00;;;7.7;0.9;;;;;;;;;;;;;;;;;;;;;;;;;;
SBE;01.06.1870 00:00;;;10.2;-0.8;;;;;;;;;;;;;;;;;;;;;;;;;;
SBE;01.07.1870 00:00;;;13.3;0.3;;;;;;;;;;;;;;;;;;;;;;;;;;
SBE;01.08.1870 00:00;;;8.6;-4.1;;;;;;;;;;;;;;;;;;;;;;;;;;
SBE;01.09.1870 00:00;;;6.8;-2;;;;;;;;;;;;;;;;;;;;;;;;;;
SBE;01.10.1870 00:00;;;2.2;-2.6;;;;;;;;;;;;;;;;;;;;;;;;;;
SBE;01.11.1870 00:00;;;-1.5;-1.7;;;;;;;;;;;;;;;;;;;;;;;;;;
SBE;01.12.1870 00:00;;;-7.5;-4.7;;;;;;;;;;;;;;;;;;;;;;;;;;
SBE;01.01.1871 00:00;;;-8.2;-4.6;;;;;;;;;;;;;;;;;;;;;;;;;;
SBE;01.02.1871 00:00;;;-2.4;0.9;;;;;;;;;;;;;;;;;;;;;;;;;;
SBE;01.03.1871 00:00;;;-1.7;-1.2;;;;;;;;;;;;;;;;;;;;;;;;;;
SBE;01.04.1871 00:00;;;1.9;-0.6;;;;;;;;;;;;;;;;;;;;;;;;;;
SBE;01.05.1871 00:00;;;4.8;-2;;;;;;;;;;;;;;;;;;;;;;;;;;
SBE;01.06.1871 00:00;;;5.8;-5.2;;;;;;;;;;;;;;;;;;;;;;;;;;
SBE;01.07.1871 00:00;;;12.1;-0.9;;;;;;;;;;;;;;;;;;;;;;;;;;
SBE;01.08.1871 00:00;;;11.2;-1.5;;;;;;;;;;;;;;;;;;;;;;;;;;
SBE;01.09.1871 00:00;;;10;1.2;;;;;;;;;;;;;;;;;;;;;;;;;;
SBE;01.10.1871 00:00;;;2.3;-2.5;;;;;;;;;;;;;;;;;;;;;;;;;;
SBE;01.11.1871 00:00;;;-3.6;-3.8;;;;;;;;;;;;;;;;;;;;;;;;;;
SBE;01.12.1871 00:00;;;-7;-4.2;;;;;;;;;;;;;;;;;;;;;;;;;;
SBE;01.01.1872 00:00;;;-4.5;-0.9;;;;;;;;;;;;;;;;;;;;;;;;;;
SBE;01.02.1872 00:00;;;-4;-0.7;;;;;;;;;;;;;;;;;;;;;;;;;;
SBE;01.03.1872 00:00;;;-1.8;-1.3;;;;;;;;;;;;;;;;;;;;;;;;;;
SBE;01.04.1872 00:00;;;2.6;0.1;;;;;;;;;;;;;;;;;;;;;;;;;;
SBE;01.05.1872 00:00;;;4.2;-2.6;;;;;;;;;;;;;;;;;;;;;;;;;;
SBE;01.06.1872 00:00;;;8.9;-2.1;;;;;;;;;;;;;;;;;;;;;;;;;;
SBE;01.07.1872 00:00;;;12.3;-0.7;;;;;;;;;;;;;;;;;;;;;;;;;;
SBE;01.08.1872 00:00;;;9.7;-3;;;;;;;;;;;;;;;;;;;;;;;;;;
SBE;01.09.1872 00:00;;;9;0.2;;;;;;;;;;;;;;;;;;;;;;;;;;
SBE;01.10.1872 00:00;;;3.9;-0.9;;;;;;;;;;;;;;;;;;;;;;;;;;
SBE;01.11.1872 00:00;;;-0.7;-0.9;;;;;;;;;;;;;;;;;;;;;;;;;;
SBE;01.12.1872 00:00;;;-2.7;0.1;;;;;;;;;;;;;;;;;;;;;;;;;;
SBE;01.01.1873 00:00;;;-3.7;-0.1;;;;;;;;;;;;;;;;;;;;;;;;;;
SBE;01.02.1873 00:00;;;-5.5;-2.2;;;;;;;;;;;;;;;;;;;;;;;;;;
SBE;01.03.1873 00:00;;;-0.2;0.3;;;;;;;;;;;;;;;;;;;;;;;;;;
SBE;01.04.1873 00:00;;;0;-2.5;;;;;;;;;;;;;;;;;;;;;;;;;;
SBE;01.05.1873 00:00;;;3.2;-3.6;;;;;;;;;;;;;;;;;;;;;;;;;;
SBE;01.06.1873 00:00;;;8.8;-2.2;;;;;;;;;;;;;;;;;;;;;;;;;;
SBE;01.07.1873 00:00;;;13.5;0.5;;;;;;;;;;;;;;;;;;;;;;;;;;
SBE;01.08.1873 00:00;;;12.2;-0.5;;;;;;;;;;;;;;;;;;;;;;;;;;
SBE;01.09.1873 00:00;;;7.6;-1.2;;;;;;;;;;;;;;;;;;;;;;;;;;
SBE;01.10.1873 00:00;;;4.8;0;;;;;;;;;;;;;;;;;;;;;;;;;;
SBE;01.11.1873 00:00;;;-0.5;-0.7;;;;;;;;;;;;;;;;;;;;;;;;;;
SBE;01.12.1873 00:00;;;-1.7;1.1;;;;;;;;;;;;;;;;;;;;;;;;;;
SBE;01.01.1874 00:00;;;-3.2;0.4;;;;;;;;;;;;;;;;;;;;;;;;;;
SBE;01.02.1874 00:00;;;-6.1;-2.8;;;;;;;;;;;;;;;;;;;;;;;;;;
SBE;01.03.1874 00:00;;;-2.9;-2.4;;;;;;;;;;;;;;;;;;;;;;;;;;
SBE;01.04.1874 00:00;;;2.9;0.4;;;;;;;;;;;;;;;;;;;;;;;;;;
SBE;01.05.1874 00:00;;;2.1;-4.7;;;;;;;;;;;;;;;;;;;;;;;;;;
SBE;01.06.1874 00:00;;;10.2;-0.8;;;;;;;;;;;;;;;;;;;;;;;;;;
SBE;01.07.1874 00:00;;;14.3;1.3;;;;;;;;;;;;;;;;;;;;;;;;;;
SBE;01.08.1874 00:00;;;9.7;-3;;;;;;;;;;;;;;;;;;;;;;;;;;
SBE;01.09.1874 00:00;;;9.5;0.7;;;;;;;;;;;;;;;;;;;;;;;;;;
SBE;01.10.1874 00:00;;;4.8;0;;;;;;;;;;;;;;;;;;;;;;;;;;
SBE;01.11.1874 00:00;;;-3.4;-3.6;;;;;;;;;;;;;;;;;;;;;;;;;;
SBE;01.12.1874 00:00;;;-8.1;-5.3;;;;;;;;;;;;;;;;;;;;;;;;;;
SBE;01.01.1875 00:00;;;-2.6;1;;;;;;;;;;;;;;;;;;;;;;;;;;
SBE;01.02.1875 00:00;;;-7.9;-4.6;;;;;;;;;;;;;;;;;;;;;;;;;;
SBE;01.03.1875 00:00;;;-3.9;-3.4;;;;;;;;;;;;;;;;;;;;;;;;;;
SBE;01.04.1875 00:00;;;0.9;-1.6;;;;;;;;;;;;;;;;;;;;;;;;;;
SBE;01.05.1875 00:00;;;8.1;1.3;;;;;;;;;;;;;;;;;;;;;;;;;;
SBE;01.06.1875 00:00;;;9.8;-1.2;;;;;;;;;;;;;;;;;;;;;;;;;;
SBE;01.07.1875 00:00;;;10.6;-2.4;;;;;;;;;;;;;;;;;;;;;;;;;;
SBE;01.08.1875 00:00;;;12.8;0.1;;;;;;;;;;;;;;;;;;;;;;;;;;
SBE;01.09.1875 00:00;;;8.9;0.1;;;;;;;;;;;;;;;;;;;;;;;;;;
SBE;01.10.1875 00:00;;;2.3;-2.5;;;;;;;;;;;;;;;;;;;;;;;;;;
SBE;01.11.1875 00:00;;;-3;-3.2;;;;;;;;;;;;;;;;;;;;;;;;;;
SBE;01.12.1875 00:00;;;-5.1;-2.3;;;;;;;;;;;;;;;;;;;;;;;;;;
SBE;01.01.1876 00:00;;;-4.3;-0.7;;;;;;;;;;;;;;;;;;;;;;;;;;
SBE;01.02.1876 00:00;;;-4.5;-1.2;;;;;;;;;;;;;;;;;;;;;;;;;;
SBE;01.03.1876 00:00;;;-3.2;-2.7;;;;;;;;;;;;;;;;;;;;;;;;;;
SBE;01.04.1876 00:00;;;1.6;-0.9;;;;;;;;;;;;;;;;;;;;;;;;;;
SBE;01.05.1876 00:00;;;3.7;-3.1;;;;;;;;;;;;;;;;;;;;;;;;;;
SBE;01.06.1876 00:00;;;8.7;-2.3;;;;;;;;;;;;;;;;;;;;;;;;;;
SBE;01.07.1876 00:00;;;12.3;-0.7;;;;;;;;;;;;;;;;;;;;;;;;;;
SBE;01.08.1876 00:00;;;11.6;-1.1;;;;;;;;;;;;;;;;;;;;;;;;;;
SBE;01.09.1876 00:00;;;6.5;-2.3;;;;;;;;;;;;;;;;;;;;;;;;;;
SBE;01.10.1876 00:00;;;6.4;1.6;;;;;;;;;;;;;;;;;;;;;;;;;;
SBE;01.11.1876 00:00;;;-3;-3.2;;;;;;;;;;;;;;;;;;;;;;;;;;
SBE;01.12.1876 00:00;;;-2;0.8;;;;;;;;;;;;;;;;;;;;;;;;;;
SBE;01.01.1877 00:00;;;-3.9;-0.3;;;;;;;;;;;;;;;;;;;;;;;;;;
SBE;01.02.1877 00:00;;;-4.4;-1.1;;;;;;;;;;;;;;;;;;;;;;;;;;
SBE;01.03.1877 00:00;;;-4.8;-4.3;;;;;;;;;;;;;;;;;;;;;;;;;;
SBE;01.04.1877 00:00;;;1;-1.5;;;;;;;;;;;;;;;;;;;;;;;;;;
SBE;01.05.1877 00:00;;;3.1;-3.7;;;;;;;;;;;;;;;;;;;;;;;;;;
SBE;01.06.1877 00:00;;;11.2;0.2;;;;;;;;;;;;;;;;;;;;;;;;;;
SBE;01.07.1877 00:00;;;10.2;-2.8;;;;;;;;;;;;;;;;;;;;;;;;;;
SBE;01.08.1877 00:00;;;12.5;-0.2;;;;;;;;;;;;;;;;;;;;;;;;;;
SBE;01.09.1877 00:00;;;6;-2.8;;;;;;;;;;;;;;;;;;;;;;;;;;
SBE;01.10.1877 00:00;;;1.3;-3.5;;;;;;;;;;;;;;;;;;;;;;;;;;
SBE;01.11.1877 00:00;;;0.2;0;;;;;;;;;;;;;;;;;;;;;;;;;;
SBE;01.12.1877 00:00;;;-5;-2.2;;;;;;;;;;;;;;;;;;;;;;;;;;
SBE;01.01.1878 00:00;;;-6.7;-3.1;;;;;;;;;;;;;;;;;;;;;;;;;;
SBE;01.02.1878 00:00;;;-1.6;1.7;;;;;;;;;;;;;;;;;;;;;;;;;;
SBE;01.03.1878 00:00;;;-4.6;-4.1;;;;;;;;;;;;;;;;;;;;;;;;;;
SBE;01.04.1878 00:00;;;1.5;-1;;;;;;;;;;;;;;;;;;;;;;;;;;
SBE;01.05.1878 00:00;;;6.2;-0.6;;;;;;;;;;;;;;;;;;;;;;;;;;
SBE;01.06.1878 00:00;;;8.6;-2.4;;;;;;;;;;;;;;;;;;;;;;;;;;
SBE;01.07.1878 00:00;;;11.1;-1.9;;;;;;;;;;;;;;;;;;;;;;;;;;
SBE;01.08.1878 00:00;;;10.7;-2;;;;;;;;;;;;;;;;;;;;;;;;;;
SBE;01.09.1878 00:00;;;8.2;-0.6;;;;;;;;;;;;;;;;;;;;;;;;;;
SBE;01.10.1878 00:00;;;3.7;-1.1;;;;;;;;;;;;;;;;;;;;;;;;;;
SBE;01.11.1878 00:00;;;-4;-4.2;;;;;;;;;;;;;;;;;;;;;;;;;;
SBE;01.12.1878 00:00;;;-8.4;-5.6;;;;;;;;;;;;;;;;;;;;;;;;;;
SBE;01.01.1879 00:00;;;-5.5;-1.9;;;;;;;;;;;;;;;;;;;;;;;;;;
SBE;01.02.1879 00:00;;;-4.7;-1.4;;;;;;;;;;;;;;;;;;;;;;;;;;
SBE;01.03.1879 00:00;;;-1.4;-0.9;;;;;;;;;;;;;;;;;;;;;;;;;;
SBE;01.04.1879 00:00;;;-1.1;-3.6;;;;;;;;;;;;;;;;;;;;;;;;;;
SBE;01.05.1879 00:00;;;2.1;-4.7;;;;;;;;;;;;;;;;;;;;;;;;;;
SBE;01.06.1879 00:00;;;8.8;-2.2;;;;;;;;;;;;;;;;;;;;;;;;;;
SBE;01.07.1879 00:00;;;8.4;-4.6;;;;;;;;;;;;;;;;;;;;;;;;;;
SBE;01.08.1879 00:00;;;13.5;0.8;;;;;;;;;;;;;;;;;;;;;;;;;;
SBE;01.09.1879 00:00;;;7.9;-0.9;;;;;;;;;;;;;;;;;;;;;;;;;;
SBE;01.10.1879 00:00;;;3.7;-1.1;;;;;;;;;;;;;;;;;;;;;;;;;;
SBE;01.11.1879 00:00;;;-4.3;-4.5;;;;;;;;;;;;;;;;;;;;;;;;;;
SBE;01.12.1879 00:00;;;-6.6;-3.8;;;;;;;;;;;;;;;;;;;;;;;;;;
SBE;01.01.1880 00:00;;;-5.5;-1.9;;;;;;;;;;;;;;;;;;;;;;;;;;
SBE;01.02.1880 00:00;;;-3.2;0.1;;;;;;;;;;;;;;;;;;;;;;;;;;
SBE;01.03.1880 00:00;;;0.6;1.1;;;;;;;;;;;;;;;;;;;;;;;;;;
SBE;01.04.1880 00:00;;;1.9;-0.6;;;;;;;;;;;;;;;;;;;;;;;;;;
SBE;01.05.1880 00:00;;;5;-1.8;;;;;;;;;;;;;;;;;;;;;;;;;;
SBE;01.06.1880 00:00;;;7.4;-3.6;;;;;;;;;;;;;;;;;;;;;;;;;;
SBE;01.07.1880 00:00;;;12.9;-0.1;;;;;;;;;;;;;;;;;;;;;;;;;;
SBE;01.08.1880 00:00;;;9.7;-3;;;;;;;;;;;;;;;;;;;;;;;;;;
SBE;01.09.1880 00:00;;;8.4;-0.4;;;;;;;;;;;;;;;;;;;;;;;;;;
SBE;01.10.1880 00:00;;;4;-0.8;;;;;;;;;;;;;;;;;;;;;;;;;;
SBE;01.11.1880 00:00;;;0;-0.2;;;;;;;;;;;;;;;;;;;;;;;;;;
SBE;01.12.1880 00:00;;;-1.1;1.7;;;;;;;;;;;;;;;;;;;;;;;;;;
SBE;01.01.1881 00:00;;;-8;-4.4;;;;;;;;;;;;;;;;;;;;;;;;;;
SBE;01.02.1881 00:00;;;-4.3;-1;;;;;;;;;;;;;;;;;;;;;;;;;;
SBE;01.03.1881 00:00;;;-0.6;-0.1;;;;;;;;;;;;;;;;;;;;;;;;;;
SBE;01.04.1881 00:00;;;1.1;-1.4;;;;;;;;;;;;;;;;;;;;;;;;;;
SBE;01.05.1881 00:00;;;4.9;-1.9;;;;;;;;;;;;;;;;;;;;;;;;;;
SBE;01.06.1881 00:00;;;8.4;-2.6;;;;;;;;;;;;;;;;;;;;;;;;;;
SBE;01.07.1881 00:00;;;14.2;1.2;;;;;;;;;;;;;;;;;;;;;;;;;;
SBE;01.08.1881 00:00;;;11.6;-1.1;;;;;;;;;;;;;;;;;;;;;;;;;;
SBE;01.09.1881 00:00;;;5.9;-2.9;;;;;;;;;;;;;;;;;;;;;;;;;;
SBE;01.10.1881 00:00;;;-0.2;-5;;;;;;;;;;;;;;;;;;;;;;;;;;
SBE;01.11.1881 00:00;;;3;2.8;;;;;;;;;;;;;;;;;;;;;;;;;;
SBE;01.12.1881 00:00;;;-3.3;-0.5;;;;;;;;;;;;;;;;;;;;;;;;;;
SBE;01.01.1882 00:00;;;-0.6;3;;;;;;;;;;;;;;;;;;;;;;;;;;
SBE;01.02.1882 00:00;;;-3;0.3;;;;;;;;;;;;;;;;;;;;;;;;;;
SBE;01.03.1882 00:00;;;0.6;1.1;;;;;;;;;;;;;;;;;;;;;;;;;;
SBE;01.04.1882 00:00;;;0.6;-1.9;;;;;;;;;;;;;;;;;;;;;;;;;;
SBE;01.05.1882 00:00;;;5.4;-1.4;;;;;;;;;;;;;;;;;;;;;;;;;;
SBE;01.06.1882 00:00;;;8.1;-2.9;;;;;;;;;;;;;;;;;;;;;;;;;;
SBE;01.07.1882 00:00;;;10.1;-2.9;;;;;;;;;;;;;;;;;;;;;;;;;;
SBE;01.08.1882 00:00;;;9;-3.7;;;;;;;;;;;;;;;;;;;;;;;;;;
SBE;01.09.1882 00:00;;;5.8;-3;;;;;;;;;;;;;;;;;;;;;;;;;;
SBE;01.10.1882 00:00;;;3.3;-1.5;;;;;;;;;;;;;;;;;;;;;;;;;;
SBE;01.11.1882 00:00;;;-2.3;-2.5;;;;;;;;;;;;;;;;;;;;;;;;;;
SBE;01.12.1882 00:00;;;-3.1;-0.3;;;;;;;;;;;;;;;;;;;;;;;;;;
SBE;01.01.1883 00:00;;;-4.7;-1.1;;;;;;;;;;;;;;;;;;;;;;;;;;
SBE;01.02.1883 00:00;;;-3;0.3;;;;;;;;;;;;;;;;;;;;;;;;;;
SBE;01.03.1883 00:00;;;-6.4;-5.9;;;;;;;;;;;;;;;;;;;;;;;;;;
SBE;01.04.1883 00:00;;;-0.3;-2.8;;;;;;;;;;;;;;;;;;;;;;;;;;
SBE;01.05.1883 00:00;;;5.6;-1.2;;;;;;;;;;;;;;;;;;;;;;;;;;
SBE;01.06.1883 00:00;;;8.5;-2.5;;;;;;;;;;;;;;;;;;;;;;;;;;
SBE;01.07.1883 00:00;;;10;-3;;;;;;;;;;;;;;;;;;;;;;;;;;
SBE;01.08.1883 00:00;;;10.8;-1.9;;;;;;;;;;;;;;;;;;;;;;;;;;
SBE;01.09.1883 00:00;;;6.6;-2.2;;;;;;;;;;;;;;;;;;;;;;;;;;
SBE;01.10.1883 00:00;;;2.6;-2.2;;;;;;;;;;;;;;;;;;;;;;;;;;
SBE;01.11.1883 00:00;;;-1.4;-1.6;;;;;;;;;;;;;;;;;;;;;;;;;;
SBE;01.12.1883 00:00;;;-4.1;-1.3;;;;;;;;;;;;;;;;;;;;;;;;;;
SBE;01.01.1884 00:00;;;-2.4;1.2;;;;;;;;;;;;;;;;;;;;;;;;;;
SBE;01.02.1884 00:00;;;-3.4;-0.1;;;;;;;;;;;;;;;;;;;;;;;;;;
SBE;01.03.1884 00:00;;;-1.4;-0.9;;;;;;;;;;;;;;;;;;;;;;;;;;
SBE;01.04.1884 00:00;;;1.2;-1.3;;;;;;;;;;;;;;;;;;;;;;;;;;
SBE;01.05.1884 00:00;;;6.8;0;;;;;;;;;;;;;;;;;;;;;;;;;;
SBE;01.06.1884 00:00;;;6;-5;;;;;;;;;;;;;;;;;;;;;;;;;;
SBE;01.07.1884 00:00;;;11.9;-1.1;;;;;;;;;;;;;;;;;;;;;;;;;;
SBE;01.08.1884 00:00;;;11.4;-1.3;;;;;;;;;;;;;;;;;;;;;;;;;;
SBE;01.09.1884 00:00;;;8;-0.8;;;;;;;;;;;;;;;;;;;;;;;;;;
SBE;01.10.1884 00:00;;;2;-2.8;;;;;;;;;;;;;;;;;;;;;;;;;;
SBE;01.11.1884 00:00;;;-2.4;-2.6;;;;;;;;;;;;;;;;;;;;;;;;;;
SBE;01.12.1884 00:00;;;-3.7;-0.9;;;;;;;;;;;;;;;;;;;;;;;;;;
SBE;01.01.1885 00:00;;;-5.9;-2.3;;;;;;;;;;;;;;;;;;;;;;;;;;
SBE;01.02.1885 00:00;;;-1.9;1.4;;;;;;;;;;;;;;;;;;;;;;;;;;
SBE;01.03.1885 00:00;;;-1.9;-1.4;;;;;;;;;;;;;;;;;;;;;;;;;;
SBE;01.04.1885 00:00;;;2.1;-0.4;;;;;;;;;;;;;;;;;;;;;;;;;;
SBE;01.05.1885 00:00;;;3.6;-3.2;;;;;;;;;;;;;;;;;;;;;;;;;;
SBE;01.06.1885 00:00;;;10.8;-0.2;;;;;;;;;;;;;;;;;;;;;;;;;;
SBE;01.07.1885 00:00;;;13;0;;;;;;;;;;;;;;;;;;;;;;;;;;
SBE;01.08.1885 00:00;;;10.7;-2;;;;;;;;;;;;;;;;;;;;;;;;;;
SBE;01.09.1885 00:00;;;7.6;-1.2;;;;;;;;;;;;;;;;;;;;;;;;;;
SBE;01.10.1885 00:00;;;0.7;-4.1;;;;;;;;;;;;;;;;;;;;;;;;;;
SBE;01.11.1885 00:00;;;0.3;0.1;;;;;;;;;;;;;;;;;;;;;;;;;;
SBE;01.12.1885 00:00;;;-3.6;-0.8;;;;;;;;;;;;;;;;;;;;;;;;;;
SBE;01.01.1886 00:00;;;-6.1;-2.5;;;;;;;;;;;;;;;;;;;;;;;;;;
SBE;01.02.1886 00:00;;;-6.1;-2.8;;;;;;;;;;;;;;;;;;;;;;;;;;
SBE;01.03.1886 00:00;;;-3.8;-3.3;;;;;;;;;;;;;;;;;;;;;;;;;;
SBE;01.04.1886 00:00;;;2.1;-0.4;;;;;;;;;;;;;;;;;;;;;;;;;;
SBE;01.05.1886 00:00;;;5.2;-1.6;;;;;;;;;;;;;;;;;;;;;;;;;;
SBE;01.06.1886 00:00;;;7.7;-3.3;;;;;;;;;;;;;;;;;;;;;;;;;;
SBE;01.07.1886 00:00;;;12;-1;;;;;;;;;;;;;;;;;;;;;;;;;;
SBE;01.08.1886 00:00;;;10.9;-1.8;;;;;;;;;;;;;;;;;;;;;;;;;;
SBE;01.09.1886 00:00;;;10;1.2;;;;;;;;;;;;;;;;;;;;;;;;;;
SBE;01.10.1886 00:00;;;4.6;-0.2;;;;;;;;;;;;;;;;;;;;;;;;;;
SBE;01.11.1886 00:00;;;-0.5;-0.7;;;;;;;;;;;;;;;;;;;;;;;;;;
SBE;01.12.1886 00:00;;;-6.1;-3.3;;;;;;;;;;;;;;;;;;;;;;;;;;
SBE;01.01.1887 00:00;;;-5.2;-1.6;;;;;;;;;;;;;;;;;;;;;;;;;;
SBE;01.02.1887 00:00;;;-5.6;-2.3;;;;;;;;;;;;;;;;;;;;;;;;;;
SBE;01.03.1887 00:00;;;-2.8;-2.3;;;;;;;;;;;;;;;;;;;;;;;;;;
SBE;01.04.1887 00:00;;;0.2;-2.3;;;;;;;;;;;;;;;;;;;;;;;;;;
SBE;01.05.1887 00:00;;;2.8;-4;;;;;;;;;;;;;;;;;;;;;;;;;;
SBE;01.06.1887 00:00;;;10.8;-0.2;;;;;;;;;;;;;;;;;;;;;;;;;;
SBE;01.07.1887 00:00;;;13.8;0.8;;;;;;;;;;;;;;;;;;;;;;;;;;
SBE;01.08.1887 00:00;;;10.9;-1.8;;;;;;;;;;;;;;;;;;;;;;;;;;
SBE;01.09.1887 00:00;;;7.1;-1.7;;;;;;;;;;;;;;;;;;;;;;;;;;
SBE;01.10.1887 00:00;;;-0.6;-5.4;;;;;;;;;;;;;;;;;;;;;;;;;;
SBE;01.11.1887 00:00;;;-2.3;-2.5;;;;;;;;;;;;;;;;;;;;;;;;;;
SBE;01.12.1887 00:00;;;-7.6;-4.8;;;;;;;;;;;;;;;;;;;;;;;;;;
SBE;01.01.1888 00:00;;;-5.4;-1.8;;;;;;;;;;;;;;;;;;;;;;;;;;
SBE;01.02.1888 00:00;;;-6.8;-3.5;;;;;;;;;;;;;;;;;;;;;;;;;;
SBE;01.03.1888 00:00;;;-4.5;-4;;;;;;;;;;;;;;;;;;;;;;;;;;
SBE;01.04.1888 00:00;;;-0.8;-3.3;;;;;;;;;;;;;;;;;;;;;;;;;;
SBE;01.05.1888 00:00;;;5.8;-1;;;;;;;;;;;;;;;;;;;;;;;;;;
SBE;01.06.1888 00:00;;;8.9;-2.1;;;;;;;;;;;;;;;;;;;;;;;;;;
SBE;01.07.1888 00:00;;;8.9;-4.1;;;;;;;;;;;;;;;;;;;;;;;;;;
SBE;01.08.1888 00:00;;;10;-2.7;;;;;;;;;;;;;;;;;;;;;;;;;;
SBE;01.09.1888 00:00;;;8.2;-0.6;;;;;;;;;;;;;;;;;;;;;;;;;;
SBE;01.10.1888 00:00;;;1.7;-3.1;;;;;;;;;;;;;;;;;;;;;;;;;;
SBE;01.11.1888 00:00;;;-0.1;-0.3;;;;;;;;;;;;;;;;;;;;;;;;;;
SBE;01.12.1888 00:00;;;-1.7;1.1;;;;;;;;;;;;;;;;;;;;;;;;;;
SBE;01.01.1889 00:00;;;-4.9;-1.3;;;;;;;;;;;;;;;;;;;;;;;;;;
SBE;01.02.1889 00:00;;;-8.4;-5.1;;;;;;;;;;;;;;;;;;;;;;;;;;
SBE;01.03.1889 00:00;;;-5.6;-5.1;;;;;;;;;;;;;;;;;;;;;;;;;;
SBE;01.04.1889 00:00;;;-0.7;-3.2;;;;;;;;;;;;;;;;;;;;;;;;;;
SBE;01.05.1889 00:00;;;6.2;-0.6;;;;;;;;;;;;;;;;;;;;;;;;;;
SBE;01.06.1889 00:00;;;9.8;-1.2;;;;;;;;;;;;;;;;;;;;;;;;;;
SBE;01.07.1889 00:00;;;10.3;-2.7;;;;;;;;;;;;;;;;;;;;;;;;;;
SBE;01.08.1889 00:00;;;9.8;-2.9;;;;;;;;;;;;;;;;;;;;;;;;;;
SBE;01.09.1889 00:00;;;6.3;-2.5;;;;;;;;;;;;;;;;;;;;;;;;;;
SBE;01.10.1889 00:00;;;2.6;-2.2;;;;;;;;;;;;;;;;;;;;;;;;;;
SBE;01.11.1889 00:00;;;0.6;0.4;;;;;;;;;;;;;;;;;;;;;;;;;;
SBE;01.12.1889 00:00;;;-5.3;-2.5;;;;;;;;;;;;;;;;;;;;;;;;;;
SBE;01.01.1890 00:00;;;-1.6;2;;;;;;;;;;;;;;;;;;;;;;;;;;
SBE;01.02.1890 00:00;;;-6.7;-3.4;;;;;;;;;;;;;;;;;;;;;;;;;;
SBE;01.03.1890 00:00;;;-2.9;-2.4;;;;;;;;;;;;;;;;;;;;;;;;;;
SBE;01.04.1890 00:00;;;-0.2;-2.7;;;;;;;;;;;;;;;;;;;;;;;;;;
SBE;01.05.1890 00:00;;;5.6;-1.2;;;;;;;;;;;;;;;;;;;;;;;;;;
SBE;01.06.1890 00:00;;;8.2;-2.8;;;;;;;;;;;;;;;;;;;;;;;;;;
SBE;01.07.1890 00:00;;;9.4;-3.6;;;;;;;;;;;;;;;;;;;;;;;;;;
SBE;01.08.1890 00:00;;;10;-2.7;;;;;;;;;;;;;;;;;;;;;;;;;;
SBE;01.09.1890 00:00;;;6.5;-2.3;;;;;;;;;;;;;;;;;;;;;;;;;;
SBE;01.10.1890 00:00;;;2.2;-2.6;;;;;;;;;;;;;;;;;;;;;;;;;;
SBE;01.11.1890 00:00;;;-2.1;-2.3;;;;;;;;;;;;;;;;;;;;;;;;;;
SBE;01.12.1890 00:00;;;-6.3;-3.5;;;;;;;;;;;;;;;;;;;;;;;;;;
SBE;01.01.1891 00:00;;;-9.1;-5.5;;;;;;;;;;;;;;;;;;;;;;;;;;
SBE;01.02.1891 00:00;;;-3.2;0.1;;;;;;;;;;;;;;;;;;;;;;;;;;
SBE;01.03.1891 00:00;;;-3.9;-3.4;;;;;;;;;;;;;;;;;;;;;;;;;;
SBE;01.04.1891 00:00;;;-1.4;-3.9;;;;;;;;;;;;;;;;;;;;;;;;;;
SBE;01.05.1891 00:00;;;4.7;-2.1;;;;;;;;;;;;;;;;;;;;;;;;;;
SBE;01.06.1891 00:00;;;8.5;-2.5;;;;;;;;;;;;;;;;;;;;;;;;;;
SBE;01.07.1891 00:00;;;10.1;-2.9;;;;;;;;;;;;;;;;;;;;;;;;;;
SBE;01.08.1891 00:00;;;8.9;-3.8;;;;;;;;;;;;;;;;;;;;;;;;;;
SBE;01.09.1891 00:00;;;8.7;-0.1;;;;;;;;;;;;;;;;;;;;;;;;;;
SBE;01.10.1891 00:00;;;4.2;-0.6;;;;;;;;;;;;;;;;;;;;;;;;;;
SBE;01.11.1891 00:00;;;-1.3;-1.5;;;;;;;;;;;;;;;;;;;;;;;;;;
SBE;01.12.1891 00:00;;;-2.7;0.1;;;;;;;;;;;;;;;;;;;;;;;;;;
SBE;01.01.1892 00:00;;;-5.1;-1.5;;;;;;;;;;;;;;;;;;;;;;;;;;
SBE;01.02.1892 00:00;;;-5;-1.7;;;;;;;;;;;;;;;;;;;;;;;;;;
SBE;01.03.1892 00:00;;;-5.4;-4.9;;;;;;;;;;;;;;;;;;;;;;;;;;
SBE;01.04.1892 00:00;;;1.4;-1.1;;;;;;;;;;;;;;;;;;;;;;;;;;
SBE;01.05.1892 00:00;;;5.3;-1.5;;;;;;;;;;;;;;;;;;;;;;;;;;
SBE;01.06.1892 00:00;;;9.3;-1.7;;;;;;;;;;;;;;;;;;;;;;;;;;
SBE;01.07.1892 00:00;;;10.8;-2.2;;;;;;;;;;;;;;;;;;;;;;;;;;
SBE;01.08.1892 00:00;;;11.6;-1.1;;;;;;;;;;;;;;;;;;;;;;;;;;
SBE;01.09.1892 00:00;;;8.2;-0.6;;;;;;;;;;;;;;;;;;;;;;;;;;
SBE;01.10.1892 00:00;;;1.6;-3.2;;;;;;;;;;;;;;;;;;;;;;;;;;
SBE;01.11.1892 00:00;;;1.2;1;;;;;;;;;;;;;;;;;;;;;;;;;;
SBE;01.12.1892 00:00;;;-5;-2.2;;;;;;;;;;;;;;;;;;;;;;;;;;
SBE;01.01.1893 00:00;;;-9;-5.4;;;;;;;;;;;;;;;;;;;;;;;;;;
SBE;01.02.1893 00:00;;;-4.5;-1.2;;;;;;;;;;;;;;;;;;;;;;;;;;
SBE;01.03.1893 00:00;;;-1.5;-1;;;;;;;;;;;;;;;;;;;;;;;;;;
SBE;01.04.1893 00:00;;;4.1;1.6;;;;;;;;;;;;;;;;;;;;;;;;;;
SBE;01.05.1893 00:00;;;4.4;-2.4;;;;;;;;;;;;;;;;;;;;;;;;;;
SBE;01.06.1893 00:00;;;9.4;-1.6;;;;;;;;;;;;;;;;;;;;;;;;;;
SBE;01.07.1893 00:00;;;11;-2;;;;;;;;;;;;;;;;;;;;;;;;;;
SBE;01.08.1893 00:00;;;11.9;-0.8;;;;;;;;;;;;;;;;;;;;;;;;;;
SBE;01.09.1893 00:00;;;7.7;-1.1;;;;;;;;;;;;;;;;;;;;;;;;;;
SBE;01.10.1893 00:00;;;5.7;0.9;;;;;;;;;;;;;;;;;;;;;;;;;;
SBE;01.11.1893 00:00;;;-1.7;-1.9;;;;;;;;;;;;;;;;;;;;;;;;;;
SBE;01.12.1893 00:00;;;-3.5;-0.7;;;;;;;;;;;;;;;;;;;;;;;;;;
SBE;01.01.1894 00:00;;;-5.6;-2;;;;;;;;;;;;;;;;;;;;;;;;;;
SBE;01.02.1894 00:00;;;-3.5;-0.2;;;;;;;;;;;;;;;;;;;;;;;;;;
SBE;01.03.1894 00:00;;;-2.3;-1.8;;;;;;;;;;;;;;;;;;;;;;;;;;
SBE;01.04.1894 00:00;;;2.9;0.4;;;;;;;;;;;;;;;;;;;;;;;;;;
SBE;01.05.1894 00:00;;;4.7;-2.1;;;;;;;;;;;;;;;;;;;;;;;;;;
SBE;01.06.1894 00:00;;;8.6;-2.4;;;;;;;;;;;;;;;;;;;;;;;;;;
SBE;01.07.1894 00:00;;;11.8;-1.2;;;;;;;;;;;;;;;;;;;;;;;;;;
SBE;01.08.1894 00:00;;;10.3;-2.4;;;;;;;;;;;;;;;;;;;;;;;;;;
SBE;01.09.1894 00:00;;;6.5;-2.3;;;;;;;;;;;;;;;;;;;;;;;;;;
SBE;01.10.1894 00:00;;;3;-1.8;;;;;;;;;;;;;;;;;;;;;;;;;;
SBE;01.11.1894 00:00;;;1;0.8;;;;;;;;;;;;;;;;;;;;;;;;;;
SBE;01.12.1894 00:00;;;-4.6;-1.8;;;;;;;;;;;;;;;;;;;;;;;;;;
SBE;01.01.1895 00:00;;;-10.4;-6.8;;;;;;;;;;;;;;;;;;;;;;;;;;
SBE;01.02.1895 00:00;;;-9.7;-6.4;;;;;;;;;;;;;;;;;;;;;;;;;;
SBE;01.03.1895 00:00;;;-3.7;-3.2;;;;;;;;;;;;;;;;;;;;;;;;;;
SBE;01.04.1895 00:00;;;2.3;-0.2;;;;;;;;;;;;;;;;;;;;;;;;;;
SBE;01.05.1895 00:00;;;4.6;-2.2;;;;;;;;;;;;;;;;;;;;;;;;;;
SBE;01.06.1895 00:00;;;8.2;-2.8;;;;;;;;;;;;;;;;;;;;;;;;;;
SBE;01.07.1895 00:00;;;12.1;-0.9;;;;;;;;;;;;;;;;;;;;;;;;;;
SBE;01.08.1895 00:00;;;10.4;-2.3;;;;;;;;;;;;;;;;;;;;;;;;;;
SBE;01.09.1895 00:00;;;11.9;3.1;;;;;;;;;;;;;;;;;;;;;;;;;;
SBE;01.10.1895 00:00;;;2.6;-2.2;;;;;;;;;;;;;;;;;;;;;;;;;;
SBE;01.11.1895 00:00;;;2.1;1.9;;;;;;;;;;;;;;;;;;;;;;;;;;
SBE;01.12.1895 00:00;;;-3.5;-0.7;;;;;;;;;;;;;;;;;;;;;;;;;;
SBE;01.01.1896 00:00;;;-3.7;-0.1;;;;;;;;;;;;;;;;;;;;;;;;;;
SBE;01.02.1896 00:00;;;-2.1;1.2;;;;;;;;;;;;;;;;;;;;;;;;;;
SBE;01.03.1896 00:00;;;-0.6;-0.1;;;;;;;;;;;;;;;;;;;;;;;;;;
SBE;01.04.1896 00:00;;;-1.4;-3.9;;;;;;;;;;;;;;;;;;;;;;;;;;
SBE;01.05.1896 00:00;;;4;-2.8;;;;;;;;;;;;;;;;;;;;;;;;;;
SBE;01.06.1896 00:00;;;8.7;-2.3;;;;;;;;;;;;;;;;;;;;;;;;;;
SBE;01.07.1896 00:00;;;11.8;-1.2;;;;;;;;;;;;;;;;;;;;;;;;;;
SBE;01.08.1896 00:00;;;7.5;-5.2;;;;;;;;;;;;;;;;;;;;;;;;;;
SBE;01.09.1896 00:00;;;6.7;-2.1;;;;;;;;;;;;;;;;;;;;;;;;;;
SBE;01.10.1896 00:00;;;2.2;-2.6;;;;;;;;;;;;;;;;;;;;;;;;;;
SBE;01.11.1896 00:00;;;-2.4;-2.6;;;;;;;;;;;;;;;;;;;;;;;;;;
SBE;01.12.1896 00:00;;;-3.5;-0.7;;;;;;;;;;;;;;;;;;;;;;;;;;
SBE;01.01.1897 00:00;;;-5.7;-2.1;;;;;;;;;;;;;;;;;;;;;;;;;;
SBE;01.02.1897 00:00;;;-1.2;2.1;;;;;;;;;;;;;;;;;;;;;;;;;;
SBE;01.03.1897 00:00;;;-0.8;-0.3;;;;;;;;;;;;;;;;;;;;;;;;;;
SBE;01.04.1897 00:00;;;0.8;-1.7;;;;;;;;;;;;;;;;;;;;;;;;;;
SBE;01.05.1897 00:00;;;3.5;-3.3;;;;;;;;;;;;;;;;;;;;;;;;;;
SBE;01.06.1897 00:00;;;10.7;-0.3;;;;;;;;;;;;;;;;;;;;;;;;;;
SBE;01.07.1897 00:00;;;11.8;-1.2;;;;;;;;;;;;;;;;;;;;;;;;;;
SBE;01.08.1897 00:00;;;10.7;-2;;;;;;;;;;;;;;;;;;;;;;;;;;
SBE;01.09.1897 00:00;;;6.6;-2.2;;;;;;;;;;;;;;;;;;;;;;;;;;
SBE;01.10.1897 00:00;;;3.2;-1.6;;;;;;;;;;;;;;;;;;;;;;;;;;
SBE;01.11.1897 00:00;;;1.6;1.4;;;;;;;;;;;;;;;;;;;;;;;;;;
SBE;01.12.1897 00:00;;;-2.6;0.2;;;;;;;;;;;;;;;;;;;;;;;;;;
SBE;01.01.1898 00:00;;;0.3;3.9;;;;;;;;;;;;;;;;;;;;;;;;;;
SBE;01.02.1898 00:00;;;-5.3;-2;;;;;;;;;;;;;;;;;;;;;;;;;;
SBE;01.03.1898 00:00;;;-2.5;-2;;;;;;;;;;;;;;;;;;;;;;;;;;
SBE;01.04.1898 00:00;;;1.7;-0.8;;;;;;;;;;;;;;;;;;;;;;;;;;
SBE;01.05.1898 00:00;;;4;-2.8;;;;;;;;;;;;;;;;;;;;;;;;;;
SBE;01.06.1898 00:00;;;7.6;-3.4;;;;;;;;;;;;;;;;;;;;;;;;;;
SBE;01.07.1898 00:00;;;10.4;-2.6;;;;;;;;;;;;;;;;;;;;;;;;;;
SBE;01.08.1898 00:00;;;12.5;-0.2;;;;;;;;;;;;;;;;;;;;;;;;;;
SBE;01.09.1898 00:00;;;10.7;1.9;;;;;;;;;;;;;;;;;;;;;;;;;;
SBE;01.10.1898 00:00;;;5.4;0.6;;;;;;;;;;;;;;;;;;;;;;;;;;
SBE;01.11.1898 00:00;;;1.6;1.4;;;;;;;;;;;;;;;;;;;;;;;;;;
SBE;01.12.1898 00:00;;;-2.2;0.6;;;;;;;;;;;;;;;;;;;;;;;;;;
SBE;01.01.1899 00:00;;;-3.1;0.5;;;;;;;;;;;;;;;;;;;;;;;;;;
SBE;01.02.1899 00:00;;;-2.3;1;;;;;;;;;;;;;;;;;;;;;;;;;;
SBE;01.03.1899 00:00;;;-1.9;-1.4;;;;;;;;;;;;;;;;;;;;;;;;;;
SBE;01.04.1899 00:00;;;0.8;-1.7;;;;;;;;;;;;;;;;;;;;;;;;;;
SBE;01.05.1899 00:00;;;4.5;-2.3;;;;;;;;;;;;;;;;;;;;;;;;;;
SBE;01.06.1899 00:00;;;8.9;-2.1;;;;;;;;;;;;;;;;;;;;;;;;;;
SBE;01.07.1899 00:00;;;11.3;-1.7;;;;;;;;;;;;;;;;;;;;;;;;;;
SBE;01.08.1899 00:00;;;12.2;-0.5;;;;;;;;;;;;;;;;;;;;;;;;;;
SBE;01.09.1899 00:00;;;7;-1.8;;;;;;;;;;;;;;;;;;;;;;;;;;
SBE;01.10.1899 00:00;;;5.9;1.1;;;;;;;;;;;;;;;;;;;;;;;;;;
SBE;01.11.1899 00:00;;;2.5;2.3;;;;;;;;;;;;;;;;;;;;;;;;;;
SBE;01.12.1899 00:00;;;-5.1;-2.3;;;;;;;;;;;;;;;;;;;;;;;;;;
SBE;01.01.00 00:00;;;-4.4;-0.8;;;;;;;;;;;;;;;;;;;;;;;;;;
SBE;01.02.00 00:00;;;-3.5;-0.2;;;;;;;;;;;;;;;;;;;;;;;;;;
SBE;01.03.00 00:00;;;-6;-5.5;;;;;;;;;;;;;;;;;;;;;;;;;;
SBE;01.04.00 00:00;;;0.1;-2.4;;;;;;;;;;;;;;;;;;;;;;;;;;
SBE;01.05.00 00:00;;;4.6;-2.2;;;;;;;;;;;;;;;;;;;;;;;;;;
SBE;01.06.00 00:00;;;9.8;-1.2;;;;;;;;;;;;;;;;;;;;;;;;;;
SBE;01.07.00 00:00;;;12.7;-0.3;;;;;;;;;;;;;;;;;;;;;;;;;;
SBE;01.08.00 00:00;;;9.4;-3.3;;;;;;;;;;;;;;;;;;;;;;;;;;
SBE;01.09.00 00:00;;;10;1.2;;;;;;;;;;;;;;;;;;;;;;;;;;
SBE;01.10.00 00:00;;;4.7;-0.1;;;;;;;;;;;;;;;;;;;;;;;;;;
SBE;01.11.00 00:00;;;-0.4;-0.6;;;;;;;;;;;;;;;;;;;;;;;;;;
SBE;01.12.00 00:00;;;-0.5;2.3;;;;;;;;;;;;;;;;;;;;;;;;;;
SBE;01.01.01 00:00;;;-5.4;-1.8;;;;;;;;;;;;;;;;;;;14.3;19;;;;;;
SBE;01.02.01 00:00;;;-11.1;-7.8;;;;;;;;;;;;;;;;;;;79;131;;;;;;
SBE;01.03.01 00:00;;;-5;-4.5;;;;;;;;;;;;;;;;;;;278.2;344;;;;;;
SBE;01.04.01 00:00;;;1.5;-1;;;;;;;;;;;;;;;;;;;240.4;180;;;;;;
SBE;01.05.01 00:00;;;5.4;-1.4;;;;;;;;;;;;;;;;;;;124.9;74;;;;;;
SBE;01.06.01 00:00;;;10.1;-0.9;;;;;;;;;;;;;;;;;;;209.6;122;;;;;;
SBE;01.07.01 00:00;;;11.2;-1.8;;;;;;;;;;;;;;;;;;;298.9;188;;;;;;
SBE;01.08.01 00:00;;;10.6;-2.1;;;;;;;;;;;;;;;;;;;110.3;59;;;;;;
SBE;01.09.01 00:00;;;8.2;-0.6;;;;;;;;;;;;;;;;;;;120.1;74;;;;;;
SBE;01.10.01 00:00;;;3.1;-1.7;;;;;;;;;;;;;;;;;;;235.5;130;;;;;;
SBE;01.11.01 00:00;;;-1.4;-1.6;;;;;;;;;;;;;;;;;;;74.6;44;;;;;;
SBE;01.12.01 00:00;;;-3.5;-0.7;;;;;;;;;;;;;;;;;;;167.4;190;;;;;;
SBE;01.01.02 00:00;;;-2.7;0.9;;;;;;;;;;;;;;;;;;;38.3;50;;;;;;
SBE;01.02.02 00:00;;;-4;-0.7;;;;;;;;;;;;;;;;;;;107.5;179;;;;;;
SBE;01.03.02 00:00;;;-2.3;-1.8;;;;;;;;;;;;;;;;;;;129.7;161;;;;;;
SBE;01.04.02 00:00;;;2.9;0.4;;;;;;;;;;;;;;;;;;;92.6;70;;;;;;
SBE;01.05.02 00:00;;;1.3;-5.5;;;;;;;;;;;;;;;;;;;192.2;115;;;;;;
SBE;01.06.02 00:00;;;7.3;-3.7;;;;;;;;;;;;;;;;;;;147.8;86;;;;;;
SBE;01.07.02 00:00;;;12.1;-0.9;;;;;;;;;;;;;;;;;;;93.4;59;;;;;;
SBE;01.08.02 00:00;;;9.9;-2.8;;;;;;;;;;;;;;;;;;;273.1;146;;;;;;
SBE;01.09.02 00:00;;;7.8;-1;;;;;;;;;;;;;;;;;;;177.1;109;;;;;;
SBE;01.10.02 00:00;;;2.6;-2.2;;;;;;;;;;;;;;;;;;;159.4;88;;;;;;
SBE;01.11.02 00:00;;;-1.1;-1.3;;;;;;;;;;;;;;;;;;;115.1;68;;;;;;
SBE;01.12.02 00:00;;;-3.2;-0.4;;;;;;;;;;;;;;;;;;;64.5;73;;;;;;
SBE;01.01.03 00:00;;;-4.5;-0.9;;;;;;;;;;;;;;;;;;;92.2;120;;;;;;
SBE;01.02.03 00:00;;;-1.4;1.9;;;;;;;;;;;;;;;;;;;30.9;51;;;;;;
SBE;01.03.03 00:00;;;-1.6;-1.1;;;;;;;;;;;;;;;;;;;101.3;125;;;;;;
SBE;01.04.03 00:00;;;-2.6;-5.1;;;;;;;;;;;;;;;;;;;210;158;;;;;;
SBE;01.05.03 00:00;;;4.8;-2;;;;;;;;;;;;;;;;;;;308.2;184;;;;;;
SBE;01.06.03 00:00;;;7.7;-3.3;;;;;;;;;;;;;;;;;;;167.9;98;;;;;;
SBE;01.07.03 00:00;;;9.8;-3.2;;;;;;;;;;;;;;;;;;;217.4;136;;;;;;
SBE;01.08.03 00:00;;;11.5;-1.2;;;;;;;;;;;;;;;;;;;182.9;98;;;;;;
SBE;01.09.03 00:00;;;7.9;-0.9;;;;;;;;;;;;;;;;;;;75.4;46;;;;;;
SBE;01.10.03 00:00;;;3.6;-1.2;;;;;;;;;;;;;;;;;;;176.8;98;;;;;;
SBE;01.11.03 00:00;;;-1.2;-1.4;;;;;;;;;;;;;;;;;;;65;39;;;;;;
SBE;01.12.03 00:00;;;-4.5;-1.7;;;;;;;;;;;;;;;;;;;113.2;128;;;;;;
SBE;01.01.04 00:00;;;-4.7;-1.1;;;;;;;;;;;;;;;;;;;36.6;47;;;;;;
SBE;01.02.04 00:00;;;-5.8;-2.5;;;;;;;;;;;;;;;;;;;159.5;265;;;;;;
SBE;01.03.04 00:00;;;-2.2;-1.7;;;;;;;;;;;;;;;;;;;154.8;192;;;;;;
SBE;01.04.04 00:00;;;2.8;0.3;;;;;;;;;;;;;;;;;;;36.6;27;;;;;;
SBE;01.05.04 00:00;;;6.6;-0.2;;;;;;;;;;;;;;;;;;;167;100;;;;;;
SBE;01.06.04 00:00;;;10.5;-0.5;;;;;;;;;;;;;;;;;;;146.1;85;;;;;;
SBE;01.07.04 00:00;;;13.9;0.9;;;;;;;;;;;;;;;;;;;77.7;49;;;;;;
SBE;01.08.04 00:00;;;11.8;-0.9;;;;;;;;;;;;;;;;;;;91.9;49;;;;;;
SBE;01.09.04 00:00;;;5.6;-3.2;;;;;;;;;;;;;;;;;;;212.3;131;;;;;;
SBE;01.10.04 00:00;;;4.2;-0.6;;;;;;;;;;;;;;;;;;;31.3;17;;;;;;
SBE;01.11.04 00:00;;;-1.2;-1.4;;;;;;;;;;;;;;;;;;;40.7;24;;;;;;
SBE;01.12.04 00:00;;;-2.2;0.6;;;;;;;;;;;;;;;;;;;76.4;87;;;;;;
SBE;01.01.05 00:00;;;-7.3;-3.7;;;;;;;;;;;;;;;;;;;17.2;22;;;;;;
SBE;01.02.05 00:00;;;-5.6;-2.3;;;;;;;;;;;;;;;;;;;55;91;;;;;;
SBE;01.03.05 00:00;;;-1.9;-1.4;;;;;;;;;;;;;;;;;;;75.9;94;;;;;;
SBE;01.04.05 00:00;;;1.1;-1.4;;;;;;;;;;;;;;;;;;;138.7;104;;;;;;
SBE;01.05.05 00:00;;;4.3;-2.5;;;;;;;;;;;;;;;;;;;201.7;120;;;;;;
SBE;01.06.05 00:00;;;9.1;-1.9;;;;;;;;;;;;;;;;;;;113;66;;;;;;
SBE;01.07.05 00:00;;;13.8;0.8;;;;;;;;;;;;;;;;;;;117.3;74;;;;;;
SBE;01.08.05 00:00;;;10.6;-2.1;;;;;;;;;;;;;;;;;;;343.5;184;;;;;;
SBE;01.09.05 00:00;;;8.1;-0.7;;;;;;;;;;;;;;;;;;;250.3;154;;;;;;
SBE;01.10.05 00:00;;;-2.2;-7;;;;;;;;;;;;;;;;;;;16.3;9;;;;;;
SBE;01.11.05 00:00;;;-3;-3.2;;;;;;;;;;;;;;;;;;;215.7;128;;;;;;
SBE;01.12.05 00:00;;;-1.5;1.3;;;;;;;;;;;;;;;;;;;2.3;3;;;;;;
SBE;01.01.06 00:00;;;-5.3;-1.7;;;;;;;;;;;;;;;;;;;35.3;46;;;;;;
SBE;01.02.06 00:00;;;-7.4;-4.1;;;;;;;;;;;;;;;;;;;47.7;79;;;;;;
SBE;01.03.06 00:00;;;-2.8;-2.3;;;;;;;;;;;;;;;;;;;129;160;;;;;;
SBE;01.04.06 00:00;;;0.2;-2.3;;;;;;;;;;;;;;;;;;;179.5;135;;;;;;
SBE;01.05.06 00:00;;;5.9;-0.9;;;;;;;;;;;;;;;;;;;101.8;61;;;;;;
SBE;01.06.06 00:00;;;9.1;-1.9;;;;;;;;;;;;;;;;;;;43.1;25;;;;;;
SBE;01.07.06 00:00;;;11.5;-1.5;;;;;;;;;;;;;;;;;;;204.4;128;;;;;;
SBE;01.08.06 00:00;;;12.4;-0.3;;;;;;;;;;;;;;;;;;;61.6;33;;;;;;
SBE;01.09.06 00:00;;;7.3;-1.5;;;;;;;;;;;;;;;;;;;39.1;24;;;;;;
SBE;01.10.06 00:00;;;5.8;1;;;;;;;;;;;;;;;;;;;126.9;70;;;;;;
SBE;01.11.06 00:00;;;1.1;0.9;;;;;;;;;;;;;;;;;;;292.2;173;;;;;;
SBE;01.12.06 00:00;;;-8;-5.2;;;;;;;;;;;;;;;;;;;38.8;44;;;;;;
SBE;01.01.07 00:00;;;-5.3;-1.7;;;;;;;;;;;;;;;;;;;57.6;75;;;;;;
SBE;01.02.07 00:00;;;-6.8;-3.5;;;;;;;;;;;;;;;;;;;25.4;42;;;;;;
SBE;01.03.07 00:00;;;-3.9;-3.4;;;;;;;;;;;;;;;;;;;32.3;40;;;;;;
SBE;01.04.07 00:00;;;-0.7;-3.2;;;;;;;;;;;;;;;;;;;160.6;121;;;;;;
SBE;01.05.07 00:00;;;5.3;-1.5;;;;;;;;;;;;;;;;;;;124.6;74;;;;;;
SBE;01.06.07 00:00;;;9.4;-1.6;;;;;;;;;;;;;;;;;;;186.3;109;;;;;;
SBE;01.07.07 00:00;;;9.5;-3.5;;;;;;;;;;;;;;;;;;;163.2;102;;;;;;
SBE;01.08.07 00:00;;;11.7;-1;;;;;;;;;;;;;;;;;;;100.2;54;;;;;;
SBE;01.09.07 00:00;;;9.1;0.3;;;;;;;;;;;;;;;;;;;135.5;83;;;;;;
SBE;01.10.07 00:00;;;4.3;-0.5;;;;;;;;;;;;;;;;;;;407;225;;;;;;
SBE;01.11.07 00:00;;;0;-0.2;;;;;;;;;;;;;;;;;;;31.9;19;;;;;;
SBE;01.12.07 00:00;;;-3.4;-0.6;;;;;;;;;;;;;;;;;;;131.5;149;;;;;;
SBE;01.01.08 00:00;;;-2.9;0.7;;;;;;;;;;;;;;;;;;;8.7;11;;;;;;
SBE;01.02.08 00:00;;;-5;-1.7;;;;;;;;;;;;;;;;;;;41.7;69;;;;;;
SBE;01.03.08 00:00;;;-4.6;-4.1;;;;;;;;;;;;;;;;;;;144.2;178;;;;;;
SBE;01.04.08 00:00;;;-1.3;-3.8;;;;;;;;;;;;;;;;;;;143.5;108;;;;;;
SBE;01.05.08 00:00;;;7;0.2;;;;;;;;;;;;;;;;;;;183.3;109;;;;;;
SBE;01.06.08 00:00;;;10.4;-0.6;;;;;;;;;;;;;;;;;;;145.1;85;;;;;;
SBE;01.07.08 00:00;;;11.1;-1.9;;;;;;;;;;;;;;;;;;;141.8;89;;;;;;
SBE;01.08.08 00:00;;;9.3;-3.4;;;;;;;;;;;;;;;;;;;316.8;170;;;;;;
SBE;01.09.08 00:00;;;7.4;-1.4;;;;;;;;;;;;;;;;;;;72.6;45;;;;;;
SBE;01.10.08 00:00;;;5.8;1;;;;;;;;;;;;;;;;;;;92.1;51;;;;;;
SBE;01.11.08 00:00;;;-0.5;-0.7;;;;;;;;;;;;;;;;;;;41.4;25;;;;;;
SBE;01.12.08 00:00;;;-4.4;-1.6;;;;;;;;;;;;;;;;;;;25.5;29;;;;;;
SBE;01.01.09 00:00;;;-5.2;-1.6;;;;;;;;;;;;;;;;;;;5.6;7;;;;;;
SBE;01.02.09 00:00;;;-8.1;-4.8;;;;;;;;;;;;;;;;;;;86.4;144;;;;;;
SBE;01.03.09 00:00;;;-5.4;-4.9;;;;;;;;;;;;;;;;;;;164;203;;;;;;
SBE;01.04.09 00:00;;;3;0.5;;;;;;;;;;;;;;;;;;;56.7;43;;;;;;
SBE;01.05.09 00:00;;;5;-1.8;;;;;;;;;;;;;;;;;;;84.8;51;;;;;;
SBE;01.06.09 00:00;;;6.7;-4.3;;;;;;;;;;;;;;;;;;;254.3;148;;;;;;
SBE;01.07.09 00:00;;;9.5;-3.5;;;;;;;;;;;;;;;;;;;199.2;125;;;;;;
SBE;01.08.09 00:00;;;10.4;-2.3;;;;;;;;;;;;;;;;;;;194.7;104;;;;;;
SBE;01.09.09 00:00;;;6.6;-2.2;;;;;;;;;;;;;;;;;;;84.6;52;;;;;;
SBE;01.10.09 00:00;;;4.8;0;;;;;;;;;;;;;;;;;;;217.2;120;;;;;;
SBE;01.11.09 00:00;;;-2.7;-2.9;;;;;;;;;;;;;;;;;;;91.5;54;;;;;;
SBE;01.12.09 00:00;;;-3.2;-0.4;;;;;;;;;;;;;;;;;;;143.1;162;;;;;;
SBE;01.01.10 00:00;;;-4.5;-0.9;;;;;;;;;;;;;;;;;;;88.9;115;;;;;;
SBE;01.02.10 00:00;;;-5.8;-2.5;;;;;;;;;;;;;;;;;;;56.1;93;;;;;;
SBE;01.03.10 00:00;;;-2.8;-2.3;;;;;;;;;;;;;;;;;;;90.2;112;;;;;;
SBE;01.04.10 00:00;;;-0.1;-2.6;;;;;;;;;;;;;;;;;;;214;161;;;;;;
SBE;01.05.10 00:00;;;3.3;-3.5;;;;;;;;;;;;;;;;;;;124.1;74;;;;;;
SBE;01.06.10 00:00;;;8.9;-2.1;;;;;;;;;;;;;;;;;;;228.1;133;;;;;;
SBE;01.07.10 00:00;;;9.1;-3.9;;;;;;;;;;;;;;;;;;;139.3;87;;;;;;
SBE;01.08.10 00:00;;;10.3;-2.4;;;;;;;;;;;;;;;;;;;141.8;76;;;;;;
SBE;01.09.10 00:00;;;6;-2.8;;;;;;;;;;;;;;;;;;;51.9;32;;;;;;
SBE;01.10.10 00:00;;;4.5;-0.3;;;;;;;;;;;;;;;;;;;180.5;100;;;;;;
SBE;01.11.10 00:00;;;-4.4;-4.6;;;;;;;;;;;;;;;;;;;165.4;98;;;;;;
SBE;01.12.10 00:00;;;-2.3;0.5;;;;;;;;;;;;;;;;;;;172;195;;;;;;
SBE;01.01.11 00:00;;;-4.6;-1;;;;;;;;;;;;;;;;;;;10.3;13;;;;;;
SBE;01.02.11 00:00;;;-4.4;-1.1;;;;;;;;;;;;;;;;;;;28.2;47;;;;;;
SBE;01.03.11 00:00;;;-2.9;-2.4;;;;;;;;;;;;;;;;;;;127.9;158;;;;;;
SBE;01.04.11 00:00;;;0.5;-2;;;;;;;;;;;;;;;;;;;55;41;;;;;;
SBE;01.05.11 00:00;;;5;-1.8;;;;;;;;;;;;;;;;;;;83.2;50;;;;;;
SBE;01.06.11 00:00;;;8.4;-2.6;;;;;;;;;;;;;;;;;;;231.5;135;;;;;;
SBE;01.07.11 00:00;;;14.2;1.2;;;;;;;;;;;;;;;;;;;12.8;8;;;;;;
SBE;01.08.11 00:00;;;13.8;1.1;;;;;;;;;;;;;;;;;;;170;91;;;;;;
SBE;01.09.11 00:00;;;9.9;1.1;;;;;;;;;;;;;;;;;;;84.4;52;;;;;;
SBE;01.10.11 00:00;;;3.6;-1.2;;;;;;;;;;;;;;;;;;;305.8;169;;;;;;
SBE;01.11.11 00:00;;;0.2;0;;;;;;;;;;;;;;;;;;;210.9;125;;;;;;
SBE;01.12.11 00:00;;;-2.8;0;;;;;;;;;;;;;;;;;;;80.4;91;;;;;;
SBE;01.01.12 00:00;;;-3.6;0;;;;;;;;;;;;;;;;;;;62;80;;;;;;
SBE;01.02.12 00:00;;;-2.3;1;;;;;;;;;;;;;;;;;;;51;85;;;;;;
SBE;01.03.12 00:00;;;-0.7;-0.2;;;;;;;;;;;;;;;;;;;147.8;183;;;;;;
SBE;01.04.12 00:00;;;-0.2;-2.7;;;;;;;;;;;;;;;;;;;59.8;45;;;;;;
SBE;01.05.12 00:00;;;6;-0.8;;;;;;;;;;;;;;;;;;;53.4;32;;;;;;
SBE;01.06.12 00:00;;;8.9;-2.1;;;;;;;;;;;;;;;;;;;198.9;116;;;;;;
SBE;01.07.12 00:00;;;10.7;-2.3;;;;;;;;;;;;;;;;;;;178.4;112;;;;;;
SBE;01.08.12 00:00;;;7.5;-5.2;;;;;;;;;;;;;;;;;;;340.1;182;;;;;;
SBE;01.09.12 00:00;;;3.1;-5.7;;;;;;;;;;;;;;;;;;;14.6;9;;;;;;
SBE;01.10.12 00:00;;;2.7;-2.1;;;;;;;;;;;;;;;;;;;207;114;;;;;;
SBE;01.11.12 00:00;;;-4;-4.2;;;;;;;;;;;;;;;;;;;76.4;45;;;;;;
SBE;01.12.12 00:00;;;-1;1.8;;;;;;;;;;;;;;;;;;;29.6;34;;;;;;
SBE;01.01.13 00:00;;;-3.8;-0.2;;;;;;;;;;;;;;;;;;;30.2;39;;;;;;
SBE;01.02.13 00:00;;;-5;-1.7;;;;;;;;;;;;;;;;;;;15.9;26;;;;;;
SBE;01.03.13 00:00;;;-0.4;0.1;;;;;;;;;;;;;;;;;;;203.6;252;;;;;;
SBE;01.04.13 00:00;;;0.1;-2.4;;;;;;;;;;;;;;;;;;;151.8;114;;;;;;
SBE;01.05.13 00:00;;;4.7;-2.1;;;;;;;;;;;;;;;;;;;99.3;59;;;;;;
SBE;01.06.13 00:00;;;8.5;-2.5;;;;;;;;;;;;;;;;;;;83.9;49;;;;;;
SBE;01.07.13 00:00;;;8.6;-4.4;;;;;;;;;;;;;;;;;;;91.2;57;;;;;;
SBE;01.08.13 00:00;;;10;-2.7;;;;;;;;;;;;;;;;;;;129.8;69;;;;;;
SBE;01.09.13 00:00;;;6.8;-2;;;;;;;;;;;;;;;;;;;221.2;136;;;;;;
SBE;01.10.13 00:00;;;5.1;0.3;;;;;;;;;;;;;;;;;;;286.3;158;;;;;;
SBE;01.11.13 00:00;;;1.2;1;;;;;;;;;;;;;;;;;;;145.6;86;;;;;;
SBE;01.12.13 00:00;;;-3.9;-1.1;;;;;;;;;;;;;;;;;;;39.9;45;;;;;;
SBE;01.01.14 00:00;;;-6;-2.4;;;;;;;;;;;;;;;;;;;14.9;19;;;;;;
SBE;01.02.14 00:00;;;-1.6;1.7;;;;;;;;;;;;;;;;;;;121.9;202;;;;;;
SBE;01.03.14 00:00;;;-2.2;-1.7;;;;;;;;;;;;;;;;;;;137.8;171;;;;;;
SBE;01.04.14 00:00;;;3.4;0.9;;;;;;;;;;;;;;;;;;;59.3;45;;;;;;
SBE;01.05.14 00:00;;;4.2;-2.6;;;;;;;;;;;;;;;;;;;251.5;150;;;;;;
SBE;01.06.14 00:00;;;7.8;-3.2;;;;;;;;;;;;;;;;;;;165.8;97;;;;;;
SBE;01.07.14 00:00;;;9.7;-3.3;;;;;;;;;;;;;;;;;;;258.4;162;;;;;;
SBE;01.08.14 00:00;;;11.1;-1.6;;;;;;;;;;;;;;;;;;;187.1;100;;;;;;
SBE;01.09.14 00:00;;;7.4;-1.4;;;;;;;;;;;;;;;;;;;54.5;34;;;;;;
SBE;01.10.14 00:00;;;3;-1.8;;;;;;;;;;;;;;;;;;;245;136;;;;;;
SBE;01.11.14 00:00;;;-2;-2.2;;;;;;;;;;;;;;;;;;;31.3;19;;;;;;
SBE;01.12.14 00:00;;;-3.4;-0.6;;;;;;;;;;;;;;;;;;;99.1;112;;;;;;
SBE;01.01.15 00:00;;;-7.1;-3.5;;;;;;;;;;;;;;;;;;;54;70;;;;;;
SBE;01.02.15 00:00;;;-6;-2.7;;;;;;;;;;;;;;;;;;;145.1;241;;;;;;
SBE;01.03.15 00:00;;;-3.2;-2.7;;;;;;;;;;;;;;;;;;;85.4;106;;;;;;
SBE;01.04.15 00:00;;;0.6;-1.9;;;;;;;;;;;;;;;;;;;113.9;86;;;;;;
SBE;01.05.15 00:00;;;7.2;0.4;;;;;;;;;;;;;;;;;;;127;76;;;;;;
SBE;01.06.15 00:00;;;10.7;-0.3;;;;;;;;;;;;;;;;;;;117.7;69;;;;;;
SBE;01.07.15 00:00;;;10.9;-2.1;;;;;;;;;;;;;;;;;;;314.5;197;;;;;;
SBE;01.08.15 00:00;;;9.7;-3;;;;;;;;;;;;;;;;;;;50;27;;;;;;
SBE;01.09.15 00:00;;;6.5;-2.3;;;;;;;;;;;;;;;;;;;197.4;122;;;;;;
SBE;01.10.15 00:00;;;1.1;-3.7;;;;;;;;;;;;;;;;;;;31.4;17;;;;;;
SBE;01.11.15 00:00;;;-3.8;-4;;;;;;;;;;;;;;;;;;;99.5;59;;;;;;
SBE;01.12.15 00:00;;;-2.1;0.7;;;;;;;;;;;;;;;;;;;180.3;204;;;;;;
SBE;01.01.16 00:00;;;-1.7;1.9;;;;;;;;;;;;;;;;;;;16.5;21;;;;;;
SBE;01.02.16 00:00;;;-5.3;-2;;;;;;;;;;;;;;;;;;;192.9;320;;;;;;
SBE;01.03.16 00:00;;;-2.1;-1.6;;;;;;;;;;;;;;;;;;;250.8;310;;;;;;
SBE;01.04.16 00:00;;;1.5;-1;;;;;;;;;;;;;;;;;;;122.5;92;;;;;;
SBE;01.05.16 00:00;;;5.9;-0.9;;;;;;;;;;;;;;;;;;;156.1;93;;;;;;
SBE;01.06.16 00:00;;;6.8;-4.2;;;;;;;;;;;;;;;;;;;274.5;160;;;;;;
SBE;01.07.16 00:00;;;10.4;-2.6;;;;;;;;;;;;;;;;;;;132.6;83;;;;;;
SBE;01.08.16 00:00;;;10.4;-2.3;;;;;;;;;;;;;;;;;;;211.2;113;;;;;;
SBE;01.09.16 00:00;;;5.7;-3.1;;;;;;;;;;;;;;;;;;;126.5;78;;;;;;
SBE;01.10.16 00:00;;;3.4;-1.4;;;;;;;;;;;;;;;;;;;105.5;58;;;;;;
SBE;01.11.16 00:00;;;-1.1;-1.3;;;;;;;;;;;;;;;;;;;157.7;94;;;;;;
SBE;01.12.16 00:00;;;-3.4;-0.6;;;;;;;;;;;;;;;;;;;206.4;234;;;;;;
SBE;01.01.17 00:00;;;-7.3;-3.7;;;;;;;;;;;;;;;;;;;82.7;107;;;;;;
SBE;01.02.17 00:00;;;-5.9;-2.6;;;;;;;;;;;;;;;;;;;9.9;16;;;;;;
SBE;01.03.17 00:00;;;-4.6;-4.1;;;;;;;;;;;;;;;;;;;129.9;161;;;;;;
SBE;01.04.17 00:00;;;-2.6;-5.1;;;;;;;;;;;;;;;;;;;217.9;164;;;;;;
SBE;01.05.17 00:00;;;7.1;0.3;;;;;;;;;;;;;;;;;;;245.1;146;;;;;;
SBE;01.06.17 00:00;;;10.8;-0.2;;;;;;;;;;;;;;;;;;;73.4;43;;;;;;
SBE;01.07.17 00:00;;;11.5;-1.5;;;;;;;;;;;;;;;;;;;166.1;104;;;;;;
SBE;01.08.17 00:00;;;10.1;-2.6;;;;;;;;;;;;;;;;;;;344.6;184;;;;;;
SBE;01.09.17 00:00;;;10.7;1.9;;;;;;;;;;;;;;;;;;;37.8;23;;;;;;
SBE;01.10.17 00:00;;;1.1;-3.7;;;;;;;;;;;;;;;;;;;271.7;150;;;;;;
SBE;01.11.17 00:00;;;-0.7;-0.9;;;;;;;;;;;;;;;;;;;15;9;;;;;;
SBE;01.12.17 00:00;;;-6.4;-3.6;;;;;;;;;;;;;;;;;;;50.7;57;;;;;;
SBE;01.01.18 00:00;;;-4;-0.4;;;;;;;;;;;;;;;;;;;79.9;104;;;;;;
SBE;01.02.18 00:00;;;-2.8;0.5;;;;;;;;;;;;;;;;;;;23.1;38;;;;;;
SBE;01.03.18 00:00;;;-2.3;-1.8;;;;;;;;;;;;;;;;;;;147.8;183;;;;;;
SBE;01.04.18 00:00;;;1.4;-1.1;;;;;;;;;;;;;;;;;;;288.8;217;;;;;;
SBE;01.05.18 00:00;;;6.4;-0.4;;;;;;;;;;;;;;;;;;;84.6;50;;;;;;
SBE;01.06.18 00:00;;;7.1;-3.9;;;;;;;;;;;;;;;;;;;176.9;103;;;;;;
SBE;01.07.18 00:00;;;11.2;-1.8;;;;;;;;;;;;;;;;;;;150.2;94;;;;;;
SBE;01.08.18 00:00;;;10.6;-2.1;;;;;;;;;;;;;;;;;;;144.1;77;;;;;;
SBE;01.09.18 00:00;;;8.8;0;;;;;;;;;;;;;;;;;;;315.1;194;;;;;;
SBE;01.10.18 00:00;;;2.3;-2.5;;;;;;;;;;;;;;;;;;;129.9;72;;;;;;
SBE;01.11.18 00:00;;;-1.4;-1.6;;;;;;;;;;;;;;;;;;;57.3;34;;;;;;
SBE;01.12.18 00:00;;;-1.1;1.7;;;;;;;;;;;;;;;;;;;94;106;;;;;;
SBE;01.01.19 00:00;;;-5.9;-2.3;;;;;;;;;;;;;;;;;;;165.4;215;;;;;;
SBE;01.02.19 00:00;;;-6;-2.7;;;;;;;;;;;;;;;;;;;88.5;147;;;;;;
SBE;01.03.19 00:00;;;-3.4;-2.9;;;;;;;;;;;;;;;;;;;118.8;147;;;;;;
SBE;01.04.19 00:00;;;-1;-3.5;;;;;;;;;;;;;;;;;;;177.1;133;;;;;;
SBE;01.05.19 00:00;;;4.4;-2.4;;;;;;;;;;;;;;;;;;;7.3;4;;;;;;
SBE;01.06.19 00:00;;;9.7;-1.3;;;;;;;;;;;;;;;;;;;45.8;27;;;;;;
SBE;01.07.19 00:00;;;8.3;-4.7;;;;;;;;;;;;;;;;;;;230.4;145;;;;;;
SBE;01.08.19 00:00;;;12.6;-0.1;;;;;;;;;;;;;;;;;;;61.1;33;;;;;;
SBE;01.09.19 00:00;;;9.3;0.5;;;;;;;;;;;;;;;;;;;185.1;114;;;;;;
SBE;01.10.19 00:00;;;-0.1;-4.9;;;;;;;;;;;;;;;;;;;49.1;27;;;;;;
SBE;01.11.19 00:00;;;-4.2;-4.4;;;;;;;;;;;;;;;;;;;217.5;129;;;;;;
SBE;01.12.19 00:00;;;-3.3;-0.5;;;;;;;;;;;;;;;;;;;65.6;74;;;;;;
SBE;01.01.20 00:00;;;-1.9;1.7;;;;;;;;;;;;;;;;;;;81.7;106;;;;;;
SBE;01.02.20 00:00;;;-1.8;1.5;;;;;;;;;;;;;;;;;;;9.5;16;;;;;;
SBE;01.03.20 00:00;;;0.1;0.6;;;;;;;;;;;;;;;;;;;188.1;233;;;;;;
SBE;01.04.20 00:00;;;1.4;-1.1;;;;;;;;;;;;;;;;;;;256.8;193;;;;;;
SBE;01.05.20 00:00;;;8.2;1.4;;;;;;;;;;;;;;;;;;;102.3;61;;;;;;
SBE;01.06.20 00:00;;;9.5;-1.5;;;;;;;;;;;;;;;;;;;110.6;64;;;;;;
SBE;01.07.20 00:00;;;11.3;-1.7;;;;;;;;;;;;;;;;;;;235.9;148;;;;;;
SBE;01.08.20 00:00;;;9;-3.7;;;;;;;;;;;;;;;;;;;121.3;65;;;;;;
SBE;01.09.20 00:00;;;8.1;-0.7;;;;;;;;;;;;;;;;;;;396.7;244;;;;;;
SBE;01.10.20 00:00;;;4.1;-0.7;;;;;;;;;;;;;;;;;;;106.4;59;;;;;;
SBE;01.11.20 00:00;;;0.6;0.4;;;;;;;;;;;;;;;;;;;76.3;45;;;;;;
SBE;01.12.20 00:00;;;-2.8;0;;;;;;;;;;;;;;;;;;;24.2;27;;;;;;
SBE;01.01.21 00:00;;;-1.9;1.7;;;;;;;;;;;;;;;;;;;109.4;142;;;;;;
SBE;01.02.21 00:00;;;-4.6;-1.3;;;;;;;;;;;;;;;;;;;26.5;44;;;;;;
SBE;01.03.21 00:00;;;-0.8;-0.3;;;;;;;;;;;;;;;;;;;59.5;74;;;;;;
SBE;01.04.21 00:00;;;0.2;-2.3;;;;;;;;;;;;;;;;;;;85.8;64;;;;;;
SBE;01.05.21 00:00;;;6.8;0;;;;;;;;;;;;;;;;;;;177.3;106;;;;;;
SBE;01.06.21 00:00;;;9.8;-1.2;;;;;;;;;;;;;;;;;;;71.7;42;;;;;;
SBE;01.07.21 00:00;;;13.9;0.9;;;;;;;;;;;;;;;;;;;62.1;39;;;;;;
SBE;01.08.21 00:00;;;11.1;-1.6;;;;;;;;;;;;;;;;;;;278;149;;;;;;
SBE;01.09.21 00:00;;;10.3;1.5;;;;;;;;;;;;;;;;;;;41;25;;;;;;
SBE;01.10.21 00:00;;;7.7;2.9;;;;;;;;;;;;;;;;;;;6.5;4;;;;;;
SBE;01.11.21 00:00;;;-2.1;-2.3;;;;;;;;;;;;;;;;;;;31.1;18;;;;;;
SBE;01.12.21 00:00;;;-2.3;0.5;;;;;;;;;;;;;;;;;;;7.2;8;;;;;;
SBE;01.01.22 00:00;;;-6.3;-2.7;;;;;;;;;;;;;;;;;;;61.7;80;;;;;;
SBE;01.02.22 00:00;;;-3.3;0;;;;;;;;;;;;;;;;;;;25;42;;;;;;
SBE;01.03.22 00:00;;;-0.8;-0.3;;;;;;;;;;;;;;;;;;;406.3;503;;;;;;
SBE;01.04.22 00:00;;;-0.4;-2.9;;;;;;;;;;;;;;;;;;;223.4;168;;;;;;
SBE;01.05.22 00:00;;;7.7;0.9;;;;;;;;;;;;;;;;;;;84.6;50;;;;;;
SBE;01.06.22 00:00;;;10;-1;;;;;;;;;;;;;;;;;;;152.7;89;;;;;;
SBE;01.07.22 00:00;;;10.2;-2.8;;;;;;;;;;;;;;;;;;;254;159;;;;;;
SBE;01.08.22 00:00;;;11.2;-1.5;;;;;;;;;;;;;;;;;;;252;135;;;;;;
SBE;01.09.22 00:00;;;5.7;-3.1;;;;;;;;;;;;;;;;;;;232.3;143;;;;;;
SBE;01.10.22 00:00;;;2.8;-2;;;;;;;;;;;;;;;;;;;158.3;88;;;;;;
SBE;01.11.22 00:00;;;-2.9;-3.1;;;;;;;;;;;;;;;;;;;18.8;11;;;;;;
SBE;01.12.22 00:00;;;-3.5;-0.7;;;;;;;;;;;;;;;;;;;140;159;;;;;;
SBE;01.01.23 00:00;;;-5.5;-1.9;;;;;;;;;;;;;;;;;;;12.3;16;;;;;;
SBE;01.02.23 00:00;;;-3.3;0;;;;;;;;;;;;;;;;;;;11.9;20;;;;;;
SBE;01.03.23 00:00;;;-1.7;-1.2;;;;;;;;;;;;;;;;;;;22.4;28;;;;;;
SBE;01.04.23 00:00;;;1.4;-1.1;;;;;;;;;;;;;;;;;;;192.9;145;;;;;;
SBE;01.05.23 00:00;;;5.9;-0.9;;;;;;;;;;;;;;;;;;;289.3;173;;;;;;
SBE;01.06.23 00:00;;;6.4;-4.6;;;;;;;;;;;;;;;;;;;52.1;30;;;;;;
SBE;01.07.23 00:00;;;14.2;1.2;;;;;;;;;;;;;;;;;;;102;64;;;;;;
SBE;01.08.23 00:00;;;12.9;0.2;;;;;;;;;;;;;;;;;;;209.5;112;;;;;;
SBE;01.09.23 00:00;;;7.5;-1.3;;;;;;;;;;;;;;;;;;;159.1;98;;;;;;
SBE;01.10.23 00:00;;;5.3;0.5;;;;;;;;;;;;;;;;;;;404;223;;;;;;
SBE;01.11.23 00:00;;;-0.7;-0.9;;;;;;;;;;;;;;;;;;;238.7;142;;;;;;
SBE;01.12.23 00:00;;;-5.6;-2.8;;;;;;;;;;;;;;;;;;;47.3;54;;;;;;
SBE;01.01.24 00:00;;;-4.9;-1.3;;;;;;;;;;;;;;;;;;;32.6;42;;;;;;
SBE;01.02.24 00:00;;;-7;-3.7;;;;;;;;;;;;;;;;;;;46.5;77;;;;;;
SBE;01.03.24 00:00;;;-1.8;-1.3;;;;;;;;;;;;;;;;;;;113.4;140;;;;;;
SBE;01.04.24 00:00;;;1.8;-0.7;;;;;;;;;;;;;;;;;;;115.9;87;;;;;;
SBE;01.05.24 00:00;;;6.8;0;;;;;;;;;;;;;;;;;;;109.5;65;;;;;;
SBE;01.06.24 00:00;;;9.4;-1.6;;;;;;;;;;;;;;;;;;;157.4;92;;;;;;
SBE;01.07.24 00:00;;;11.9;-1.1;;;;;;;;;;;;;;;;;;;192.1;121;;;;;;
SBE;01.08.24 00:00;;;8.2;-4.5;;;;;;;;;;;;;;;;;;;280.2;150;;;;;;
SBE;01.09.24 00:00;;;8.1;-0.7;;;;;;;;;;;;;;;;;;;233.6;144;;;;;;
SBE;01.10.24 00:00;;;4.3;-0.5;;;;;;;;;;;;;;;;;;;94;52;;;;;;
SBE;01.11.24 00:00;;;0.9;0.7;;;;;;;;;;;;;;;;;;;73.9;44;;;;;;
SBE;01.12.24 00:00;;;-2.1;0.7;;;;;;;;;;;;;;;;;;;93.3;106;;;;;;
SBE;01.01.25 00:00;;;-1.9;1.7;;;;;;;;;;;;;;;;;;;23.2;30;;;;;;
SBE;01.02.25 00:00;;;-4.4;-1.1;;;;;;;;;;;;;;;;;;;241.9;402;;;;;;
SBE;01.03.25 00:00;;;-5.3;-4.8;;;;;;;;;;;;;;;;;;;126.2;156;;;;;;
SBE;01.04.25 00:00;;;1.4;-1.1;;;;;;;;;;;;;;;;;;;103.3;78;;;;;;
SBE;01.05.25 00:00;;;5.7;-1.1;;;;;;;;;;;;;;;;;;;227.4;136;;;;;;
SBE;01.06.25 00:00;;;10.5;-0.5;;;;;;;;;;;;;;;;;;;16;9;;;;;;
SBE;01.07.25 00:00;;;10.8;-2.2;;;;;;;;;;;;;;;;;;;212;133;;;;;;
SBE;01.08.25 00:00;;;10.6;-2.1;;;;;;;;;;;;;;;;;;;181.4;97;;;;;;
SBE;01.09.25 00:00;;;5.4;-3.4;;;;;;;;;;;;;;;;;;;236.1;145;;;;;;
SBE;01.10.25 00:00;;;5;0.2;;;;;;;;;;;;;;;;;;;111.7;62;;;;;;
SBE;01.11.25 00:00;;;-1.3;-1.5;;;;;;;;;;;;;;;;;;;70.2;42;;;;;;
SBE;01.12.25 00:00;;;-5;-2.2;;;;;;;;;;;;;;;;;;;90.1;102;;;;;;
SBE;01.01.26 00:00;;;-5.1;-1.5;;;;;;;;;;;;;;;;;;;45.1;58;;;;;;
SBE;01.02.26 00:00;;;-0.3;3;;;;;;;;;;;;;;;;;;;174.5;290;;;;;;
SBE;01.03.26 00:00;;;-1.3;-0.8;;;;;;;;;;;;;;;;;;;143.7;178;;;;;;
SBE;01.04.26 00:00;;;2.7;0.2;;;;;;;;;;;;;;;;;;;137.8;103;;;;;;
SBE;01.05.26 00:00;;;4;-2.8;;;;;;;;;;;;;;;;;;;329.4;196;;;;;;
SBE;01.06.26 00:00;;;6.7;-4.3;;;;;;;;;;;;;;;;;;;131.4;77;;;;;;
SBE;01.07.26 00:00;;;10.5;-2.5;;;;;;;;;;;;;;;;;;;113;71;;;;;;
SBE;01.08.26 00:00;;;12.3;-0.4;;;;;;;;;;;;;;;;;;;101.5;54;;;;;;
SBE;01.09.26 00:00;;;10.5;1.7;;;;;;;;;;;;;;;;;;;61.3;38;;;;;;
SBE;01.10.26 00:00;;;4.3;-0.5;;;;;;;;;;;;;;;;;;;307.2;170;;;;;;
SBE;01.11.26 00:00;;;1;0.8;;;;;;;;;;;;;;;;;;;524.2;311;;;;;;
SBE;01.12.26 00:00;;;-3.8;-1;;;;;;;;;;;;;;;;;;;8.4;10;;;;;;
SBE;01.01.27 00:00;;;-4.7;-1.1;;;;;;;;;;;;;;;;;;;112.4;146;;;;;;
SBE;01.02.27 00:00;;;-4.2;-0.9;;;;;;;;;;;;;;;;;;;73.1;121;;;;;;
SBE;01.03.27 00:00;;;-1.9;-1.4;;;;;;;;;;;;;;;;;;;175.4;217;;;;;;
SBE;01.04.27 00:00;;;2.5;0;;;;;;;;;;;;;;;;;;;123.2;92;;;;;;
SBE;01.05.27 00:00;;;6.6;-0.2;;;;;;;;;;;;;;;;;;;49.9;30;;;;;;
SBE;01.06.27 00:00;;;9.4;-1.6;;;;;;;;;;;;;;;;;;;239.1;139;;;;;;
SBE;01.07.27 00:00;;;11.5;-1.5;;;;;;;;;;;;;;;;;;;156.7;98;;;;;;
SBE;01.08.27 00:00;;;11.1;-1.6;;;;;;;;;;;;;;;;;;;156.4;84;;;;;;
SBE;01.09.27 00:00;;;8.1;-0.7;;;;;;;;;;;;;;;;;;;353.4;218;;;;;;
SBE;01.10.27 00:00;;;5.3;0.5;;;;;;;;;;;;;;;;;;;43.1;24;;;;;;
SBE;01.11.27 00:00;;;0.6;0.4;;;;;;;;;;;;;;;;;;;315.1;187;;;;;;
SBE;01.12.27 00:00;;;-3.5;-0.7;;;;;;;;;;;;;;;;;;;86.2;98;;;;;;
SBE;01.01.28 00:00;;;-4;-0.4;;;;;;;;;;;;;;;;;;;23.9;31;;;;;;
SBE;01.02.28 00:00;;;-3;0.3;;;;;;;;;;;;;;;;;;;18.7;31;;;;;;
SBE;01.03.28 00:00;;;-2.1;-1.6;;;;;;;;;;;;;;;;;;;163.3;202;;;;;;
SBE;01.04.28 00:00;;;1.3;-1.2;;;;;;;;;;;;;;;;;;;268.2;201;;;;;;
SBE;01.05.28 00:00;;;3.4;-3.4;;;;;;;;;;;;;;;;;;;249.9;149;;;;;;
SBE;01.06.28 00:00;;;9;-2;;;;;;;;;;;;;;;;;;;169.7;99;;;;;;
SBE;01.07.28 00:00;;;15.2;2.2;;;;;;;;;;;;;;;;;;;64.7;41;;;;;;
SBE;01.08.28 00:00;;;12.8;0.1;;;;;;;;;;;;;;;;;;;299.8;160;;;;;;
SBE;01.09.28 00:00;;;7.8;-1;;;;;;;;;;;;;;;;;;;51.8;32;;;;;;
SBE;01.10.28 00:00;;;4;-0.8;;;;;;;;;;;;;;;;;;;463.8;257;;;;;;
SBE;01.11.28 00:00;;;-0.4;-0.6;;;;;;;;;;;;;;;;;;;169.1;100;;;;;;
SBE;01.12.28 00:00;;;-5;-2.2;;;;;;;;;;;;;;;;;;;65.6;74;;;;;;
SBE;01.01.29 00:00;;;-7.7;-4.1;;;;;;;;;;;;;;;;;;;8.6;11;;;;;;
SBE;01.02.29 00:00;;;-8.6;-5.3;;;;;;;;;;;;;;;;;;;1.3;2;;;;;;
SBE;01.03.29 00:00;;;-0.4;0.1;;;;;;;;;;;;;;;;;;;4.3;5;;;;;;
SBE;01.04.29 00:00;;;-0.9;-3.4;;;;;;;;;;;;;;;;;;;341.8;257;;;;;;
SBE;01.05.29 00:00;;;6;-0.8;;;;;;;;;;;;;;;;;;;144.8;86;;;;;;
SBE;01.06.29 00:00;;;10.8;-0.2;;;;;;;;;;;;;;;;;;;105.2;61;;;;;;
SBE;01.07.29 00:00;;;12.9;-0.1;;;;;;;;;;;;;;;;;;;93.1;58;;;;;;
SBE;01.08.29 00:00;;;11.1;-1.6;;;;;;;;;;;;;;;;;;;199.5;107;;;;;;
SBE;01.09.29 00:00;;;10.8;2;;;;;;;;;;;;;;;;;;;43.6;27;;;;;;
SBE;01.10.29 00:00;;;4;-0.8;;;;;;;;;;;;;;;;;;;231.4;128;;;;;;
SBE;01.11.29 00:00;;;-1.3;-1.5;;;;;;;;;;;;;;;;;;;132.5;79;;;;;;
SBE;01.12.29 00:00;;;-3.5;-0.7;;;;;;;;;;;;;;;;;;;104.1;118;;;;;;
SBE;01.01.30 00:00;;;-2;1.6;;;;;;;;;;;;;;;;;;;88.1;114;;;;;;
SBE;01.02.30 00:00;;;-6.2;-2.9;;;;;;;;;;;;;;;;;;;22.4;37;;;;;;
SBE;01.03.30 00:00;;;-1.6;-1.1;;;;;;;;;;;;;;;;;;;153.2;190;;;;;;
SBE;01.04.30 00:00;;;1.5;-1;;;;;;;;;;;;;;;;;;;206.4;155;;;;;;
SBE;01.05.30 00:00;;;4.6;-2.2;;;;;;;;;;;;;;;;;;;198.3;118;;;;;;
SBE;01.06.30 00:00;;;11.8;0.8;;;;;;;;;;;;;;;;;;;165;96;;;;;;
SBE;01.07.30 00:00;;;10.3;-2.7;;;;;;;;;;;;;;;;;;;230.6;145;;;;;;
SBE;01.08.30 00:00;;;11.2;-1.5;;;;;;;;;;;;;;;;;;;160.3;86;;;;;;
SBE;01.09.30 00:00;;;8.6;-0.2;;;;;;;;;;;;;;;;;;;207.1;128;;;;;;
SBE;01.10.30 00:00;;;3.4;-1.4;;;;;;;;;;;;;;;;;;;42.7;24;;;;;;
SBE;01.11.30 00:00;;;1.4;1.2;;;;;;;;;;;;;;;;;;;184.3;109;;;;;;
SBE;01.12.30 00:00;;;-3.2;-0.4;;;;;;;;;;;;;;;;;;;38.2;43;;;;;;
SBE;01.01.31 00:00;;;-6.3;-2.7;;;;;;;;;;;;;;;;;;;70.7;92;;;;;;
SBE;01.02.31 00:00;;;-7.1;-3.8;;;;;;;;;;;;;;;;;;;121.4;202;;;;;;
SBE;01.03.31 00:00;;;-3.2;-2.7;;;;;;;;;;;;;;;;;;;86.2;107;;;;;;
SBE;01.04.31 00:00;;;0.4;-2.1;;;;;;;;;;;;;;;;;;;130.6;98;;;;;;
SBE;01.05.31 00:00;;;6.9;0.1;;;;;;;;;;;;;;;;;;;248.2;148;;;;;;
SBE;01.06.31 00:00;;;12.1;1.1;;;;;;;;;;;;;;;;;;;104.4;61;;;;;;
SBE;01.07.31 00:00;;;11.8;-1.2;;;;;;;;;;;;;;;;;;;217.2;136;;;;;;
SBE;01.08.31 00:00;;;9.9;-2.8;;;;;;;;;;;;;;;;;;;297.5;159;;;;;;
SBE;01.09.31 00:00;;;3.9;-4.9;;;;;;;;;;;;;;;;;;;127.1;78;;;;;;
SBE;01.10.31 00:00;;;3.9;-0.9;;;;;;;;;;;;;;;;;;;106.6;59;;;;;;
SBE;01.11.31 00:00;;;0.7;0.5;;;;;;;;;;;;;;;;;;;221;131;;;;;;
SBE;01.12.31 00:00;;;-4;-1.2;;;;;;;;;;;;;;;;;;;18.6;21;;;;;;
SBE;01.01.32 00:00;;;-1.7;1.9;;;;;;;;;;;;;;;;;;;73;95;;;;;;
SBE;01.02.32 00:00;;;-8.1;-4.8;;;;;;;;;;;;;;;;;;;2.8;5;;;;;;
SBE;01.03.32 00:00;;;-4.1;-3.6;;;;;;;;;;;;;;;;;;;47.3;59;;;;;;
SBE;01.04.32 00:00;;;-1.3;-3.8;;;;;;;;;;;;;;;;;;;202.8;152;;;;;;
SBE;01.05.32 00:00;;;4.8;-2;;;;;;;;;;;;;;;;;;;286.7;171;;;;;;
SBE;01.06.32 00:00;;;8.1;-2.9;;;;;;;;;;;;;;;;;;;171.8;100;;;;;;
SBE;01.07.32 00:00;;;10.5;-2.5;;;;;;;;;;;;;;;;;;;217.1;136;;;;;;
SBE;01.08.32 00:00;;;14.1;1.4;;;;;;;;;;;;;;;;;;;68.3;37;;;;;;
SBE;01.09.32 00:00;;;10.9;2.1;;;;;;;;;;;;;;;;;;;346.9;214;;;;;;
SBE;01.10.32 00:00;;;3;-1.8;;;;;;;;;;;;;;;;;;;119.9;66;;;;;;
SBE;01.11.32 00:00;;;1.2;1;;;;;;;;;;;;;;;;;;;45.1;27;;;;;;
SBE;01.12.32 00:00;;;-2.1;0.7;;;;;;;;;;;;;;;;;;;129.4;147;;;;;;
SBE;01.01.33 00:00;;;-6.9;-3.3;;;;;;;;;;;;;;;;;;;55.4;72;;;;;;
SBE;01.02.33 00:00;;;-5.2;-1.9;;;;;;;;;;;;;;;;;;;9.2;15;;;;;;
SBE;01.03.33 00:00;;;-1.4;-0.9;;;;;;;;;;;;;;;;;;;94.4;117;;;;;;
SBE;01.04.33 00:00;;;1.8;-0.7;;;;;;;;;;;;;;;;;;;80.7;61;;;;;;
SBE;01.05.33 00:00;;;3.6;-3.2;;;;;;;;;;;;;;;;;;;102.2;61;;;;;;
SBE;01.06.33 00:00;;;7.1;-3.9;;;;;;;;;;;;;;;;;;;254.2;148;;;;;;
SBE;01.07.33 00:00;;;12.8;-0.2;;;;;;;;;;;;;;;;;;;136;85;;;;;;
SBE;01.08.33 00:00;;;12.8;0.1;;;;;;;;;;;;;;;;;;;63.6;34;;;;;;
SBE;01.09.33 00:00;;;8.7;-0.1;;;;;;;;;;;;;;;;;;;194.1;120;;;;;;
SBE;01.10.33 00:00;;;3.6;-1.2;;;;;;;;;;;;;;;;;;;195.4;108;;;;;;
SBE;01.11.33 00:00;;;-2.9;-3.1;;;;;;;;;;;;;;;;;;;141.2;84;;;;;;
SBE;01.12.33 00:00;;;-5.7;-2.9;;;;;;;;;;;;;;;;;;;46.7;53;;;;;;
SBE;01.01.34 00:00;;;-4.6;-1;;;;;;;;;;;;;;;;;;;14.9;19;;;;;;
SBE;01.02.34 00:00;;;-2.6;0.7;;;;;;;;;;;;;;;;;;;86.8;144;;;;;;
SBE;01.03.34 00:00;;;-2.5;-2;;;;;;;;;;;;;;;;;;;195.8;242;;;;;;
SBE;01.04.34 00:00;;;2.8;0.3;;;;;;;;;;;;;;;;;;;268.3;201;;;;;;
SBE;01.05.34 00:00;;;7.8;1;;;;;;;;;;;;;;;;;;;60.5;36;;;;;;
SBE;01.06.34 00:00;;;9.1;-1.9;;;;;;;;;;;;;;;;;;;129.4;75;;;;;;
SBE;01.07.34 00:00;;;13.1;0.1;;;;;;;;;;;;;;;;;;;53.4;34;;;;;;
SBE;01.08.34 00:00;;;10.4;-2.3;;;;;;;;;;;;;;;;;;;284.2;152;;;;;;
SBE;01.09.34 00:00;;;9.9;1.1;;;;;;;;;;;;;;;;;;;43.7;27;;;;;;
SBE;01.10.34 00:00;;;4.2;-0.6;;;;;;;;;;;;;;;;;;;100.5;56;;;;;;
SBE;01.11.34 00:00;;;-0.7;-0.9;;;;;;;;;;;;;;;;;;;304.6;181;;;;;;
SBE;01.12.34 00:00;;;-1.2;1.6;;;;;;;;;;;;;;;;;;;100.9;114;;;;;;
SBE;01.01.35 00:00;;;-7.7;-4.1;;;;;;;;;;;;;;;;;;;26.6;35;;;;;;
SBE;01.02.35 00:00;;;-4.7;-1.4;;;;;;;;;;;;;;;;;;;146.9;244;;;;;;
SBE;01.03.35 00:00;;;-4.2;-3.7;;;;;;;;;;;;;;;;;;;2.9;4;;;;;;
SBE;01.04.35 00:00;;;0;-2.5;;;;;;;;;;;;;;;;;;;145.2;109;;;;;;
SBE;01.05.35 00:00;;;3.3;-3.5;;;;;;;;;;;;;;;;;;;133.3;79;;;;;;
SBE;01.06.35 00:00;;;11.6;0.6;;;;;;;;;;;;;;;;;;;106.7;62;;;;;;
SBE;01.07.35 00:00;;;13;0;;;;;;;;;;;;;;;;;;;105.6;66;;;;;;
SBE;01.08.35 00:00;;;10.6;-2.1;;;;;;;;;;;;;;;;;;;401.4;215;;;;;;
SBE;01.09.35 00:00;;;9;0.2;;;;;;;;;;;;;;;;;;;59.5;37;;;;;;
SBE;01.10.35 00:00;;;3.3;-1.5;;;;;;;;;;;;;;;;;;;342.8;190;;;;;;
SBE;01.11.35 00:00;;;-0.4;-0.6;;;;;;;;;;;;;;;;;;;334.4;198;;;;;;
SBE;01.12.35 00:00;;;-5.4;-2.6;;;;;;;;;;;;;;;;;;;196;222;;;;;;
SBE;01.01.36 00:00;;;-3;0.6;;;;;;;;;;;;;;;;;;;109.5;142;;;;;;
SBE;01.02.36 00:00;;;-4.8;-1.5;;;;;;;;;;;;;;;;;;;63.9;106;;;;;;
SBE;01.03.36 00:00;;;-1.3;-0.8;;;;;;;;;;;;;;;;;;;121.3;150;;;;;;
SBE;01.04.36 00:00;;;0.9;-1.6;;;;;;;;;;;;;;;;;;;211.4;159;;;;;;
SBE;01.05.36 00:00;;;6.3;-0.5;;;;;;;;;;;;;;;;;;;124.1;74;;;;;;
SBE;01.06.36 00:00;;;9.1;-1.9;;;;;;;;;;;;;;;;;;;160.8;94;;;;;;
SBE;01.07.36 00:00;;;10.3;-2.7;;;;;;;;;;;;;;;;;;;515;323;;;;;;
SBE;01.08.36 00:00;;;11.8;-0.9;;;;;;;;;;;;;;;;;;;60.2;32;;;;;;
SBE;01.09.36 00:00;;;7.9;-0.9;;;;;;;;;;;;;;;;;;;130.2;80;;;;;;
SBE;01.10.36 00:00;;;0.6;-4.2;;;;;;;;;;;;;;;;;;;15.8;9;;;;;;
SBE;01.11.36 00:00;;;-0.6;-0.8;;;;;;;;;;;;;;;;;;;153;91;;;;;;
SBE;01.12.36 00:00;;;-2.1;0.7;;;;;;;;;;;;;;;;;;;72.1;82;;;;;;
SBE;01.01.37 00:00;;;-3.4;0.2;;;;;;;;;;;;;;;;;;;40.5;53;;;;;;
SBE;01.02.37 00:00;;;-3;0.3;;;;;;;;;;;;;;;;;;;104.5;174;;;;;;
SBE;01.03.37 00:00;;;-3.8;-3.3;;;;;;;;;;;;;;;;;;;297.7;368;;;;;;
SBE;01.04.37 00:00;;;0.7;-1.8;;;;;;;;;;;;;;;;;;;66;50;;;;;;
SBE;01.05.37 00:00;;;7.2;0.4;;;;;;;;;;;;;;;;;;;200;119;;;;;;
SBE;01.06.37 00:00;;;10.2;-0.8;;;;;;;;;;;;;;;;;;;92.2;54;;;;;;
SBE;01.07.37 00:00;;;12.5;-0.5;;;;;;;;;;;;;;;;;;;161;101;;;;;;
SBE;01.08.37 00:00;;;11;-1.7;;;;;;;;;;;;;;;;;;;59.5;32;;;;;;
SBE;01.09.37 00:00;;;7.2;-1.6;;;;;;;;;;;;;;;;;;;224.4;138;;;;;;
SBE;01.10.37 00:00;;;4.3;-0.5;;;;;;;;;;;;;;;;;;;239.6;133;;;;;;
SBE;01.11.37 00:00;;;-1.2;-1.4;;;;;;;;;;;;;;;;;;;55.5;33;;;;;;
SBE;01.12.37 00:00;;;-6.1;-3.3;;;;;;;;;;;;;;;;;;;143.2;162;;;;;;
SBE;01.01.38 00:00;;;-5.2;-1.6;;;;;;;;;;;;;;;;;;;34.2;44;;;;;;
SBE;01.02.38 00:00;;;-4.1;-0.8;;;;;;;;;;;;;;;;;;;8.8;15;;;;;;
SBE;01.03.38 00:00;;;1.3;1.8;;;;;;;;;;;;;;;;;;;27;33;;;;;;
SBE;01.04.38 00:00;;;-1.7;-4.2;;;;;;;;;;;;;;;;;;;60.8;46;;;;;;
SBE;01.05.38 00:00;;;3.5;-3.3;;;;;;;;;;;;;;;;;;;262;156;;;;;;
SBE;01.06.38 00:00;;;11;0;;;;;;;;;;;;;;;;;;;197.3;115;;;;;;
SBE;01.07.38 00:00;;;11.2;-1.8;;;;;;;;;;;;;;;;;;;202.4;127;;;;;;
SBE;01.08.38 00:00;;;10.6;-2.1;;;;;;;;;;;;;;;;;;;132.6;71;;;;;;
SBE;01.09.38 00:00;;;7.9;-0.9;;;;;;;;;;;;;;;;;;;136.5;84;;;;;;
SBE;01.10.38 00:00;;;4.7;-0.1;;;;;;;;;;;;;;;;;;;82;45;;;;;;
SBE;01.11.38 00:00;;;2.5;2.3;;;;;;;;;;;;;;;;;;;143.5;85;;;;;;
SBE;01.12.38 00:00;;;-5.1;-2.3;;;;;;;;;;;;;;;;;;;93.7;106;;;;;;
SBE;01.01.39 00:00;;;-4.2;-0.6;;;;;;;;;;;;;;;;;;;197.5;256;;;;;;
SBE;01.02.39 00:00;;;-1.7;1.6;;;;;;;;;;;;;;;;;;;54.4;90;;;;;;
SBE;01.03.39 00:00;;;-5.8;-5.3;;;;;;;;;;;;;;;;;;;23.9;30;;;;;;
SBE;01.04.39 00:00;;;3;0.5;;;;;;;;;;;;;;;;;;;369.4;277;;;;;;
SBE;01.05.39 00:00;;;3;-3.8;;;;;;;;;;;;;;;;;;;246.5;147;;;;;;
SBE;01.06.39 00:00;;;9.4;-1.6;;;;;;;;;;;;;;;;;;;218.3;127;;;;;;
SBE;01.07.39 00:00;;;10.7;-2.3;;;;;;;;;;;;;;;;;;;248.9;156;;;;;;
SBE;01.08.39 00:00;;;11.1;-1.6;;;;;;;;;;;;;;;;;;;214.4;115;;;;;;
SBE;01.09.39 00:00;;;8.1;-0.7;;;;;;;;;;;;;;;;;;;96.4;59;;;;;;
SBE;01.10.39 00:00;;;1.9;-2.9;;;;;;;;;;;;;;;;;;;303;168;;;;;;
SBE;01.11.39 00:00;;;0.9;0.7;;;;;;;;;;;;;;;;;;;116.6;69;;;;;;
SBE;01.12.39 00:00;;;-4.8;-2;;;;;;;;;;;;;;;;;;;73.8;84;;;;;;
SBE;01.01.40 00:00;;;-6.4;-2.8;;;;;;;;;;;;;;;;;;;10.4;13;;;;;;
SBE;01.02.40 00:00;;;-3.6;-0.3;;;;;;;;;;;;;;;;;;;13.8;23;;;;;;
SBE;01.03.40 00:00;;;-2.7;-2.2;;;;;;;;;;;;;;;;;;;136;168;;;;;;
SBE;01.04.40 00:00;;;0.8;-1.7;;;;;;;;;;;;;;;;;;;163.8;123;;;;;;
SBE;01.05.40 00:00;;;5.4;-1.4;;;;;;;;;;;;;;;;;;;105.8;63;;;;;;
SBE;01.06.40 00:00;;;8.6;-2.4;;;;;;;;;;;;;;;;;;;196.5;115;;;;;;
SBE;01.07.40 00:00;;;10.1;-2.9;;;;;;;;;;;;;;;;;;;231.1;145;;;;;;
SBE;01.08.40 00:00;;;10;-2.7;;;;;;;;;;;;;;;;;;;39.2;21;;;;;;
SBE;01.09.40 00:00;;;8.6;-0.2;;;;;;;;;;;;;;;;;;;157.6;97;;;;;;
SBE;01.10.40 00:00;;;3.4;-1.4;;;;;;;;;;;;;;;;;;;119.7;66;;;;;;
SBE;01.11.40 00:00;;;-0.7;-0.9;;;;;;;;;;;;;;;;;;;221.7;132;;;;;;
SBE;01.12.40 00:00;;;-7.5;-4.7;;;;;;;;;;;;;;;;;;;37.2;42;;;;;;
SBE;01.01.41 00:00;;;-6.2;-2.6;;;;;;;;;;;;;;;;;;;94;122;;;;;;
SBE;01.02.41 00:00;;;-5.7;-2.4;;;;;;;;;;;;;;;;;;;81.1;135;;;;;;
SBE;01.03.41 00:00;;;-2.2;-1.7;;;;;;;;;;;;;;;;;;;206.7;256;;;;;;
SBE;01.04.41 00:00;;;-0.7;-3.2;;;;;;;;;;;;;;;;;;;209.2;157;;;;;;
SBE;01.05.41 00:00;;;2.2;-4.6;;;;;;;;;;;;;;;;;;;231.2;138;;;;;;
SBE;01.06.41 00:00;;;9.8;-1.2;;;;;;;;;;;;;;;;;;;124.4;73;;;;;;
SBE;01.07.41 00:00;;;12;-1;;;;;;;;;;;;;;;;;;;104.7;66;;;;;;
SBE;01.08.41 00:00;;;9.4;-3.3;;;;;;;;;;;;;;;;;;;134.4;72;;;;;;
SBE;01.09.41 00:00;;;8.2;-0.6;;;;;;;;;;;;;;;;;;;31.8;20;;;;;;
SBE;01.10.41 00:00;;;2.5;-2.3;;;;;;;;;;;;;;;;;;;30.1;17;;;;;;
SBE;01.11.41 00:00;;;-1.7;-1.9;;;;;;;;;;;;;;;;;;;;;;;;;;
SBE;01.12.41 00:00;;;-4.8;-2;;;;;;;;;;;;;;;;;;;;;;;;;;
SBE;01.01.42 00:00;;;-10.3;-6.7;;;;;;;;;;;;;;;;;;;;;;;;;;
SBE;01.02.42 00:00;;;-7.2;-3.9;;;;;;;;;;;;;;;;;;;;;;;;;;
SBE;01.03.42 00:00;;;0.9;1.4;;;;;;;;;;;;;;;;;;;;;;;;;;
SBE;01.04.42 00:00;;;2.9;0.4;;;;;;;;;;;;;;;;;;;;;;;;;;
SBE;01.05.42 00:00;;;5.3;-1.5;;;;;;;;;;;;;;;;;;;;;;;;;;
SBE;01.06.42 00:00;;;9.7;-1.3;;;;;;;;;;;;;;;;;;;;;;;;;;
SBE;01.07.42 00:00;;;11.4;-1.6;;;;;;;;;;;;;;;;;;;;;;;;;;
SBE;01.08.42 00:00;;;11.9;-0.8;;;;;;;;;;;;;;;;;;;;;;;;;;
SBE;01.09.42 00:00;;;10.5;1.7;;;;;;;;;;;;;;;;;;;;;;;;;;
SBE;01.10.42 00:00;;;6.1;1.3;;;;;;;;;;;;;;;;;;;;;;;;;;
SBE;01.11.42 00:00;;;-2;-2.2;;;;;;;;;;;;;;;;;;;;;;;;;;
SBE;01.12.42 00:00;;;-2.8;0;;;;;;;;;;;;;;;;;;;;;;;;;;
SBE;01.01.43 00:00;;;-5.7;-2.1;;;;;;;;;;;;;;;;;;;;;;;;;;
SBE;01.02.43 00:00;;;-3.9;-0.6;;;;;;;;;;;;;;;;;;;;;;;;;;
SBE;01.03.43 00:00;;;-0.6;-0.1;;;;;;;;;;;;;;;;;;;;;;;;;;
SBE;01.04.43 00:00;;;1.9;-0.6;;;;;;;;;;;;;;;;;;;;;;;;;;
SBE;01.05.43 00:00;;;7.4;0.6;;;;;;;;;;;;;;;;;;;;;;;;;;
SBE;01.06.43 00:00;;;9;-2;;;;;;;;;;;;;;;;;;;;;;;;;;
SBE;01.07.43 00:00;;;12.1;-0.9;;;;;;;;;;;;;;;;;;;;;;;;;;
SBE;01.08.43 00:00;;;13.3;0.6;;;;;;;;;;;;;;;;;;;;;;;;;;
SBE;01.09.43 00:00;;;9.4;0.6;;;;;;;;;;;;;;;;;;;;;;;;;;
SBE;01.10.43 00:00;;;6.1;1.3;;;;;;;;;;;;;;;;;;;;;;;;;;
SBE;01.11.43 00:00;;;-2.3;-2.5;;;;;;;;;;;;;;;;;;;;;;;;;;
SBE;01.12.43 00:00;;;-3.2;-0.4;;;;;;;;;;;;;;;;;;;;;;;;;;
SBE;01.01.44 00:00;;;-2.9;0.7;;;;;;;;;;;;;;;;;;;;;;;;;;
SBE;01.02.44 00:00;;;-8.1;-4.8;;;;;;;;;;;;;;;;;;;;;;;;;;
SBE;01.03.44 00:00;;;-5.7;-5.2;;;;;;;;;;;;;;;;;;;;;;;;;;
SBE;01.04.44 00:00;;;2;-0.5;;;;;;;;;;;;;;;;;;;;;;;;;;
SBE;01.05.44 00:00;;;5.4;-1.4;;;;;;;;;;;;;;;;;;;;;;;;;;
SBE;01.06.44 00:00;;;8.4;-2.6;;;;;;;;;;;;;;;;;;;;;;;;;;
SBE;01.07.44 00:00;;;11.5;-1.5;;;;;;;;;;;;;;;;;;;;;;;;;;
SBE;01.08.44 00:00;;;14.6;1.9;;;;;;;;;;;;;;;;;;;;;;;;;;
SBE;01.09.44 00:00;;;7.7;-1.1;;;;;;;;;;;;;;;;;;;;;;;;;;
SBE;01.10.44 00:00;;;1.7;-3.1;;;;;;;;;;;;;;;;;;;;;;;;;;
SBE;01.11.44 00:00;;;-2.9;-3.1;;;;;;;;;;;;;;;;;;;;;;;;;;
SBE;01.12.44 00:00;;;-6.6;-3.8;;;;;;;;;;;;;;;;;;;;;;;;;;
SBE;01.01.45 00:00;;;-10.7;-7.1;;;;;;;;;;;;;;;;;;;;;;;;;;
SBE;01.02.45 00:00;;;-1.7;1.6;;;;;;;;;;;;;;;;;;;;;;;;;;
SBE;01.03.45 00:00;;;-0.7;-0.2;;;;;;;;;;;;;;;;;;;;;;;;;;
SBE;01.04.45 00:00;;;3.1;0.6;;;;;;;;;;;;;;;;;;;;;;;;;;
SBE;01.05.45 00:00;;;7;0.2;;;;;;;;;;;;;;;;;;;;;;;;;;
SBE;01.06.45 00:00;;;12.1;1.1;;;;;;;;;;;;;;;;;;;;;;;;;;
SBE;01.07.45 00:00;;;13.5;0.5;;;;;;;;;;;;;;;;;;;;;;;;;;
SBE;01.08.45 00:00;;;10.8;-1.9;;;;;;;;;;;;;;;;;;;;;;;;;;
SBE;01.09.45 00:00;;;8.8;0;;;;;;;;;;;;;;;;;;;;;;;;;;
SBE;01.10.45 00:00;;;3.9;-0.9;;;;;;;;;;;;;;;;;;;;;;;;;;
SBE;01.11.45 00:00;;;-1.3;-1.5;;;;;;;;;;;;;;;;;;;;;;;;;;
SBE;01.12.45 00:00;;;-4.7;-1.9;;;;;;;;;;;;;;;;;;;;;;;;;;
SBE;01.01.46 00:00;;;-5.8;-2.2;;;;;;;;;;;;;;;;;;;;;;;;;;
SBE;01.02.46 00:00;;;-4.2;-0.9;;;;;;;;;;;;;;;;;;;;;;;;;;
SBE;01.03.46 00:00;;;-0.5;0;;;;;;;;;;;;;;;;;;;;;;;;;;
SBE;01.04.46 00:00;;;4;1.5;;;;;;;;;;;;;;;;;;;;;;;;;;
SBE;01.05.46 00:00;;;6;-0.8;;;;;;;;;;;;;;;;;;;;;;;;;;
SBE;01.06.46 00:00;;;8.6;-2.4;;;;;;;;;;;;;;;;;;;;;;;;;;
SBE;01.07.46 00:00;;;13.2;0.2;;;;;;;;;;;;;;;;;;;;;;;;;;
SBE;01.08.46 00:00;;;11.6;-1.1;;;;;;;;;;;;;;;;;;;;;;;;;;
SBE;01.09.46 00:00;;;10.5;1.7;;;;;;;;;;;;;;;;;;;;;;;;;;
SBE;01.10.46 00:00;;;3.3;-1.5;;;;;;;;;;;;;;;;;;;;;;;;;;
SBE;01.11.46 00:00;;;-0.9;-1.1;;;;;;;;;;;;;;;;;;;;;;;;;;
SBE;01.12.46 00:00;;;-5.6;-2.8;;;;;;;;;;;;;;;;;;;;;;;;;;
SBE;01.01.47 00:00;;;-7.5;-3.9;;;;;;;;;;;;;;;;;;;;;;;;;;
SBE;01.02.47 00:00;;;-6.2;-2.9;;;;;;;;;;;;;;;;;;;;;;;;;;
SBE;01.03.47 00:00;;;-1.4;-0.9;;;;;;;;;;;;;;;;;;;;;;;;;;
SBE;01.04.47 00:00;;;4.5;2;;;;;;;;;;;;;;;;;;;;;;;;;;
SBE;01.05.47 00:00;;;8.4;1.6;;;;;;;;;;;;;;;;;;;;;;;;;;
SBE;01.06.47 00:00;;;12.3;1.3;;;;;;;;;;;;;;;;;;;;;;;;;;
SBE;01.07.47 00:00;;;14.3;1.3;;;;;;;;;;;;;;;;;;;;;;;;;;
SBE;01.08.47 00:00;;;13.4;0.7;;;;;;;;;;;;;;;;;;;;;;;;;;
SBE;01.09.47 00:00;;;10.6;1.8;;;;;;;;;;;;;;;;;;;;;;;;;;
SBE;01.10.47 00:00;;;5.8;1;;;;;;;;;;;;;;;;;;;;;;;;;;
SBE;01.11.47 00:00;;;1.2;1;;;;;;;;;;;;;;;;;;;;;;;;;;
SBE;01.12.47 00:00;;;-5.4;-2.6;;;;;;;;;;;;;;;;;;;;;;;;;;
SBE;01.01.48 00:00;;;-2.4;1.2;;;;;;;;;;;;;;;;;;;;;;;;;;
SBE;01.02.48 00:00;;;-4;-0.7;;;;;;;;;;;;;;;;;;;;;;;;;;
SBE;01.03.48 00:00;;;2.2;2.7;;;;;;;;;;;;;;;;;;;;;;;;;;
SBE;01.04.48 00:00;;;2.3;-0.2;;;;;;;;;;;;;;;;;;;;;;;;;;
SBE;01.05.48 00:00;;;7.1;0.3;;;;;;;;;;;;;;;;;;;;;;;;;;
SBE;01.06.48 00:00;;;8.8;-2.2;;;;;;;;;;;;;;;;;;;;;;;;;;
SBE;01.07.48 00:00;;;9.5;-3.5;;;;;;;;;;;;;;;;;;;;;;;;;;
SBE;01.08.48 00:00;;;11.4;-1.3;;;;;;;;;;;;;;;;;;;;;;;;;;
SBE;01.09.48 00:00;;;9.4;0.6;;;;;;;;;;;;;;;;;;;;;;;;;;
SBE;01.10.48 00:00;;;5.8;1;;;;;;;;;;;;;;;;;;;;;;;;;;
SBE;01.11.48 00:00;;;3.4;3.2;;;;;;;;;;;;;;;;;;;;;;;;;;
SBE;01.12.48 00:00;;;-2;0.8;;;;;;;;;;;;;;;;;;;;;;;;;;
SBE;01.01.49 00:00;;;-3;0.6;;;;;;;;;;;;;;;;;;;;;;;;;;
SBE;01.02.49 00:00;;;-2.2;1.1;;;;;;;;;;;;;;;;;;;;;;;;;;
SBE;01.03.49 00:00;;;-4.2;-3.7;;;;;;;;;;;;;;;;;;;;;;;;;;
SBE;01.04.49 00:00;;;5;2.5;;;;;;;;;;;;;;;;;;;;;;;;;;
SBE;01.05.49 00:00;;;5.2;-1.6;;;;;;;;;;;;;;;;;;;;;;;;;;
SBE;01.06.49 00:00;;;9.8;-1.2;;;;;;;;;;;;;;;;;;;;;;;;;;
SBE;01.07.49 00:00;;;13.1;0.1;;;;;;;;;;;;;;;;;;;;;;;;;;
SBE;01.08.49 00:00;;;11.8;-0.9;;;;;;;;;;;;;;;;;;;;;;;;;;
SBE;01.09.49 00:00;;;11.2;2.4;;;;;;;;;;;;;;;;;;;;;;;;;;
SBE;01.10.49 00:00;;;6.5;1.7;;;;;;;;;;;;;;;;;;;;;;;;;;
SBE;01.11.49 00:00;;;-1.6;-1.8;;;;;;;;;;;;;;;;;;;;;;;;;;
SBE;01.12.49 00:00;;;-1.8;1;;;;;;;;;;;;;;;;;;;;;;;;;;
SBE;01.01.50 00:00;;;-3.7;-0.1;;;;;;;;;;;;;;;;;;;;;;;;;;
SBE;01.02.50 00:00;;;-2.8;0.5;;;;;;;;;;;;;;;;;;;;;;;;;;
SBE;01.03.50 00:00;;;-0.4;0.1;;;;;;;;;;;;;;;;;;;;;;;;;;
SBE;01.04.50 00:00;;;0;-2.5;;;;;;;;;;;;;;;;;;;;;;;;;;
SBE;01.05.50 00:00;;;7.4;0.6;;;;;;;;;;;;;;;;;;;;;;;;;;
SBE;01.06.50 00:00;;;12.5;1.5;;;;;;;;;;;;;;;;;;;;;;;;;;
SBE;01.07.50 00:00;;;14.5;1.5;;;;;;;;;;;;;;;;;;;;;;;;;;
SBE;01.08.50 00:00;;;12.1;-0.6;;;;;;;;;;;;;;;;;;;;;;;;;;
SBE;01.09.50 00:00;;;8.2;-0.6;;;;;;;;;;;;;;;;;;;;;;;;;;
SBE;01.10.50 00:00;;;4.6;-0.2;;;;;;;;;;;;;;;;;;;;;;;;;;
SBE;01.11.50 00:00;;;-1.3;-1.5;;;;;;;;;;;;;;;;;;;;;;;;;;
SBE;01.12.50 00:00;;;-6.4;-3.6;;;;;;;;;;;;;;;;;;;;;;;;;;
SBE;01.01.51 00:00;;;-4.2;-0.6;;;;;;;;;;;;;;;;;;;;;;;;;;
SBE;01.02.51 00:00;;;-5;-1.7;;;;;;;;;;;;;;;;;;;;;;;;;;
SBE;01.03.51 00:00;;;-3.2;-2.7;;;;;;;;;;;;;;;;;;;;;;;;;;
SBE;01.04.51 00:00;;;0.5;-2;;;;;;;;;;;;;;;;;;;;;;;;;;
SBE;01.05.51 00:00;;;4.6;-2.2;;;;;;;;;;;;;;;;;;;;;;;;;;
SBE;01.06.51 00:00;;;8.8;-2.2;;;;;;;;;;;;;;;;;;;;;;;;;;
SBE;01.07.51 00:00;;;11.9;-1.1;;;;;;;;;;;;;;;;;;;;;;;;;;
SBE;01.08.51 00:00;;;11.2;-1.5;;;;;;;;;;;;;;;;;;;;;;;;;;
SBE;01.09.51 00:00;;;9.7;0.9;;;;;;;;;;;;;;;;;;;;;;;;;;
SBE;01.10.51 00:00;;;3.6;-1.2;;;;;;;;;;;;;;;;;;;;;;;;;;
SBE;01.11.51 00:00;;;-0.2;-0.4;;;;;;;;;;;;;;;;;;;;;;;;;;
SBE;01.12.51 00:00;;;-1.5;1.3;;;;;;;;;;;;;;;;;;;;;;;;;;
SBE;01.01.52 00:00;;;-6.4;-2.8;;;;;;;;;;;;;;;;;;;;;;;;;;
SBE;01.02.52 00:00;;;-6.7;-3.4;;;;;;;;;;;;;;;;;;;;;;;;;;
SBE;01.03.52 00:00;;;-1.3;-0.8;;;;;;;;;;;;;;;;;;;;;;;;;;
SBE;01.04.52 00:00;;;3.2;0.7;;;;;;;;;;;;;;;;;;;;;;;;;;
SBE;01.05.52 00:00;;;5.9;-0.9;;;;;;;;;;;;;;;;;;;;;;;;;;
SBE;01.06.52 00:00;;;11.2;0.2;;;;;;;;;;;;;;;;;;;;;;;;;;
SBE;01.07.52 00:00;;;14.8;1.8;;;;;;;;;;;;;;;;;;;;;;;;;;
SBE;01.08.52 00:00;;;12.3;-0.4;;;;;;;;;;;;;;;;;;;;;;;;;;
SBE;01.09.52 00:00;;;4.7;-4.1;;;;;;;;;;;;;;;;;;;;;;;;;;
SBE;01.10.52 00:00;;;2.3;-2.5;;;;;;;;;;;;;;;;;;;;;;;;;;
SBE;01.11.52 00:00;;;-3.4;-3.6;;;;;;;;;;;;;;;;;;;;;;;;;;
SBE;01.12.52 00:00;;;-4.3;-1.5;;;;;;;;;;;;;;;;;;;;;;;;;;
SBE;01.01.53 00:00;;;-6.3;-2.7;;;;;;;;;;;;;;;;;;;;;;;;;;
SBE;01.02.53 00:00;;;-5.6;-2.3;;;;;;;;;;;;;;;;;;;;;;;;;;
SBE;01.03.53 00:00;;;-1;-0.5;;;;;;;;;;;;;;;;;;;;;;;;;;
SBE;01.04.53 00:00;;;2.7;0.2;;;;;;;;;;;;;;;;;;;;;;;;;;
SBE;01.05.53 00:00;;;6.7;-0.1;;;;;;;;;;;;;;;;;;;;;;;;;;
SBE;01.06.53 00:00;;;8.7;-2.3;;;;;;;;;;;;;;;;;;;;;;;;;;
SBE;01.07.53 00:00;;;12.4;-0.6;;;;;;;;;;;;;;;;;;;;;;;;;;
SBE;01.08.53 00:00;;;11.9;-0.8;;;;;;;;;;;;;;;;;;;;;;;;;;
SBE;01.09.53 00:00;;;9.5;0.7;;;;;;;;;;;;;;;;;;;;;;;;;;
SBE;01.10.53 00:00;;;5.5;0.7;;;;;;;;;;;;;;;;;;;;;;;;;;
SBE;01.11.53 00:00;;;2.5;2.3;;;;;;;;;;;;;;;;;;;;;;;;;;
SBE;01.12.53 00:00;;;-1.6;1.2;;;;;;;;;;;;;;;;;;;;;;;;;;
SBE;01.01.54 00:00;;;-7.6;-4;;;;;;;;;;;;;;;;;;;;;;;;;;
SBE;01.02.54 00:00;;;-5.6;-2.3;;;;;;;;;;;;;;;;;;;;;;;;;;
SBE;01.03.54 00:00;;;-1;-0.5;;;;;;;;;;;;;;;;;;;;;;;;;;
SBE;01.04.54 00:00;;;0.1;-2.4;;;;;;;;;;;;;;;;;;;;;;;;;;
SBE;01.05.54 00:00;;;4.8;-2;;;;;;;;;;;;;;;;;;;;;;;;;;
SBE;01.06.54 00:00;;;9.7;-1.3;;;;;;;;;;;;;;;;;;;;;;;;;;
SBE;01.07.54 00:00;;;9.2;-3.8;;;;;;;;;;;;;;;;;;;117.4;74;;;;;;
SBE;01.08.54 00:00;;;9.8;-2.9;;;;;;;;;;;;;;;;;;;387.7;207;;;;;;
SBE;01.09.54 00:00;;;8.9;0.1;;;;;;;;;;;;;;;;;;;135.1;83;;;;;;
SBE;01.10.54 00:00;;;4.7;-0.1;;;;;;;;;;;;;;;;;;;45.1;25;;;;;;
SBE;01.11.54 00:00;;;0;-0.2;;;;;;;;;;;;;;;;;;;89.2;53;;;;;;
SBE;01.12.54 00:00;;;-1.3;1.5;;;;;;;;;;;;;;;;;;;197.7;224;;;;;;
SBE;01.01.55 00:00;;;-3.3;0.3;;;;;;;;;;;;;;;;;;;86.4;112;;;;;;
SBE;01.02.55 00:00;;;-6;-2.7;;;;;;;;;;;;;;;;;;;160;266;;;;;;
SBE;01.03.55 00:00;;;-3.7;-3.2;;;;;;;;;;;;;;;;;;;41;51;;;;;;
SBE;01.04.55 00:00;;;0.8;-1.7;;;;;;;;;;;;;;;;;;;9.9;7;;;;;;
SBE;01.05.55 00:00;;;4.7;-2.1;;;;;;;;;;;;;;;;;;;161.2;96;;;;;;
SBE;01.06.55 00:00;;;9.3;-1.7;;;;;;;;;;;;;;;;;;;212.8;124;;;;;;
SBE;01.07.55 00:00;;;11.7;-1.3;;;;;;;;;;;;;;;;;;;133.3;84;;;;;;
SBE;01.08.55 00:00;;;10.2;-2.5;;;;;;;;;;;;;;;;;;;61.4;33;;;;;;
SBE;01.09.55 00:00;;;7.8;-1;;;;;;;;;;;;;;;;;;;83.5;51;;;;;;
SBE;01.10.55 00:00;;;2.8;-2;;;;;;;;;;;;;;;;;;;173.3;96;;;;;;
SBE;01.11.55 00:00;;;-1;-1.2;;;;;;;;;;;;;;;;;;;26.5;16;;;;;;
SBE;01.12.55 00:00;;;-1.1;1.7;;;;;;;;;;;;;;;;;;;29.3;33;;;;;;
SBE;01.01.56 00:00;;;-3.8;-0.2;;;;;;;;;;;;;;;;;;;53.2;69;;;;;;
SBE;01.02.56 00:00;;;-12.8;-9.5;;;;;;;;;;;;;;;;;;;14.7;24;;;;;;
SBE;01.03.56 00:00;;;-3.3;-2.8;;;;;;;;;;;;;;;;;;;76.2;94;;;;;;
SBE;01.04.56 00:00;;;-0.9;-3.4;;;;;;;;;;;;;;;;;;;179.8;135;;;;;;
SBE;01.05.56 00:00;;;5.5;-1.3;;;;;;;;;;;;;;;;;;;109;65;;;;;;
SBE;01.06.56 00:00;;;6.8;-4.2;;;;;;;;;;;;;;;;;;;134.2;78;;;;;;
SBE;01.07.56 00:00;;;11.4;-1.6;;;;;;;;;;;;;;;;;;;275.5;173;;;;;;
SBE;01.08.56 00:00;;;10.4;-2.3;;;;;;;;;;;;;;;;;;;452.3;242;;;;;;
SBE;01.09.56 00:00;;;9.7;0.9;;;;;;;;;;;;;;;;;;;159.3;98;;;;;;
SBE;01.10.56 00:00;;;3.1;-1.7;;;;;;;;;;;;;;;;;;;42.7;24;;;;;;
SBE;01.11.56 00:00;;;-2.1;-2.3;;;;;;;;;;;;;;;;;;;30.9;18;;;;;;
SBE;01.12.56 00:00;;;-4;-1.2;;;;;;;;;;;;;;;;;;;14.8;17;;;;;;
SBE;01.01.57 00:00;;;-3.9;-0.3;;;;;;;;;;;;;;;;;;;65.1;84;;;;;;
SBE;01.02.57 00:00;;;-2.4;0.9;;;;;;;;;;;;;;;;;;;78.2;130;;;;;;
SBE;01.03.57 00:00;;;2.5;3;;;;;;;;;;;;;;;;;;;49.9;62;;;;;;
SBE;01.04.57 00:00;;;1.8;-0.7;;;;;;;;;;;;;;;;;;;70.2;53;;;;;;
SBE;01.05.57 00:00;;;3.5;-3.3;;;;;;;;;;;;;;;;;;;124.3;74;;;;;;
SBE;01.06.57 00:00;;;10.3;-0.7;;;;;;;;;;;;;;;;;;;336.8;196;;;;;;
SBE;01.07.57 00:00;;;11.6;-1.4;;;;;;;;;;;;;;;;;;;143.6;90;;;;;;
SBE;01.08.57 00:00;;;10.3;-2.4;;;;;;;;;;;;;;;;;;;200.8;107;;;;;;
SBE;01.09.57 00:00;;;7.9;-0.9;;;;;;;;;;;;;;;;;;;47;29;;;;;;
SBE;01.10.57 00:00;;;5.7;0.9;;;;;;;;;;;;;;;;;;;62;34;;;;;;
SBE;01.11.57 00:00;;;1.2;1;;;;;;;;;;;;;;;;;;;165.6;98;;;;;;
SBE;01.12.57 00:00;;;-3;-0.2;;;;;;;;;;;;;;;;;;;110.2;125;;;;;;
SBE;01.01.58 00:00;;;-5.2;-1.6;;;;;;;;;;;;;;;;;;;68.8;89;;;;;;
SBE;01.02.58 00:00;;;-2.2;1.1;;;;;;;;;;;;;;;;;;;95.6;159;;;;;;
SBE;01.03.58 00:00;;;-5.1;-4.6;;;;;;;;;;;;;;;;;;;33.7;42;;;;;;
SBE;01.04.58 00:00;;;-1.1;-3.6;;;;;;;;;;;;;;;;;;;97.8;73;;;;;;
SBE;01.05.58 00:00;;;8;1.2;;;;;;;;;;;;;;;;;;;211.8;126;;;;;;
SBE;01.06.58 00:00;;;9.1;-1.9;;;;;;;;;;;;;;;;;;;129.2;75;;;;;;
SBE;01.07.58 00:00;;;12.5;-0.5;;;;;;;;;;;;;;;;;;;136.7;86;;;;;;
SBE;01.08.58 00:00;;;12.5;-0.2;;;;;;;;;;;;;;;;;;;250.2;134;;;;;;
SBE;01.09.58 00:00;;;10.6;1.8;;;;;;;;;;;;;;;;;;;186.8;115;;;;;;
SBE;01.10.58 00:00;;;4.2;-0.6;;;;;;;;;;;;;;;;;;;230.1;127;;;;;;
SBE;01.11.58 00:00;;;0.8;0.6;;;;;;;;;;;;;;;;;;;49.2;29;;;;;;
SBE;01.12.58 00:00;;;-2.8;0;;;;;;;;;;;;;;;;;;;166.7;189;;;;;;
SBE;01.01.59 00:00;;;-5.1;-1.5;;;;;;;;;;;;;;780;;;7;;48.4;63;;;;;0;
SBE;01.02.59 00:00;;;-1;2.3;;;;;;;;;;;;;;589.2;;;2;;8.5;14;;;;;0;
SBE;01.03.59 00:00;;;0.5;1;;;;;;;;;;;;;;603.8;;;9;;99.5;123;;;;;0;
SBE;01.04.59 00:00;;;2.3;-0.2;;;;;;;;;;;;;;530.5;;;9;;140.4;105;;;;;0;
SBE;01.05.59 00:00;;;6.1;-0.7;;;;;;;;;;;;;;430.6;;;8;;62.8;37;;;;;0;
SBE;01.06.59 00:00;;;9.9;-1.1;;;;;;;;;;;;;;251;;;12;;109.7;64;;;;;0;
SBE;01.07.59 00:00;;;13.5;0.5;;;;;;;;;;;;;;77.5;;;11;;126.6;79;;;;;0;
SBE;01.08.59 00:00;;;10.9;-1.8;;;;;;;;;;;;;;230.1;;;10;;64.4;34;;;;;0;
SBE;01.09.59 00:00;;;10.3;1.5;;;;;;;;;;;;;;241;;;7;;39.7;24;;;;;0;
SBE;01.10.59 00:00;;;3.9;-0.9;;;;;;;;;;;;;;497.2;;;8;;176.3;98;;;;;0;
SBE;01.11.59 00:00;;;-1;-1.2;;;;;;;;;;;;;;631.3;;;15;;182.9;109;;;;;0;
SBE;01.12.59 00:00;;;-3.2;-0.4;;;;;;;;;;;;;;719.3;;;12;;115.8;131;;;;;0;
SBE;01.01.60 00:00;;;-5.4;-1.8;;;;;;;;;;;;;;787.7;;;9;;124.2;161;;;;;0;
SBE;01.02.60 00:00;;;-3.2;0.1;;;;;;;;;;;;;;675.4;;;9;;67.2;112;;;;;0;
SBE;01.03.60 00:00;;;-1.2;-0.7;;;;;;;;;;;;;;658;;;19;;96.6;120;;;;;0;
SBE;01.04.60 00:00;;;1.2;-1.3;;;;;;;;;;;;;;563.5;;;6;;44;33;;;;;0;
SBE;01.05.60 00:00;;;6.9;0.1;;;;;;;;;;;;;;406.3;;;10;;108.8;65;;;;;0;
SBE;01.06.60 00:00;;;10.3;-0.7;;;;;;;;;;;;;;247.6;;;14;;214.4;125;;;;;0;
SBE;01.07.60 00:00;;;9.5;-3.5;;;;;;;;;;;;;;287.8;;;13;;298.2;187;;;;;0;
SBE;01.08.60 00:00;;;10.6;-2.1;;;;;;;;;;;;;;258.1;;;14;;245.3;131;;;;;0;
SBE;01.09.60 00:00;;;6.9;-1.9;;;;;;;;;;;;;;392.3;;;13;;377.1;232;;;;;0;
SBE;01.10.60 00:00;;;2;-2.8;;;;;;;;;;;;;;558.2;;;17;;360.3;199;;;;;0;
SBE;01.11.60 00:00;;;-0.5;-0.7;;;;;;;;;;;;;;615.6;;;11;;126.6;75;;;;;0;
SBE;01.12.60 00:00;;;-4.4;-1.6;;;;;;;;;;;;;;755.9;;;12;;122.9;139;;;;;0;
SBE;01.01.61 00:00;;;-4.5;-0.9;;;;;;;;;;;;;;760.2;;;7;;75.2;98;;;;;0;512.2
SBE;01.02.61 00:00;;;-0.9;2.4;;;;;;;;;;;;;;587.4;;;13;;76.1;126;;;;;0;363.4
SBE;01.03.61 00:00;;;0.6;1.1;;;;;;;;;;;;;;603.2;;;3;;20.9;26;;;;;0;355.2
SBE;01.04.61 00:00;;;4.3;1.8;;;;;;;;;;;;;;468.5;;;17;;191;143;;;;;0;228.5
SBE;01.05.61 00:00;;;4.6;-2.2;;;;;;;;;;;;;;478.2;;;17;;164.9;98;;;;;0;230.2
SBE;01.06.61 00:00;;;10.6;-0.4;;;;;;;;;;;;;;230.1;;;11;;139.1;81;;;;;1;78.1
SBE;01.07.61 00:00;;;10.8;-2.2;;;;;;;;;;;;;;222.5;;;10;;116.4;73;;;;;0;62.5
SBE;01.08.61 00:00;;;11.5;-1.2;;;;;;;;;;;;;;184.6;;;7;;95.4;51;;;;;0;56.6
SBE;01.09.61 00:00;;;12.1;3.3;;;;;;;;;;;;;;142.4;;;5;;26.6;16;;;;;0;30.4
SBE;01.10.61 00:00;;;5.1;0.3;;;;;;;;;;;;;;461.6;;;12;;202.4;112;;;;;0;213.6
SBE;01.11.61 00:00;;;-0.4;-0.6;;;;;;;;;;;;;;613.2;;;15;;162.2;96;;;;;0;373.2
SBE;01.12.61 00:00;;;-2;0.8;;;;;;;;;;;;;;680.8;;;13;;85.6;97;;;;;0;432.8
SBE;01.01.62 00:00;;;-4.6;-1;;;;;;;;;;;;;;762.5;;;9;;77.4;100;;;;;0;514.5
SBE;01.02.62 00:00;;;-5;-1.7;;;;;;;;;;;;;;700.8;;;8;;36.4;60;;;;;0;476.8
SBE;01.03.62 00:00;;;-6.1;-5.6;;;;;;;;;;;;;;809.2;;;11;;91.5;113;;;;;0;561.2
SBE;01.04.62 00:00;;;0.5;-2;;;;;;;;;;;;;;584.8;;;11;;136.9;103;;;;;0;344.8
SBE;01.05.62 00:00;;;4.2;-2.6;;;;;;;;;;;;;;490.9;;;16;;160.4;96;;;;;0;242.9
SBE;01.06.62 00:00;;;8;-3;;;;;;;;;;;;;;319.6;;;7;;66.6;39;;;;;0;135.6
SBE;01.07.62 00:00;;;11;-2;;;;;;;;;;;;;;212.7;;;9;;65.1;41;;;;;0;60.7
SBE;01.08.62 00:00;;;13.3;0.6;;;;;;;;;;;;;;87.4;;;9;;80.7;43;;;;;0.6;15.4
SBE;01.09.62 00:00;;;8.3;-0.5;;;;;;;;;;;;;;305.3;;;10;;107.7;66;;;;;0;129.3
SBE;01.10.62 00:00;;;5.3;0.5;;;;;;;;;;;;;;446.9;;;7;;55.8;31;;;;;0;206.9
SBE;01.11.62 00:00;;;-2.6;-2.8;;;;;;;;;;;;;;679.1;;;13;;122.8;73;;;;;0;439.1
SBE;01.12.62 00:00;;;-5.4;-2.6;;;;;;;;;;;;;;787.8;;;9;;79.2;90;;;;;0;539.8
SBE;01.01.63 00:00;;;-8.9;-5.3;;;;;;;;;;;;;;898.7;;;13;;54.3;70;;;;;0;650.7
SBE;01.02.63 00:00;;;-8;-4.7;;;;;;;;;;;;;;786.1;;;8;;26;43;;;;;0;562.1
SBE;01.03.63 00:00;;;-2.2;-1.7;;;;;;;;;;;;;;690;;;10;;66.5;82;;;;;0;442
SBE;01.04.63 00:00;;;2.3;-0.2;;;;;;;;;;;;;;531.2;;;12;;154.7;116;;;;;0;291.2
SBE;01.05.63 00:00;;;5;-1.8;;;;;;;;;;;;;;465;;;15;;160.2;96;;;;;0;217
SBE;01.06.63 00:00;;;9.5;-1.5;;;;;;;;;;;;;;276.7;;;21;;261;152;;;;;0;84.7
SBE;01.07.63 00:00;;;13.3;0.3;;;;;;;;;;;;;;82.7;;;14;;113.6;71;;;;;0;10.7
SBE;01.08.63 00:00;;;10.3;-2.4;;;;;;;;;;;;;;247.3;;;17;;337.2;180;;;;;0;71.3
SBE;01.09.63 00:00;;;8.8;0;;;;;;;;;;;;;;322.7;;;10;;247;152;;;;;0;98.7
SBE;01.10.63 00:00;;;5.1;0.3;;;;;;;;;;;;;;461.4;;;7;;96;53;;;;;0;213.4
SBE;01.11.63 00:00;;;0.6;0.4;;;;;;;;;;;;;;582.7;;;15;;430.6;256;;;;;0;342.7
SBE;01.12.63 00:00;;;-4.5;-1.7;;;;;;;;;;;;;;760.1;;;5;;33.3;38;;;;;0;512.1
SBE;01.01.64 00:00;;;-2.8;0.8;;;;;;;;;;;;;;709.4;;;4;;39;51;;;;;0;461.4
SBE;01.02.64 00:00;;;-4.1;-0.8;;;;;;;;;;;;;;700.3;;;8;;42.1;70;;;;;0;468.3
SBE;01.03.64 00:00;;;-2.3;-1.8;;;;;;;;;;;;;;693;;;14;;92.8;115;;;;;0;445
SBE;01.04.64 00:00;;;2.2;-0.3;;;;;;;;;;;;;;531.5;;;14;;162.7;122;;;;;0;291.5
SBE;01.05.64 00:00;;;7.2;0.4;;;;;;;;;;;;;;398.9;;;8;;54.1;32;;;;;0;150.9
SBE;01.06.64 00:00;;;11.3;0.3;;;;;;;;;;;;;;178.6;;;13;;212;124;;;;;0;42.6
SBE;01.07.64 00:00;;;13.5;0.5;;;;;;;;;;;;;;100.6;;;11;;74.6;47;;;;;1.3;20.6
SBE;01.08.64 00:00;;;10.6;-2.1;;;;;;;;;;;;;;228.5;;;8;;141.8;76;;;;;0;68.5
SBE;01.09.64 00:00;;;9.2;0.4;;;;;;;;;;;;;;281.7;;;5;;45.3;28;;;;;0;89.7
SBE;01.10.64 00:00;;;1.7;-3.1;;;;;;;;;;;;;;567.1;;;17;;175;97;;;;;0;319.1
SBE;01.11.64 00:00;;;1.3;1.1;;;;;;;;;;;;;;562;;;6;;80.1;48;;;;;0;322
SBE;01.12.64 00:00;;;-3.8;-1;;;;;;;;;;;;;;739.2;;;9;;47.9;54;;;;;0;491.2
SBE;01.01.65 00:00;;;-5.2;-1.6;;;;;;;;;;;;;;781.1;;;9;;70.9;92;;;;;0;533.1
SBE;01.02.65 00:00;;;-9.1;-5.8;;;;;;;;;;;;;;815.7;;;3;;10;17;;;;;0;591.7
SBE;01.03.65 00:00;;;-2.7;-2.2;;;;;;;;;;;;;;703.5;;;8;;67.5;84;;;;;0;455.5
SBE;01.04.65 00:00;;;0.1;-2.4;;;;;;;;;;;;;;595.5;;;6;;12;9;;;;;0;355.5
SBE;01.05.65 00:00;;;5;-1.8;;;;;;;;;;;;;;466.5;;;13;;126.8;76;;;;;0;218.5
SBE;01.06.65 00:00;;;10.2;-0.8;;;;;;;;;;;;;;231.4;;;15;;145.7;85;;;;;0;95.4
SBE;01.07.65 00:00;;;10.8;-2.2;;;;;;;;;;;;;;219;;;14;;162.7;102;;;;;0;59
SBE;01.08.65 00:00;;;10.2;-2.5;;;;;;;;;;;;;;262.4;;;16;;224.9;120;;;;;0;78.4
SBE;01.09.65 00:00;;;5.7;-3.1;;;;;;;;;;;;;;429.6;;;16;;529.3;326;;;;;0;189.6
SBE;01.10.65 00:00;;;6.2;1.4;;;;;;;;;;;;;;425.3;;;1;;32.6;18;;;;;0;177.3
SBE;01.11.65 00:00;;;-1.9;-2.1;;;;;;;;;;;;;;658.2;;;15;;104.3;62;;;;;0;418.2
SBE;01.12.65 00:00;;;-3.9;-1.1;;;;;;;;;;;;;;742.1;;;9;;55.5;63;;;;;0;494.1
SBE;01.01.66 00:00;;;-6.7;-3.1;;;;;;;;;;;;;;827.7;;;2;;13.5;18;;;;;0;579.7
SBE;01.02.66 00:00;;;-0.9;2.4;;;;;;;;;;;;;;585.5;;;9;;102.7;171;;;;;0;361.5
SBE;01.03.66 00:00;;;-3.4;-2.9;;;;;;;;;;;;;;725.9;;;2;;7.9;10;;;;;0;477.9
SBE;01.04.66 00:00;;;3.2;0.7;;;;;;;;;;;;;;502.8;;;9;;163.9;123;;;;;0;262.8
SBE;01.05.66 00:00;;;6;-0.8;;;;;;;;;;;;;;434.7;;;9;;142;85;;;;;0;186.7
SBE;01.06.66 00:00;;;10.1;-0.9;;;;;;;;;;;;;;238.2;;;9;;125;73;;;;;0;70.2
SBE;01.07.66 00:00;;;10;-3;;;;;;;;;;;;;;272.5;;;10;;197.7;124;;;;;0;72.5
SBE;01.08.66 00:00;;;10.1;-2.6;;;;;;;;;;;;;;284.3;;;14;;120.3;64;;;;;0.6;84.3
SBE;01.09.66 00:00;;;10.8;2;;;;;;;;;;;;;;246.7;;;6;;67.2;41;;;;;0;54.7
SBE;01.10.66 00:00;;;5.6;0.8;;;;;;;;;;;;;;445.7;;;18;;267.4;148;;;;;0;197.7
SBE;01.11.66 00:00;;;-3.9;-4.1;;;;;;;;;;;;;;715.6;;;13;;146;87;;;;;0;475.6
SBE;01.12.66 00:00;;;-4.4;-1.6;;;;;;;;;;;;;;756.6;;;8;;35.5;40;;;;;0;508.6
SBE;01.01.67 00:00;;;-4.9;-1.3;;;;;;;;;;;;;;773.7;;;3;;12.7;16;;;;;0;525.7
SBE;01.02.67 00:00;;;-4.3;-1;;;;;;;;;;;;;;682.7;;;8;;129.3;215;;;;;0;458.7
SBE;01.03.67 00:00;;;-1.2;-0.7;;;;;;;;;;;;;;658.8;;;12;;158.2;196;;;;;0;410.8
SBE;01.04.67 00:00;;;-0.1;-2.6;;;;;;;;;;;;;;603.2;;;7;;107.9;81;;;;;0;363.2
SBE;01.05.67 00:00;;;5;-1.8;;;;;;;;;;;;;;459.7;;;15;;261.6;156;;;;;0;219.7
SBE;01.06.67 00:00;;;8;-3;;;;;;;;;;;;;;325.7;;;8;;92.4;54;;;;;0;133.7
SBE;01.07.67 00:00;;;13.8;0.8;;;;;;;;;;;;;;83.3;;;14;;166.2;104;;;;;0;11.3
SBE;01.08.67 00:00;;;11.2;-1.5;;;;;;;;;;;;;;202.4;;;16;;188.4;101;;;;;0;42.4
SBE;01.09.67 00:00;;;7.8;-1;;;;;;;;;;;;;;331.3;;;13;;247.4;152;;;;;0;131.3
SBE;01.10.67 00:00;;;6.9;2.1;;;;;;;;;;;;;;390.4;;;8;;148;82;;;;;0;158.4
SBE;01.11.67 00:00;;;1.5;1.3;;;;;;;;;;;;;;555.3;;;11;;237;141;;;;;0;315.3
SBE;01.12.67 00:00;;;-4.7;-1.9;;;;;;;;;;;;;;765.9;;;5;;14.8;17;;;;;0;517.9
SBE;01.01.68 00:00;-9.2;-0.5;-5.7;-2.1;-1.8;-1.2;30;3.2;;-0.1;;0;;828.9;-19.4;-4.5;;796.3;;;10;;69.5;90;;;;;0;548.3
SBE;01.02.68 00:00;-7.6;0;-4.1;-0.8;-0.2;-1;29;4.1;;0.9;;0;;827.9;-13.8;-4.3;;697.9;;;13;;197.1;327;;;;;0;465.9
SBE;01.03.68 00:00;-7;3.3;-2.4;-1.9;-2.3;-0.4;30;3.8;;-0.3;;0;;832.3;-14.3;0;;693.1;;;4;;44.7;55;;;;;0;445.1
SBE;01.04.68 00:00;-2.3;6;1.5;-1;-0.8;-0.8;23;5.4;;0.1;;0;;833.4;-9;1.3;;554.1;;;15;;293.4;220;;;;;0;314.1
SBE;01.05.68 00:00;0.8;8.5;4.6;-2.2;-1.8;-3;14;6.3;;-1.1;;0;;833.8;-5.5;-1.4;;477.8;;;18;;265.4;158;;;;;0;229.8
SBE;01.06.68 00:00;4;13.5;9.2;-1.8;-2.2;-2.4;0;7.9;;-1.8;;0;;837;0.3;-0.6;;306.9;;;14;;126.8;74;;;;;0;98.9
SBE;01.07.68 00:00;5.9;15.8;11.1;-1.9;-2.2;-2.4;0;9.3;;-1.7;;0;;839;1;0.4;;233.4;;;12;;107.1;67;;;;;0.1;57.4
SBE;01.08.68 00:00;6.1;14.4;10.2;-2.5;-2;-3.4;0;8.7;;-2.5;;0;;835.2;0.9;-3.8;;279.7;;;19;;160.3;86;;;;;0;63.7
SBE;01.09.68 00:00;3.3;11.5;7.5;-1.3;-1.3;-1.9;1;7.9;;-1;;0;;835.6;-0.3;-2;;376.2;;;12;;269.1;166;;;;;0;136.2
SBE;01.10.68 00:00;0.9;12;5.9;1.1;-0.1;2.8;12;7.1;;0.2;;0;;839.1;-5.6;2.8;;437.2;;;3;;74;41;;;;;0;189.2
SBE;01.11.68 00:00;-3.7;4;0.4;0.2;-0.8;-0.1;28;5.3;;0.4;;0;;830.5;-11.7;-2.8;;590.8;;;13;;295.2;175;;;;;0;350.8
SBE;01.12.68 00:00;-10.6;-1.8;-6.7;-3.9;-4.5;-3.1;31;3.3;;-0.3;;0;;826.4;-21.9;-7.1;;825.8;;;9;;35.9;41;;;;;0;577.8
SBE;01.01.69 00:00;-9.1;0.5;-4.4;-0.8;-1.7;-0.2;31;3.4;;0.1;;0;;830.2;-15.2;-3.2;;754.9;;;6;;90.6;118;;;;;0;506.9
SBE;01.02.69 00:00;-12;-4.1;-8.1;-4.8;-4.6;-5.1;28;2.6;;-0.6;;0;;822.9;-20.7;-9.3;;787;;;12;;86.1;143;;;;;0;563
SBE;01.03.69 00:00;-6.2;2.1;-2.2;-1.7;-1.5;-1.6;31;3.9;;-0.2;;0;;827;-13.1;-5.3;;687.2;;;9;;49.4;61;;;;;0;439.2
SBE;01.04.69 00:00;-3.9;4.8;0.5;-2;-2.4;-2;24;4.4;;-0.9;;0;;832;-12.2;-0.1;;583.8;;;12;;47.2;35;;;;;0;343.8
SBE;01.05.69 00:00;2;11.3;6.8;0;-0.6;-0.2;5;7.1;;-0.3;;0;;834;-1.7;-1.2;;400.8;;;14;;359.2;214;;;;;0;160.8
SBE;01.06.69 00:00;3.5;11.9;8.4;-2.6;-2.7;-4;3;7.1;;-2.6;;0;;833.5;-2.7;-4.1;;319.5;;;12;;186.8;109;;;;;0;111.5
SBE;01.07.69 00:00;6.9;17.2;12.8;-0.2;-1.2;-1;0;10.2;;-0.8;;0;;841.4;0.3;2.8;;118.9;;;10;;118;74;;;;;0.5;38.9
SBE;01.08.69 00:00;5.9;14.6;10.7;-2;-2.2;-3.2;0;8.9;;-2.3;;0;;836.7;0;-2.3;;225.9;;;11;;138.9;74;;;7753;84;0;65.9
SBE;01.09.69 00:00;4.3;13.5;9.3;0.5;-0.3;0.1;0;9.2;;0.3;;0;;838;0.1;0.4;;293.6;;;15;;101.8;63;;;7434;93;0;85.6
SBE;01.10.69 00:00;0.8;12.5;6.4;1.6;-0.2;3.3;18;6.1;;-0.8;;0;;840.7;-2.3;4.4;;414.1;;;1;;1.1;1;;;11256;173;0;174.1
SBE;01.11.69 00:00;-5.1;2.2;-1.4;-1.6;-2.2;-1.9;28;5;;0.1;;0;;829.5;-13;-3.8;;644.1;;;13;;296.6;176;;;3735;77;0;404.1
SBE;01.12.69 00:00;-11.7;-3.4;-7.7;-4.9;-5.6;-4.7;31;2.5;;-1.1;;0;;825.8;-15.6;-7.7;;857.6;;;6;;22.1;25;;;4997;97;0;609.6
SBE;01.01.70 00:00;-8.3;-0.8;-4.4;-0.8;-0.9;-1.5;31;3.3;;0;;0;;827.4;-17.6;-6;;757.1;;;9;;139.1;180;;;4256;73;0;509.1
SBE;01.02.70 00:00;-11;-1.7;-6.3;-3;-3.6;-2.7;28;2.8;;-0.4;;0;;825.5;-17.3;-6.7;;737.7;;;12;;89.5;149;;;4340;67;0;513.7
SBE;01.03.70 00:00;-9.1;-0.8;-4.9;-4.4;-4.4;-4.5;31;3.1;;-1;;0;;826.6;-17.6;-5.7;;771.2;;;14;;112.4;139;;;5768;68;0;523.2
SBE;01.04.70 00:00;-5.3;2.5;-1.2;-3.7;-3.8;-4.3;26;3.7;;-1.6;;0;;830.8;-12.6;-1.3;;633.5;;;9;;139.6;105;;;6463;84;0;393.5
SBE;01.05.70 00:00;0.1;7.7;4.2;-2.6;-2.5;-3.8;16;5.4;;-2;;0;;834.3;-5.2;-0.9;;490.7;;;11;;111.7;67;;;6986;91;0;242.7
SBE;01.06.70 00:00;5.5;14.7;10.6;-0.4;-0.7;-1.2;1;8.8;;-0.9;;0;;838.2;-0.1;0.6;;208.6;;;16;;117.3;68;;;8564;99;0;56.6
SBE;01.07.70 00:00;5.9;15.9;11.7;-1.3;-2.2;-2.3;0;10;;-1;;0;;837.6;1.3;-1;;157.7;;;9;;83;52;;;10001;102;0;45.7
SBE;01.08.70 00:00;6.9;16;11.7;-1;-1.2;-1.8;0;10.5;;-0.7;;0;;837.4;2.3;-1.6;;170.7;;;15;;142.6;76;;;8107;88;0;34.7
SBE;01.09.70 00:00;4.9;15.4;10;1.2;0.3;2;2;9.1;;0.2;;0;;839.8;-1.4;2.2;;252.3;;;8;;111.1;68;;;9022;113;0;68.3
SBE;01.10.70 00:00;-0.2;9.2;4.5;-0.3;-1.2;0;17;6.1;;-0.8;;0;;837.9;-6.3;1.6;;479.4;;;12;;81.8;45;;;7245;111;0;231.4
SBE;01.11.70 00:00;-3.1;5.4;1.1;0.9;-0.2;1.3;26;4.7;;-0.2;;0;;834.1;-12.1;0.8;;567.9;;;11;;253.6;151;;;5693;117;0;327.9
SBE;01.12.70 00:00;-9.3;0.4;-4.5;-1.7;-3.2;-0.9;31;3.2;;-0.4;;0;;833.8;-19.9;0.3;;757.9;;;6;;108.9;123;;;6735;131;0;509.9
SBE;01.01.71 00:00;-9.8;-0.7;-5.2;-1.6;-2.4;-1.4;30;3.3;;0;;0;;829.3;-18.9;-4.1;;780.1;;;13;;118.1;153;;;5140;89;0;532.1
SBE;01.02.71 00:00;-8.1;0.4;-3.8;-0.5;-0.7;-0.6;26;2.8;;-0.4;;0;;831.2;-14.3;-1;;666.2;;;4;;33.3;55;;;7978;124;0;442.2
SBE;01.03.71 00:00;-9.6;-1.4;-5.7;-5.2;-4.9;-5.1;31;3;;-1.1;;0;;826.3;-22.2;-6;;795.5;;;7;;140.5;174;;;7717;91;0;547.5
SBE;01.04.71 00:00;-1.6;6.8;2.5;0;-0.1;0;22;5.4;;0.1;;0;;830.6;-8.8;-1.5;;523.4;;;10;;126.6;95;;;6463;84;0;283.4
SBE;01.05.71 00:00;2.1;10.1;6;-0.8;-0.5;-1.4;6;7.6;;0.2;;0;;832.9;-1.8;-2.3;;427.7;;;19;;203.2;121;;;4220;55;0;187.7
SBE;01.06.71 00:00;3.6;12;7.9;-3.1;-2.6;-3.9;1;7.7;;-2;;0;;833.9;-0.9;-3.7;;348.6;;;17;;217.4;127;;;6213;72;0;124.6
SBE;01.07.71 00:00;5.9;17.8;12.4;-0.6;-2.2;-0.4;0;10.6;;-0.4;;0;;839.8;1.3;1.2;;122.2;;;7;;91.7;58;;;12462;128;0;26.2
SBE;01.08.71 00:00;7.1;17.7;12.3;-0.4;-1;-0.1;0;11.7;;0.5;;0;;838.9;3.7;-0.1;;120.8;;;15;;218;117;;;9743;105;0;16.8
SBE;01.09.71 00:00;2.3;12.7;7.7;-1.1;-2.3;-0.7;6;7.4;;-1.5;;0;;840;-3.5;2.4;;356.7;;;4;;32.2;20;;;12349;154;0;132.7
SBE;01.10.71 00:00;0.6;11.2;5.5;0.7;-0.4;2;17;6.1;;-0.8;;0;;842.9;-5.4;6.6;;441.6;;;2;;14.3;8;;;10721;164;0;201.6
SBE;01.11.71 00:00;-4.6;2.4;-1;-1.2;-1.7;-1.7;24;4.4;;-0.5;;0;;829.8;-15.3;-3.5;;630.6;;;11;;172.1;102;;;5163;106;0;390.6
SBE;01.12.71 00:00;-3.9;4.9;0.3;3.1;2.2;3.6;27;3.7;;0.1;;0;;839.7;-10.8;6.2;;609.5;;;4;;34;39;;;7129;139;0;361.5
SBE;01.01.72 00:00;-8.9;-1.3;-5.3;-1.7;-1.5;-2;31;3.4;;0.1;;0;;829;-14.6;-4.4;;783.8;;;10;;89.1;116;;;2248;39;0;535.8
SBE;01.02.72 00:00;-6;0.1;-3.1;0.2;1.4;-0.9;29;4.2;;1;;0;;829.6;-12.6;-2.6;;668.6;;;16;;152.8;254;;;2017;31;0;436.6
SBE;01.03.72 00:00;-4.5;4.2;-0.6;-0.1;0.2;0.5;30;4.6;;0.5;;0;;831.5;-10.3;-0.8;;637.8;;;14;;158.1;196;;;7000;83;0;389.8
SBE;01.04.72 00:00;-2.7;5;1.1;-1.4;-1.2;-1.8;26;4.7;;-0.6;;0;;827.8;-9;-4.3;;566.5;;;11;;133.7;100;;;5603;73;0;326.5
SBE;01.05.72 00:00;0.7;8.8;4.6;-2.2;-1.9;-2.7;14;5.9;;-1.5;;0;;832.5;-4;-2.7;;478.3;;;13;;151.2;90;;;5356;70;0;230.3
SBE;01.06.72 00:00;4.1;12.3;8.4;-2.6;-2.1;-3.6;0;8.2;;-1.5;;0;;835.3;1;-2.3;;342.5;;;17;;191.8;112;;;5784;67;0;110.5
SBE;01.07.72 00:00;6.4;16;11.5;-1.5;-1.7;-2.2;1;9.7;;-1.3;;0;;837.9;-1.1;-0.7;;191.8;;;14;;79.2;50;;;7613;78;0;47.8
SBE;01.08.72 00:00;5.6;15.1;10.6;-2.1;-2.5;-2.7;0;9.9;;-1.3;;0;;838.3;1.4;-0.7;;217.1;;;10;;80.8;43;;;9330;101;0;65.1
SBE;01.09.72 00:00;1;9;4.9;-3.9;-3.6;-4.4;16;6.7;;-2.2;;0;;836.2;-3.5;-1.4;;452.5;;;15;;139.7;86;;;6710;84;0;212.5
SBE;01.10.72 00:00;-1.2;7.8;3;-1.8;-2.2;-1.4;21;6.1;;-0.8;;0;;836.3;-5.1;0;;526;;;7;;61.8;34;;;6952;107;0;278
SBE;01.11.72 00:00;-4.8;4.1;-0.6;-0.8;-1.9;0;26;4.7;;-0.2;;0;;835.4;-11.9;2.1;;618.4;;;11;;60.4;36;;;5355;110;0;378.4
SBE;01.12.72 00:00;-7.8;1.2;-3.7;-0.9;-1.7;-0.1;31;3.9;;0.3;;0;;839.8;-12.7;6.3;;733.1;;;10;;116;131;;;4698;91;0;485.1
SBE;01.01.73 00:00;-7.3;0.8;-3.4;0.2;0.1;0.1;31;3.4;;0.1;;0;;835.2;-16;1.8;;724.7;;;6;;49.8;65;;;4888;84;0;476.7
SBE;01.02.73 00:00;-8.6;-0.6;-5;-1.7;-1.2;-1.6;28;2.8;;-0.4;;0;;828.1;-16.7;-4.1;;700.1;;;6;;32.1;53;;;6835;106;0;476.1
SBE;01.03.73 00:00;-6.4;2.5;-2.2;-1.7;-1.7;-1.2;29;3.3;;-0.8;;0;;834.8;-13.8;2.5;;686.6;;;4;;13;16;;;8398;99;0;438.6
SBE;01.04.73 00:00;-5;2.9;-1.2;-3.7;-3.5;-3.9;30;4;;-1.3;;0;;829.3;-11;-2.8;;636.1;;;9;;126.7;95;;;6986;91;0;396.1
SBE;01.05.73 00:00;1.7;9.9;6;-0.8;-0.9;-1.6;8;7.4;;0;;0;;837;-4.1;1.8;;435.2;;;18;;236.2;141;;;6624;87;0;187.2
SBE;01.06.73 00:00;5.7;14.7;10.6;-0.4;-0.5;-1.2;0;8.7;;-1;;0;;838.3;0.2;0.7;;190.1;;;15;;181.8;106;;;7695;89;0;54.1
SBE;01.07.73 00:00;7;15.3;11.5;-1.5;-1.1;-2.9;0;9.5;;-1.5;;0;;835.8;3.3;-2.8;;192.3;;;16;;284.3;178;;;8299;85;0;40.3
SBE;01.08.73 00:00;7.8;17.5;12.9;0.2;-0.3;-0.3;0;12;;0.8;;0;;841;4;2;;79.7;;;14;;90.7;49;;;8375;91;0;15.7
SBE;01.09.73 00:00;5;14;9.5;0.7;0.4;0.6;2;9.2;;0.3;;0;;838.1;-0.7;0.5;;244.6;;;11;;147.8;91;;;8582;107;0;84.6
SBE;01.10.73 00:00;-0.5;9;4;-0.8;-1.5;-0.2;16;6.1;;-0.8;;0;;836.5;-6.5;0.2;;495.4;;;10;;106.5;59;;;8515;131;0;247.4
SBE;01.11.73 00:00;-4;5.3;0.2;0;-1.1;1.2;25;4.3;;-0.6;;0;;836.4;-13.4;3.1;;594.9;;;4;;42.2;25;;;7098;146;0;354.9
SBE;01.12.73 00:00;-8.2;-0.2;-4.1;-1.3;-2.1;-1.5;30;3.8;;0.2;;0;;831.2;-19.3;-2.3;;747.7;;;10;;130.4;148;;;4475;87;0;499.7
SBE;01.01.74 00:00;-5.5;2.9;-1.4;2.2;1.9;2.2;30;4.1;;0.8;;0;;836.7;-12.4;3.3;;663.9;;;10;;59.8;78;;;4595;79;0;415.9
SBE;01.02.74 00:00;-6.7;-0.3;-3.7;-0.4;0.7;-1.3;28;4.1;;0.9;;0;;827.6;-13;-4.6;;664.1;;;17;;177.1;294;;;3031;47;0;440.1
SBE;01.03.74 00:00;-5.6;3.1;-1.4;-0.9;-0.9;-0.6;28;4.8;;0.7;;0;;831.7;-13.9;-0.6;;664.4;;;14;;113.8;141;;;4365;52;0;416.4
SBE;01.04.74 00:00;-2.8;4.9;0.8;-1.7;-1.3;-1.9;26;4.8;;-0.5;;0;;829;-7.2;-3.1;;574.6;;;15;;99.2;74;;;6568;85;0;334.6
SBE;01.05.74 00:00;1.2;9.4;5.1;-1.7;-1.4;-2.1;13;5.9;;-1.5;;0;;832.2;-1.8;-3;;460.4;;;13;;109.3;65;;;8651;113;0;212.4
SBE;01.06.74 00:00;3.1;12.2;8;-3;-3.1;-3.7;2;7.6;;-2.1;;0;;834.5;-1.3;-3.1;;353;;;15;;245.2;143;;;8073;93;0;121
SBE;01.07.74 00:00;6.5;16;11.5;-1.5;-1.6;-2.2;0;9.8;;-1.2;;0;;838.4;3;-0.2;;180.7;;;10;;174.1;109;;;10702;110;0;36.7
SBE;01.08.74 00:00;7.1;17.2;12.3;-0.4;-1;-0.6;0;10.7;;-0.5;;0;;839.2;1.2;0.2;;142.5;;;10;;115.1;62;;;9057;98;0;30.5
SBE;01.09.74 00:00;2.8;11.5;7.2;-1.6;-1.8;-1.9;6;8.1;;-0.8;;0;;835.9;-3.1;-1.7;;377.1;;;12;;176.9;109;;;6866;86;0;145.1
SBE;01.10.74 00:00;-4.2;1.8;-1.2;-6;-5.2;-7.4;31;4.1;;-2.8;;0;;828.2;-9.4;-8.1;;657.3;;;7;;95.5;53;;;7320;112;0;409.3
SBE;01.11.74 00:00;-4.4;1.7;-1.3;-1.5;-1.5;-2.4;30;4.6;;-0.3;;0;;833;-8.8;-0.3;;640;;;16;;165;98;;;4469;92;0;400
SBE;01.12.74 00:00;-5;2.8;-1.1;1.7;1.1;1.5;29;3.8;;0.2;;0;;837.4;-16.1;3.9;;653.8;;;8;;23.6;27;;;6230;121;0;405.8
SBE;01.01.75 00:00;-5.5;2.4;-1.9;1.7;1.9;1.7;29;4.4;;1.1;;0;;836.8;-11;3.4;;677.4;;;11;;164.9;214;;;5052;87;0;429.4
SBE;01.02.75 00:00;-8.7;2.2;-3.7;-0.4;-1.3;1.2;28;3.1;;-0.1;;0;;836.9;-16.6;4.7;;664.1;;;4;;29.3;49;;;8295;129;0;440.1
SBE;01.03.75 00:00;-6.7;0.6;-3.4;-2.9;-2;-3.1;31;4;;-0.1;;0;;824.6;-13.3;-7.7;;724.4;;;20;;188.9;234;;;3815;45;0;476.4
SBE;01.04.75 00:00;-2.9;4.9;0.8;-1.7;-1.4;-1.9;25;4.7;;-0.6;;0;;831.4;-10.4;-0.7;;575.4;;;12;;248.5;187;;;8611;112;0;335.4
SBE;01.05.75 00:00;1.1;9.2;4.8;-2;-1.5;-2.3;8;6.5;;-0.9;;0;;833.6;-4.7;-1.6;;472.6;;;18;;192.2;115;;;5934;77;0;224.6
SBE;01.06.75 00:00;3.8;12.6;8.4;-2.6;-2.4;-3.3;6;7.8;;-1.9;;0;;835.8;-1;-1.8;;312.8;;;11;;130.5;76;;;8171;94;0;112.8
SBE;01.07.75 00:00;6.6;16.7;11.9;-1.1;-1.5;-1.5;0;10.1;;-0.9;;0;;838.4;2.1;-0.2;;157.5;;;7;;90.3;57;;;10551;108;0;29.5
SBE;01.08.75 00:00;6.6;15.8;11.4;-1.3;-1.5;-2;0;10.2;;-1;;0;;838.9;2.8;-0.1;;198.2;;;12;;142.7;76;;;7447;81;0;46.2
SBE;01.09.75 00:00;5.4;13.5;9.4;0.6;0.8;0.1;0;10.1;;1.2;;0;;839.9;0.4;2.3;;311.4;;;15;;236.2;145;;;5461;68;0;79.4
SBE;01.10.75 00:00;-0.3;8.8;3.8;-1;-1.3;-0.4;18;5.5;;-1.4;;0;;837.8;-5.2;1.5;;502.2;;;6;;81.9;45;;;8521;131;0;254.2
SBE;01.11.75 00:00;-5.1;1.5;-1.8;-2;-2.2;-2.6;28;4.7;;-0.2;;0;;832.6;-15.9;-0.7;;654.7;;;14;;117.5;70;;;3770;78;0;414.7
SBE;01.12.75 00:00;-5.9;2.8;-1.9;0.9;0.2;1.5;31;3.6;;0;;0;;836.4;-12;2.9;;677.9;;;5;;29.4;33;;;6283;122;0;429.9
SBE;01.01.76 00:00;-6.5;1.2;-2.7;0.9;0.9;0.5;31;3.3;;0;;0;;832.3;-18.1;-1.1;;704.9;;;2;;15.9;21;;;7282;126;0;456.9
SBE;01.02.76 00:00;-6.5;2.4;-2.4;0.9;0.9;1.4;29;3.8;;0.6;;0;;834.5;-14.1;2.3;;649.8;;;6;;30.4;50;;;5153;80;0;417.8
SBE;01.03.76 00:00;-6.6;3;-2.4;-1.9;-1.9;-0.7;27;3.3;;-0.8;;0;;831.9;-16.4;-0.4;;694.1;;;5;;21.5;27;;;8551;101;0;446.1
SBE;01.04.76 00:00;-2.9;6;1.1;-1.4;-1.4;-0.8;28;4.8;;-0.5;;0;;830.7;-7.9;-1.4;;564.5;;;8;;77.8;58;;;7092;92;0;324.5
SBE;01.05.76 00:00;2;11.8;6.8;0;-0.6;0.3;5;6.4;;-1;;0;;835.4;-5.4;0.2;;409.3;;;9;;68;41;;;9953;130;0;161.3
SBE;01.06.76 00:00;5.6;16.8;11.4;0.4;-0.6;0.9;0;7.4;;-2.3;;0;;839.5;0.3;1.9;;154.6;;;9;;35.5;21;;;11339;131;0;42.6
SBE;01.07.76 00:00;6.9;16.9;12.3;-0.7;-1.2;-1.3;0;8.7;;-2.3;;0;;837.8;1.7;-0.8;;121.8;;;13;;112.9;71;;;9048;93;0;33.8
SBE;01.08.76 00:00;4.9;14;9.6;-3.1;-3.2;-3.8;0;8.5;;-2.7;;0;;838.6;0.8;-0.4;;323.7;;;14;;146.7;78;;;8815;95;0;75.7
SBE;01.09.76 00:00;2;9.8;6;-2.8;-2.6;-3.6;8;7.5;;-1.4;;0;;835.9;-3.7;-1.7;;419.3;;;12;;452.5;279;;;6660;83;0;179.3
SBE;01.10.76 00:00;0.8;7.5;4.1;-0.7;-0.2;-1.7;14;6.9;;0;;0;;830.8;-3.7;-5.5;;491.8;;;18;;478.1;264;;;4493;69;0;243.8
SBE;01.11.76 00:00;-4.5;1;-1.7;-1.9;-1.6;-3.1;30;4.7;;-0.2;;0;;833;-10.2;-0.3;;653.1;;;13;;195;116;;;3910;81;0;413.1
SBE;01.12.76 00:00;-9.7;-2.1;-6.1;-3.3;-3.6;-3.4;31;3.3;;-0.3;;0;;826.2;-18.6;-7.3;;809.6;;;10;;46.9;53;;;4404;86;0;561.6
SBE;01.01.77 00:00;-8.9;-1.4;-5.3;-1.7;-1.5;-2.1;31;3.4;;0.1;;0;;829.2;-18.4;-4.2;;784.9;;;15;;185.3;240;;;3132;54;0;536.9
SBE;01.02.77 00:00;-7.5;1.4;-3.5;-0.2;-0.1;0.4;28;3.8;;0.6;;0;;828.3;-15.8;-3.9;;656.8;;;11;;138.5;230;;;4763;74;0;432.8
SBE;01.03.77 00:00;-3.5;5;0.4;0.9;1.2;1.3;28;4.5;;0.4;;0;;835.7;-9.6;3.4;;607.4;;;12;;129.9;161;;;6364;75;0;359.4
SBE;01.04.77 00:00;-3.9;4.4;0.2;-2.3;-2.4;-2.4;24;4.4;;-0.9;;0;;830.9;-10;-1.2;;592;;;11;;214.9;161;;;7674;100;0;352
SBE;01.05.77 00:00;0.8;8.1;4.3;-2.5;-1.8;-3.4;9;6.5;;-0.9;;0;;833.6;-3.3;-1.6;;486.5;;;19;;278;166;;;5003;65;0;238.5
SBE;01.06.77 00:00;4.4;12.4;8.5;-2.5;-1.8;-3.5;0;8.5;;-1.2;;0;;835.2;2.1;-2.4;;337.8;;;18;;141;82;;;5733;66;0;105.8
SBE;01.07.77 00:00;5.9;15.6;11;-2;-2.2;-2.6;0;10;;-1;;0;;835.9;2.3;-2.7;;196.2;;;16;;225.2;141;;;8681;89;0;44.2
SBE;01.08.77 00:00;5.5;13.1;9.4;-3.3;-2.6;-4.7;0;9.6;;-1.6;;0;;835.3;2.7;-3.7;;304.9;;;19;;372.6;199;;;5961;65;0;80.9
SBE;01.09.77 00:00;3.2;13.1;8;-0.8;-1.4;-0.3;8;7.4;;-1.5;;0;;839.7;-3.2;2.1;;303.7;;;7;;13;8;;;10349;129;0;127.7
SBE;01.10.77 00:00;0.9;9.3;4.7;-0.1;-0.1;0.1;14;7.1;;0.2;;0;;839.5;-3.8;3.2;;475.5;;;11;;306.3;169;;;6165;95;0;227.5
SBE;01.11.77 00:00;-5.1;2.6;-1.4;-1.6;-2.2;-1.5;24;4.3;;-0.6;;0;;830.6;-14.2;-2.7;;644.2;;;8;;41.6;25;;;5443;112;0;404.2
SBE;01.12.77 00:00;-7;2.3;-2.7;0.1;-0.9;1;31;3.5;;-0.1;;0;;835.6;-12.1;2.1;;702.7;;;8;;56;63;;;5144;100;0;454.7
SBE;01.01.78 00:00;-8.9;-0.6;-4.6;-1;-1.5;-1.3;31;3.1;;-0.2;;0;;828.5;-15;-4.9;;763.8;;;12;;160.4;208;;;4636;80;0;515.8
SBE;01.02.78 00:00;-9.2;-1.1;-5.3;-2;-1.8;-2.1;28;3.6;;0.4;;0;;823.9;-17.1;-8.3;;708.7;;;13;;140.2;233;;;3359;52;0;484.7
SBE;01.03.78 00:00;-5.2;2;-1.6;-1.1;-0.5;-1.7;29;4.1;;0;;0;;830.5;-13.5;-1.8;;669.5;;;13;;126.9;157;;;4059;48;0;421.5
SBE;01.04.78 00:00;-3.2;3.2;-0.2;-2.7;-1.7;-3.6;29;4.6;;-0.7;;0;;826.5;-12.3;-5.6;;605.2;;;14;;182.1;137;;;5079;66;0;365.2
SBE;01.05.78 00:00;0.3;7.3;3.8;-3;-2.3;-4.2;12;5.7;;-1.7;;0;;832;-3.8;-3.2;;503.5;;;17;;182.8;109;;;6340;83;0;255.5
SBE;01.06.78 00:00;2.9;12.2;7.9;-3.1;-3.3;-3.7;2;7.2;;-2.5;;0;;835.3;-1;-2.3;;364;;;12;;166.4;97;;;8656;100;0;124
SBE;01.07.78 00:00;5.6;14.8;10.6;-2.4;-2.5;-3.4;0;9.3;;-1.7;;0;;837.8;1.8;-0.8;;216;;;12;;173;109;;;8933;92;0;56
SBE;01.08.78 00:00;5.4;15.1;10.4;-2.3;-2.7;-2.7;0;10.1;;-1.1;;0;;838.4;0.7;-0.6;;249.7;;;10;;271.7;145;;;10757;116;0;57.7
SBE;01.09.78 00:00;4.6;14.8;9.4;0.6;0;1.4;1;7.5;;-1.4;;0;;838;-0.5;0.4;;271.3;;;4;;14.3;9;;;10772;135;0;87.3
SBE;01.10.78 00:00;0.4;10.4;4.9;0.1;-0.6;1.2;15;5.3;;-1.6;;0;;839;-2.2;2.7;;469.1;;;5;;62.1;34;;;9124;140;0;221.1
SBE;01.11.78 00:00;-4.3;6.8;0.4;0.2;-1.4;2.7;30;3.8;;-1.1;;0;;841;-11;7.7;;588.3;;;1;;6.8;4;;;8688;179;0;348.3
SBE;01.12.78 00:00;-7.2;1.2;-3.1;-0.3;-1.1;-0.1;31;3.8;;0.2;;0;;826.8;-12.6;-6.7;;714.2;;;14;;123.5;140;;;4574;89;0;466.2
SBE;01.01.79 00:00;-11.2;-2.9;-7.1;-3.5;-3.8;-3.6;31;2.8;;-0.5;;0;;826.8;-20.4;-6.6;;840.5;;;15;;120.5;156;;;3354;58;0;592.5
SBE;01.02.79 00:00;-7.8;0.5;-4;-0.7;-0.4;-0.5;28;3.5;;0.3;;0;;825.6;-17.1;-6.6;;672.4;;;8;;53;88;;;4919;76;0;448.4
SBE;01.03.79 00:00;-5.2;2.1;-1.7;-1.2;-0.5;-1.6;31;4.3;;0.2;;0;;827.5;-11.4;-4.8;;673.5;;;19;;252.3;312;;;4298;51;0;425.5
SBE;01.04.79 00:00;-4.4;2.7;-0.9;-3.4;-2.9;-4.1;29;3.9;;-1.4;;0;;828.8;-10.6;-3.3;;624.4;;;10;;105;79;;;6621;86;0;384.4
SBE;01.05.79 00:00;-0.4;8.8;4.2;-2.6;-3;-2.7;12;5.8;;-1.6;;0;;836.7;-10.7;1.5;;490.5;;;8;;181.3;108;;;7290;95;0;242.5
SBE;01.06.79 00:00;5.3;14.8;10.2;-0.8;-0.9;-1.1;0;9.3;;-0.4;;0;;838.1;0.3;0.5;;254;;;12;;97.5;57;;;7695;89;0;62
SBE;01.07.79 00:00;6.7;15.9;11.6;-1.4;-1.4;-2.3;0;9.7;;-1.3;;0;;839.7;2.8;1.1;;160.1;;;10;;168.6;106;;;9744;100;0;32.1
SBE;01.08.79 00:00;5.3;14.5;10;-2.7;-2.8;-3.3;0;9.9;;-1.3;;0;;836.3;0.2;-2.7;;252.8;;;14;;195.4;105;;;9105;99;0;68.8
SBE;01.09.79 00:00;3.3;13;8;-0.8;-1.3;-0.4;2;8.7;;-0.2;;0;;839.6;-1.3;2;;358.9;;;6;;127.4;78;;;10137;127;0;118.9
SBE;01.10.79 00:00;1.4;7.6;4.5;-0.3;0.4;-1.6;10;7.3;;0.4;;0;;834.8;-3.7;-1.5;;482.3;;;15;;417;231;;;4436;68;0;234.3
SBE;01.11.79 00:00;-4.2;3;-0.6;-0.8;-1.3;-1.1;25;3.9;;-1;;0;;832.6;-11.1;-0.7;;619;;;8;;107.1;64;;;5448;112;0;379
SBE;01.12.79 00:00;-5.2;2.2;-1.8;1;0.9;0.9;25;3.7;;0.1;;0;;831.8;-13.4;-1.7;;673.7;;;13;;113.8;129;;;4245;83;0;425.7
SBE;01.01.80 00:00;-9.9;-1.9;-6.3;-2.7;-2.5;-2.6;31;2.8;;-0.5;;0;;830;-15.4;-3.4;;815.7;;;9;;59;77;;;4384;76;0;567.7
SBE;01.02.80 00:00;-7.2;2.5;-2.9;0.4;0.2;1.5;29;2.9;;-0.3;;0;;835.8;-14.5;3.6;;663.6;;;4;;19.8;33;;;6596;102;0;431.6
SBE;01.03.80 00:00;-5.3;2;-1.9;-1.4;-0.6;-1.7;31;3.8;;-0.3;;0;;827.3;-10.8;-5;;677.7;;;13;;121.6;150;;;5346;63;0;429.7
SBE;01.04.80 00:00;-4.5;2.9;-0.8;-3.3;-3;-3.9;27;3.4;;-1.9;;0;;831.7;-9.3;-0.4;;624.2;;;3;;9;7;;;7621;99;0;384.2
SBE;01.05.80 00:00;0.6;7.3;4;-2.8;-2;-4.2;10;5.7;;-1.7;;0;;830.9;-2.3;-4.3;;497;;;17;;178.1;106;;;5468;71;0;249
SBE;01.06.80 00:00;3.6;11.9;8.1;-2.9;-2.6;-4;0;7.7;;-2;;0;;834.7;0;-2.9;;343.6;;;17;;229;134;;;7424;86;0;119.6
SBE;01.07.80 00:00;5.5;14.1;10.1;-2.9;-2.6;-4.1;0;9.3;;-1.7;;0;;835.9;1.6;-2.7;;260.1;;;11;;309.3;194;;;8147;83;0;76.1
SBE;01.08.80 00:00;7.8;17.2;12.7;0;-0.3;-0.6;1;11.5;;0.3;;0;;839.2;-0.8;0.2;;120;;;8;;52.2;28;;;9588;104;0;24
SBE;01.09.80 00:00;4.3;15.3;9.9;1.1;-0.3;1.9;1;8.5;;-0.4;;0;;841.5;-1.1;3.9;;290;;;4;;28.1;17;;;10131;127;0;66
SBE;01.10.80 00:00;0;7.2;3.4;-1.4;-1;-2;19;5.8;;-1.1;;0;;832.8;-4.2;-3.5;;516;;;11;;310.9;172;;;6539;100;0;268
SBE;01.11.80 00:00;-4.3;2.8;-1;-1.2;-1.4;-1.3;26;4.4;;-0.5;;0;;832.4;-13.6;-0.9;;631.1;;;10;;53.8;32;;;3887;80;0;391.1
SBE;01.12.80 00:00;-7.9;0.3;-3.8;-1;-1.8;-1;30;2.7;;-0.9;;0;;833.1;-14.1;-0.4;;736.3;;;4;;17.5;20;;;5367;105;0;488.3
SBE;01.01.81 00:00;-8.6;-0.4;-4.8;-1.2;-1.2;-1.1;31;2.2;;-1.1;;0;;832.7;-14.7;-0.7;;767.4;;;8;;48.1;62;;;5625;97;0;519.4
SBE;01.02.81 00:00;-9.3;0;-5;-1.7;-1.9;-1;26;2.5;;-0.7;;0;;831.5;-16.2;-0.7;;701.3;;;2;;8.3;14;;;6446;100;0;477.3
SBE;01.03.81 00:00;-3.9;5;0.3;0.8;0.8;1.3;23;4.3;;0.2;;0;;830;-12.7;-2.3;;609.9;;;11;;220;272;;;6043;72;0;361.9
SBE;01.04.81 00:00;-1;8.3;3.3;0.8;0.5;1.5;17;5.2;;-0.1;;0;;833.1;-8;1;;500;;;7;;95;71;;;7635;99;0;260
SBE;01.05.81 00:00;1;9.4;5.3;-1.5;-1.6;-2.1;11;6.5;;-0.9;;0;;832.3;-3;-2.9;;455.3;;;12;;272.5;162;;;4690;61;0;207.3
SBE;01.06.81 00:00;5.4;15;10.4;-0.6;-0.8;-0.9;0;8.7;;-1;;0;;837.5;0.9;-0.1;;214.5;;;9;;127;74;;;8446;97;0;70.5
SBE;01.07.81 00:00;5.7;14.9;10.7;-2.3;-2.4;-3.3;0;9.2;;-1.8;;0;;838.1;1.3;-0.5;;183.2;;;11;;348.8;219;;;8618;88;0;55.2
SBE;01.08.81 00:00;6.5;17.2;12.1;-0.6;-1.6;-0.6;0;10.6;;-0.6;;0;;839.4;0.5;0.4;;148.9;;;8;;55.8;30;;;12190;132;0;28.9
SBE;01.09.81 00:00;5.4;12.3;9.1;0.3;0.8;-1.1;0;10;;1.1;;0;;837.5;1.2;-0.1;;327.8;;;17;;429.2;264;;;4386;55;0;87.8
SBE;01.10.81 00:00;-0.6;7.3;3.3;-1.5;-1.6;-1.9;14;6.8;;-0.1;;0;;833;-10.4;-3.3;;516.4;;;12;;185;102;;;4840;74;0;268.4
SBE;01.11.81 00:00;-3.6;4.7;0.1;-0.1;-0.7;0.6;24;4.1;;-0.8;;0;;838.4;-11.3;5.1;;597.3;4.5;205;5;;20.7;12;81;128;7408;153;0;357.3
SBE;01.12.81 00:00;-9.1;-2;-5.8;-3;-3;-3.3;31;3.3;;-0.3;;0;;820.4;-16.1;-13.1;;798.6;2.7;108;15;;273.4;310;43;80;2733;53;0;550.6
SBE;01.01.82 00:00;-6.1;1;-3.1;0.5;1.3;0.3;31;3.7;;0.4;;0;;833.5;-14.2;0.1;;717.6;3.1;115;6;;38.6;50;64;95;5256;91;0;469.6
SBE;01.02.82 00:00;-8.6;0.1;-4.6;-1.3;-1.2;-0.9;28;3.3;;0.1;;0;;834.1;-18.7;1.9;;688.6;2.5;83;4;;23.5;39;100;93;5545;86;0;464.6
SBE;01.03.82 00:00;-7.4;0.6;-3.6;-3.1;-2.7;-3.1;31;3.5;;-0.6;;0;;832.5;-12.7;0.2;;730.5;2.7;96;13;;111;137;147;91;5740;68;0;482.5
SBE;01.04.82 00:00;-2.5;5.1;0.8;-1.7;-1;-1.7;25;4.2;;-1.1;;0;;831.9;-7.8;-0.2;;574.7;3.9;156;3;;7.6;6;235;122;9732;127;0;334.7
SBE;01.05.82 00:00;1.9;11;6;-0.8;-0.7;-0.5;9;6.5;;-0.9;;0;;838.1;-4.5;2.9;;433.4;2.4;104;13;;182.7;109;225;109;9009;118;0;185.4
SBE;01.06.82 00:00;6.1;15.4;10.9;-0.1;-0.1;-0.5;0;9.5;;-0.2;;0;;836.9;1.4;-0.7;;201.8;2.4;104;8;;192.1;112;217;97;8322;96;0;41.8
SBE;01.07.82 00:00;8.5;18.5;13.9;0.9;0.4;0.3;0;11;;0;;0;;839.3;5;0.7;;69.5;2.7;113;13;;162.2;102;227;101;10124;104;1.1;13.5
SBE;01.08.82 00:00;6.9;15.5;11.2;-1.5;-1.2;-2.3;0;10.9;;-0.3;;0;;838.2;2.4;-0.8;;176.9;2.3;105;15;;260.6;139;163;85;7053;76;0;40.9
SBE;01.09.82 00:00;5.5;14.8;10.2;1.4;0.9;1.4;0;10.1;;1.2;;0;;840.6;1.8;3;;252.3;1.8;86;11;;254.8;157;149;100;9328;116;0;60.3
SBE;01.10.82 00:00;0.2;7.8;3.6;-1.2;-0.8;-1.4;14;6.5;;-0.4;;0;;833.5;-3;-2.8;;509.5;1.7;85;15;;175;97;96;100;5800;89;0;261.5
SBE;01.11.82 00:00;-2.3;4.7;0.6;0.4;0.6;0.6;20;5;;0.1;;0;;835.7;-6.9;2.4;;583.9;2.6;118;11;;234.4;139;58;92;4046;83;0;343.9
SBE;01.12.82 00:00;-6.2;0.6;-3.2;-0.4;-0.1;-0.7;30;3.7;;0.1;;0;;831.4;-12.6;-2.1;;717.9;3;120;8;;123.5;140;49;91;4204;82;0;469.9
SBE;01.01.83 00:00;-3.6;3.9;-0.2;3.4;3.8;3.2;26;3.3;;0;;0;;840.7;-9.9;7.3;;626.6;4.1;152;5;;55.6;72;66;98;5548;96;0;378.6
SBE;01.02.83 00:00;-11.2;-2.1;-6.5;-3.2;-3.8;-3.1;28;2.5;;-0.7;;0;;830.1;-15.8;-2.1;;742.6;2.6;87;6;;22.9;38;104;96;5110;79;0;518.6
SBE;01.03.83 00:00;-3.3;4;-0.1;0.4;1.4;0.3;25;3.8;;-0.3;;0;;833.1;-9;0.8;;621.5;3.8;136;11;;79.6;99;151;94;7016;83;0;373.5
SBE;01.04.83 00:00;-1.5;4;0.8;-1.7;0;-2.8;19;5.4;;0.1;;0;;830.3;-6.3;-1.8;;576.1;1.9;76;18;;296.3;222;129;67;2563;33;0;336.1
SBE;01.05.83 00:00;0.8;7.2;3.8;-3;-1.8;-4.3;8;6.3;;-1.1;;0;;831.1;-1.4;-4.1;;501.7;2.4;104;19;;509.8;304;142;69;3251;42;0;253.7
SBE;01.06.83 00:00;5.3;14.9;10.1;-0.9;-0.9;-1;0;8.5;;-1.2;;0;;839.4;1.6;1.8;;262.7;2.4;104;10;;72.6;42;230;103;8756;101;0;62.7
SBE;01.07.83 00:00;9.2;21.7;15.6;2.6;1.1;3.5;0;10.5;;-0.5;;0;;841;4.4;2.4;;53.5;2.2;92;6;;35.9;23;257;114;12935;133;6.7;5.5
SBE;01.08.83 00:00;7;15.8;11.4;-1.3;-1.1;-2;0;10.4;;-0.8;;0;;838.9;3.4;-0.1;;191.8;2.3;105;14;;162.7;87;171;89;6432;70;0;31.8
SBE;01.09.83 00:00;4.4;14.2;9.4;0.6;-0.2;0.8;0;8.4;;-0.5;;0;;838.9;0;1.3;;278.6;2.8;133;9;;275.3;170;150;101;9220;115;0;86.6
SBE;01.10.83 00:00;1.4;10.7;5.7;0.9;0.4;1.5;7;6.2;;-0.7;;0;;840.4;-4.2;4.1;;445.3;3;150;5;;58.7;32;112;116;9003;138;0;197.3
SBE;01.11.83 00:00;-3.9;5.5;0.2;0;-1;1.4;29;4.3;;-0.6;;0;;834.4;-10.5;1.1;;597.1;2.1;95;5;;47.4;28;66;104;6326;130;0;357.1
SBE;01.12.83 00:00;-6.9;1.9;-3.1;-0.3;-0.8;0.6;28;3.4;;-0.2;;0;;833.8;-13.7;0.3;;716.1;3.1;124;10;;146.2;166;50;93;5939;116;0;468.1
SBE;01.01.84 00:00;-8.9;-1.5;-5.5;-1.9;-1.5;-2.2;31;2.8;;-0.5;;0;;829.8;-14;-3.6;;791.7;2.3;85;7;;41.2;53;58;86;3825;66;0;543.7
SBE;01.02.84 00:00;-9.8;-2.3;-6.3;-3;-2.4;-3.3;29;2.8;;-0.4;;0;;830.9;-16.1;-1.3;;763.7;3.1;103;11;;80.8;134;94;87;4851;75;0;531.7
SBE;01.03.84 00:00;-7.7;0.2;-4;-3.5;-3;-3.5;31;3.2;;-0.9;;0;;828.7;-12.9;-3.6;;743.5;3.1;111;8;;125.4;155;149;92;7105;84;0;495.5
SBE;01.04.84 00:00;-3.9;3.9;0;-2.5;-2.4;-2.9;26;3.8;;-1.5;;0;;832.7;-9.8;0.6;;600.8;3.6;144;10;;126.1;95;222;115;9973;130;0;360.8
SBE;01.05.84 00:00;-0.4;5.3;2.3;-4.5;-3;-6.2;13;5.7;;-1.7;;0;;827.5;-10.1;-7.7;;548.6;2.1;91;21;;373;222;155;75;2630;34;0;300.6
SBE;01.06.84 00:00;3.3;13.7;8.5;-2.5;-2.9;-2.2;5;7.3;;-2.4;;0;;836.7;-0.9;-0.9;;327.6;2.4;104;7;;119.1;69;255;114;9930;114;0;103.6
SBE;01.07.84 00:00;6.2;17.7;12;-1;-1.9;-0.5;0;9;;-2;;0;;839.9;2.8;1.3;;145.6;2.9;121;7;;15.3;10;244;108;11460;117;0;33.6
SBE;01.08.84 00:00;6.7;15.3;10.9;-1.8;-1.4;-2.5;0;9.8;;-1.4;;0;;838.5;4;-0.5;;233.8;2.7;123;10;;120.9;65;168;87;7294;79;0;41.8
SBE;01.09.84 00:00;2.5;11.1;6.7;-2.1;-2.1;-2.3;7;7.6;;-1.3;;0;;833;-1.5;-4.6;;386.1;2.8;133;14;;371.3;229;144;97;7451;93;0;162.1
SBE;01.10.84 00:00;0.9;9.3;4.8;0;-0.1;0.1;9;6.2;;-0.7;;0;;838.2;-2;1.9;;470.8;2.5;125;9;;236.2;131;91;94;6398;98;0;222.8
SBE;01.11.84 00:00;-2.9;5.2;0.3;0.1;0;1.1;25;5;;0.1;;0;;832.3;-7.6;-1;;593.6;1.4;64;7;;106.4;63;57;90;4264;88;0;353.6
SBE;01.12.84 00:00;-5.7;1.2;-2.9;-0.1;0.4;-0.1;30;3.7;;0.1;;0;;836.7;-12;3.2;;707.7;3;120;6;;98.2;111;48;90;5000;97;0;459.7
SBE;01.01.85 00:00;-13;-4.9;-8.8;-5.2;-5.6;-5.6;31;2.5;;-0.8;;0;;824.2;-24.6;-9.2;;893.6;2.8;104;12;;195.2;253;58;86;4120;71;0;645.6
SBE;01.02.85 00:00;-6.7;1.3;-2.9;0.4;0.7;0.3;26;3.1;;-0.1;;0;;832.4;-15.6;0.2;;641.2;3.1;103;5;;14.3;24;103;95;5514;86;0;417.2
SBE;01.03.85 00:00;-7.8;0.5;-3.9;-3.4;-3.1;-3.2;31;3.4;;-0.7;;0;;828.9;-14.7;-3.4;;739.9;2.8;100;13;;222;275;140;87;5254;62;0;491.9
SBE;01.04.85 00:00;-2.7;5.3;1.2;-1.3;-1.2;-1.5;28;4.1;;-1.2;;0;;830.7;-6.2;-1.4;;564.9;3.1;124;8;;144.6;109;209;108;7176;93;0;324.9
SBE;01.05.85 00:00;1.3;9.5;4.9;-1.9;-1.3;-2;8;6.3;;-1.1;;0;;831.6;-3.1;-3.6;;466.9;1.9;83;13;;215;128;192;93;5931;77;0;218.9
SBE;01.06.85 00:00;3.8;12.6;8.3;-2.7;-2.4;-3.3;0;7.4;;-2.3;;0;;835.4;0.5;-2.2;;344.1;2.6;113;16;;146.8;86;210;94;8001;92;0;112.1
SBE;01.07.85 00:00;7.9;18.1;13.1;0.1;-0.2;-0.1;0;10.7;;-0.3;;0;;839.9;3.7;1.3;;80.7;2.3;96;11;;86.9;55;222;99;10376;106;0;8.7
SBE;01.08.85 00:00;6.3;16.6;11.4;-1.3;-1.8;-1.2;0;9;;-2.2;;0;;838.8;2.3;-0.2;;168.8;2.9;132;8;;244;131;189;98;9479;103;0;40.8
SBE;01.09.85 00:00;5.5;16.7;11.1;2.3;0.9;3.3;0;8;;-0.9;;0;;841.8;1.1;4.2;;210.4;2.9;138;5;;50.9;31;183;123;12043;150;0;42.4
SBE;01.10.85 00:00;1.1;11.1;5.6;0.8;0.1;1.9;12;6.4;;-0.5;;0;;841.7;-4.9;5.4;;438.8;2.3;115;2;;8.4;5;113;117;8767;134;0;198.8
SBE;01.11.85 00:00;-7.1;0.5;-3.7;-3.9;-4.2;-3.6;28;3.5;;-1.4;;0;;828.8;-16;-4.5;;712;2.1;95;10;;64.2;38;65;103;4688;97;0;472
SBE;01.12.85 00:00;-3.6;3.2;-1;1.8;2.5;1.9;26;3.9;;0.3;;0;;835;-8.8;1.5;;650.2;3;120;11;;94;106;47;88;4995;97;0;402.2
SBE;01.01.86 00:00;-9.1;-1.8;-5.9;-2.3;-1.7;-2.5;31;2.8;;-0.5;;0;;826.7;-17.4;-6.7;;802.4;2.4;89;11;;160.4;208;60;89;4693;81;0;554.4
SBE;01.02.86 00:00;-12.9;-4.5;-8.7;-5.4;-5.5;-5.5;28;2.5;;-0.7;;0;;823.1;-21.2;-9.1;;804;3;100;8;;38.7;64;104;96;4802;75;0;580
SBE;01.03.86 00:00;-5.5;2.4;-1.7;-1.2;-0.8;-1.3;31;3.9;;-0.2;;0;;831.7;-10.3;-0.6;;673.5;2;71;12;;53.4;66;155;96;6446;76;0;425.5
SBE;01.04.86 00:00;-2.8;2;-0.6;-3.1;-1.3;-4.8;23;5.2;;-0.1;;0;;827.5;-11.3;-4.6;;617;2.6;104;23;;635.7;477;121;63;1622;21;0;377
SBE;01.05.86 00:00;2.2;10.6;5.8;-1;-0.4;-0.9;4;7.4;;0;;0;;838.3;-0.9;3.1;;440.4;1.7;74;17;;235.1;140;205;100;6856;90;0;192.4
SBE;01.06.86 00:00;4.8;15.4;10.2;-0.8;-1.4;-0.5;4;8.2;;-1.5;;0;;836.7;-0.9;-0.9;;243.2;3;130;10;;64.9;38;264;118;11197;129;0;91.2
SBE;01.07.86 00:00;6.5;16.6;11.8;-1.2;-1.6;-1.6;0;9.7;;-1.3;;0;;839;3.9;0.4;;167;3;125;8;;179.1;112;235;104;10454;107;0;31
SBE;01.08.86 00:00;5.9;15.9;11;-1.7;-2.2;-1.9;0;10.7;;-0.5;;0;;837.9;1;-1.1;;197.1;2.3;105;16;;250.8;134;186;97;9049;98;0;53.1
SBE;01.09.86 00:00;5.1;14.1;9.4;0.6;0.5;0.7;0;8.9;;0;;0;;840.2;1;2.6;;318.6;2.1;100;10;;37.7;23;147;99;7793;97;0;78.6
SBE;01.10.86 00:00;1.2;11.6;5.9;1.1;0.2;2.4;10;6.4;;-0.5;;0;;839.2;-3.4;2.9;;424;2.3;115;4;;27.8;15;123;128;9386;144;0;192
SBE;01.11.86 00:00;-2.6;5.3;0.6;0.4;0.3;1.2;26;4.4;;-0.5;;0;;839.6;-8.9;6.3;;582.3;2.6;118;6;;64.7;38;69;109;6178;127;0;342.3
SBE;01.12.86 00:00;-6.4;1.6;-3.3;-0.5;-0.3;0.3;31;3;;-0.6;;0;;834.9;-14;1.4;;720.5;2.8;112;5;;36.9;42;57;106;5558;108;0;472.5
SBE;01.01.87 00:00;-10.9;-0.9;-6;-2.4;-3.5;-1.6;31;2.5;;-0.8;;0;;828.6;-24.5;-4.8;;804.5;3.1;115;5;;27.3;35;68;101;6022;104;0;556.5
SBE;01.02.87 00:00;-6.1;0.5;-3;0.3;1.3;-0.5;28;3.5;;0.3;;0;;828.7;-13.2;-3.5;;643.1;3.1;103;11;;108.1;180;81;75;3510;55;0;419.1
SBE;01.03.87 00:00;-9.4;-0.5;-4.9;-4.4;-4.7;-4.2;30;2.8;;-1.3;;0;;829.8;-15.8;-2.5;;772.7;3.2;114;9;;59.1;73;166;103;7354;87;0;524.7
SBE;01.04.87 00:00;-2.1;6.6;2.2;-0.3;-0.6;-0.2;20;4.8;;-0.5;;0;;835.2;-10.9;3.1;;534.3;3.3;132;6;;105.5;79;227;117;9459;123;0;294.3
SBE;01.05.87 00:00;-0.2;8.7;3.8;-3;-2.8;-2.8;19;5.6;;-1.8;;0;;832.5;-3.9;-2.7;;501.2;3.4;148;13;;128.3;77;226;110;8919;116;0;253.2
SBE;01.06.87 00:00;3.3;13;8;-3;-2.9;-2.9;6;8.3;;-1.4;;0;;836.5;-0.9;-1.1;;336.2;2.5;109;13;;418.4;244;192;86;6439;74;0;128.2
SBE;01.07.87 00:00;7.7;17.5;12.2;-0.8;-0.4;-0.7;0;11.4;;0.4;;0;;838.1;2.2;-0.5;;132.4;2.2;92;21;;417.9;262;191;85;7807;80;0;28.4
SBE;01.08.87 00:00;7.2;16.8;11.9;-0.8;-0.9;-1;1;10.5;;-0.7;;0;;837.9;-0.1;-1.1;;142.1;2.3;105;10;;176.4;94;186;97;9118;99;0;38.1
SBE;01.09.87 00:00;6.7;16.5;11.3;2.5;2.1;3.1;0;9.5;;0.6;;0;;840;0.4;2.4;;199;1.9;90;8;;165.8;102;152;102;8767;109;0;47
SBE;01.10.87 00:00;1.7;8.1;4.7;-0.1;0.7;-1.1;8;7.6;;0.7;;0;;836.8;-2.6;0.5;;475.8;1.5;75;18;;282.6;156;60;62;3592;55;0;227.8
SBE;01.11.87 00:00;-2.8;4.2;0.5;0.3;0.1;0.1;25;4.3;;-0.6;;0;;832.2;-6.5;-1.1;;585.7;3.3;150;9;;76.9;46;65;103;5224;108;0;345.7
SBE;01.12.87 00:00;-3.1;4.2;0.3;3.1;3;2.9;21;3.9;;0.3;;0;;835.9;-12.1;2.4;;610.1;2.9;116;3;;21.7;25;52;97;5288;103;0;362.1
SBE;01.01.88 00:00;-5.9;0.6;-2.7;0.9;1.5;-0.1;31;4;;0.7;;0;;831;-11.1;-2.4;;705;1.9;70;14;;195.9;254;50;74;3620;62;0;457
SBE;01.02.88 00:00;-9.1;0.2;-4.8;-1.5;-1.7;-0.8;29;2.8;;-0.4;;0;;829.3;-13.9;-2.9;;718.8;3.6;120;8;;105.5;175;107;99;6187;96;0;486.8
SBE;01.03.88 00:00;-5.9;0.7;-2.7;-2.2;-1.2;-3;31;3.5;;-0.6;;0;;827.8;-14.7;-4.5;;705.1;3.8;136;11;;64.5;80;159;99;5967;71;0;457.1
SBE;01.04.88 00:00;-0.5;6.2;2.4;-0.1;1;-0.6;14;5.8;;0.5;;0;;832.1;-5.4;0;;527.3;1.9;76;14;;74.2;56;183;95;5051;66;0;287.3
SBE;01.05.88 00:00;3;10.3;6.3;-0.5;0.4;-1.2;1;8.1;;0.7;;0;;833.5;-1.3;-1.7;;424.3;1.5;65;19;;259;154;154;75;4309;56;0;176.3
SBE;01.06.88 00:00;4.5;13.4;8.8;-2.2;-1.7;-2.5;1;8.5;;-1.2;;0;;834.3;-0.2;-3.3;;335;2.6;113;14;;109.7;64;213;95;7056;81;0;95
SBE;01.07.88 00:00;7.7;17.2;12.6;-0.4;-0.4;-1;0;11;;0;;0;;838.2;3.1;-0.4;;109.6;2.5;104;12;;237.7;149;213;95;9673;99;0;21.6
SBE;01.08.88 00:00;7.1;17.1;12;-0.7;-1;-0.7;0;10.8;;-0.4;;0;;837.8;3.6;-1.2;;131.2;2.5;114;10;;239.2;128;193;100;9475;103;0;35.2
SBE;01.09.88 00:00;4.2;13.4;8.8;0;-0.4;0;0;8.7;;-0.2;;0;;838.6;0.5;1;;314.8;2.5;119;7;;128.1;79;157;106;9223;115;0;98.8
SBE;01.10.88 00:00;2.4;10.2;6;1.2;1.4;1;7;7.8;;0.9;;0;;837.9;-2;1.6;;435.4;2;100;12;;290.4;161;76;79;5593;86;0;187.4
SBE;01.11.88 00:00;-5.1;4.1;-0.9;-1.1;-2.2;0;28;3.5;;-1.4;;0;;835.5;-14.6;2.2;;625.7;3.2;145;2;;18.1;11;73;116;7270;150;0;385.7
SBE;01.12.88 00:00;-3.6;2.9;-0.7;2.1;2.5;1.6;28;3.5;;-0.1;;0;;836.3;-9.5;2.8;;641.3;5.3;212;5;;47.3;54;54;101;5464;106;0;393.3
SBE;01.01.89 00:00;-5.1;5.4;-0.6;3;2.3;4.7;30;2.8;;-0.5;;0;;844.6;-10;11.2;;639;2.6;96;0;;0.2;0;74;110;8944;154;0;391
SBE;01.02.89 00:00;-4.6;3.9;-0.8;2.5;2.8;2.9;28;3.7;;0.5;;0;;835.5;-12.3;3.3;;582.3;2.3;77;5;;107.8;179;89;82;6778;105;0;358.3
SBE;01.03.89 00:00;-3.8;6;1;1.5;0.9;2.3;30;4.4;;0.3;;0;;833.9;-12.3;1.6;;589.3;2.7;96;7;;51.6;64;165;102;10362;123;0;341.3
SBE;01.04.89 00:00;-1.8;3.1;0.5;-2;-0.3;-3.7;23;5.4;;0.1;;0;;826.4;-8.6;-5.7;;586.2;2.5;100;21;;336.3;252;138;71;1992;26;0;346.2
SBE;01.05.89 00:00;2.4;11.1;6.5;-0.3;-0.2;-0.4;2;7;;-0.4;;0;;837.8;-2.1;2.6;;417.8;2.9;126;12;;78.6;47;235;114;10083;132;0;169.8
SBE;01.06.89 00:00;4;14;9;-2;-2.2;-1.9;2;7.7;;-2;;0;;836;-0.7;-1.6;;287.1;3.1;135;10;;131.1;76;248;111;9207;106;0;95.1
SBE;01.07.89 00:00;8.2;17.8;12.7;-0.3;0.1;-0.4;0;10.5;;-0.5;;0;;840.2;4.2;1.6;;75.2;2.8;117;13;;80;50;214;95;8871;91;0;11.2
SBE;01.08.89 00:00;7;17.1;12;-0.7;-1.1;-0.7;0;10.3;;-0.9;;0;;837.5;1.3;-1.5;;140.3;2.8;127;10;;82.1;44;207;108;10444;113;0;36.3
SBE;01.09.89 00:00;4.3;13;8.5;-0.3;-0.3;-0.4;0;8.8;;-0.1;;0;;838.4;1.2;0.8;;338.2;2.6;124;9;;52;32;138;93;6960;87;0;106.2
SBE;01.10.89 00:00;0.6;11.8;5.4;0.6;-0.4;2.6;12;5.5;;-1.4;;0;;839.5;-2.9;3.2;;451.3;2.8;140;4;;16.4;9;126;131;9993;153;0;203.3
SBE;01.11.89 00:00;-4.1;3.6;-0.5;-0.7;-1.2;-0.5;26;4.3;;-0.6;;0;;833.5;-11.1;0.2;;615.2;2.6;118;6;;101.3;60;62;98;5369;111;0;375.2
SBE;01.12.89 00:00;-6.2;2.9;-2.4;0.4;-0.1;1.6;29;3.7;;0.1;;0;;833.3;-12.6;-0.2;;694;1.5;60;8;;198.7;225;49;91;5935;116;0;446
SBE;01.01.90 00:00;-6.6;3.2;-2.1;1.5;0.8;2.5;31;3;;-0.3;;0;;838.6;-11.3;5.2;;684.3;2.2;81;6;;70.2;91;64;95;7164;124;0;436.3
SBE;01.02.90 00:00;-5.9;4.4;-1.1;2.2;1.5;3.4;28;4;;0.8;;0;;835.1;-11.4;2.9;;589.9;1.7;57;10;;144.4;240;93;86;6083;94;0;365.9
SBE;01.03.90 00:00;-2.9;6.3;1.6;2.1;1.8;2.6;24;4;;-0.1;;0;;841.9;-9.4;9.6;;569;3.3;118;1;;4.2;5;172;107;9925;118;0;321
SBE;01.04.90 00:00;-1.8;4.1;1;-1.5;-0.3;-2.7;24;5;;-0.3;;0;;830;-6.5;-2.1;;570.5;2.8;112;15;;112;84;180;93;4457;58;0;330.5
SBE;01.05.90 00:00;2.9;13;7.5;0.7;0.3;1.5;3;7.6;;0.2;;0;;838;-1.8;2.8;;388.4;1.7;74;11;;80.8;48;213;104;8464;111;0;140.4
SBE;01.06.90 00:00;5.1;13.7;9.2;-1.8;-1.1;-2.2;0;9.4;;-0.3;;0;;835.8;1.2;-1.8;;285.1;2.4;104;17;;268.3;156;181;81;5966;69;0;93.1
SBE;01.07.90 00:00;7.5;19;13.2;0.2;-0.6;0.8;0;9.7;;-1.3;;0;;839.7;3.1;1.1;;110.7;3;125;8;;57.7;36;265;118;12369;127;0.5;22.7
SBE;01.08.90 00:00;7.2;18.2;12.3;-0.4;-0.9;0.4;0;10.3;;-0.9;;0;;841.2;3.6;2.2;;122.3;2.2;100;9;;84.7;45;211;110;11034;119;0;18.3
SBE;01.09.90 00:00;4;13.1;8.3;-0.5;-0.6;-0.3;1;7.9;;-1;;0;;837.2;-0.3;-0.4;;351.9;2.7;129;7;;34.3;21;159;107;8684;108;0;111.9
SBE;01.10.90 00:00;1.7;9.2;5.3;0.5;0.7;0;12;7.7;;0.8;;0;;835.2;-4.8;-1.1;;456.9;1.7;85;15;;185.7;103;75;78;4444;68;0;208.9
SBE;01.11.90 00:00;-4.5;3.4;-0.7;-0.9;-1.6;-0.7;27;4.3;;-0.6;;0;;830.2;-11.2;-3.1;;621.1;2.7;123;9;;197.1;117;70;111;5588;115;0;381.1
SBE;01.12.90 00:00;-9.4;-1.8;-5.8;-3;-3.3;-3.1;31;3.1;;-0.5;;0;;830.8;-15.1;-2.7;;800.2;3.4;136;8;;72.4;82;56;104;5318;104;0;552.2
SBE;01.01.91 00:00;-8.1;1;-3.6;0;-0.7;0.3;31;3.4;;0.1;;0;;838;-14.9;4.6;;732.4;2.1;78;6;;30.4;39;64;95;5136;89;0;484.4
SBE;01.02.91 00:00;-10.6;-1.3;-6.1;-2.8;-3.2;-2.3;26;2.9;;-0.3;;0;;830.1;-22.2;-2.1;;730.1;2.9;97;5;;36;60;116;107;7928;123;0;506.1
SBE;01.03.91 00:00;-2.2;4.3;0.8;1.3;2.5;0.6;29;5.3;;1.2;;0;;831.6;-9.1;-0.7;;594.6;2;71;11;;211.7;262;119;74;4790;57;0;346.6
SBE;01.04.91 00:00;-3.5;4.4;0.3;-2.2;-2;-2.4;29;4.6;;-0.7;;0;;831.3;-9.2;-0.8;;590.5;2.8;112;10;;68.1;51;202;105;8328;108;0;350.5
SBE;01.05.91 00:00;-0.2;7.6;3.4;-3.4;-2.8;-3.9;18;5.2;;-2.2;;0;;833.6;-4.6;-1.6;;513.8;4;174;8;;35.1;21;244;119;8176;107;0;265.8
SBE;01.06.91 00:00;4.3;12.8;8.6;-2.4;-1.9;-3.1;0;8.6;;-1.1;;0;;835.6;0.2;-2;;318.7;2.5;109;16;;224.3;131;202;90;7428;86;0;110.7
SBE;01.07.91 00:00;8.6;19.5;14;1;0.5;1.3;0;11.2;;0.2;;0;;838.9;4.6;0.3;;67.2;2.4;100;11;;91.8;58;248;110;11458;117;0.1;11.2
SBE;01.08.91 00:00;9.2;19.8;14.3;1.6;1.1;2;0;10.8;;-0.4;;0;;841.1;2.9;2.1;;47.2;2.7;123;3;;7.4;4;229;119;12420;134;0;7.2
SBE;01.09.91 00:00;6.5;15;10.6;1.8;1.9;1.6;1;10;;1.1;;0;;838.7;-1.4;1.1;;228.1;2.2;105;10;;379.2;233;143;96;8035;100;0;52.1
SBE;01.10.91 00:00;-0.5;6.9;3;-1.8;-1.5;-2.3;14;6.3;;-0.6;;0;;835.2;-5.7;-1.1;;527.7;2;100;10;;110.5;61;90;93;5565;85;0;279.7
SBE;01.11.91 00:00;-5.4;2.9;-1.5;-1.7;-2.5;-1.2;30;4.2;;-0.7;;0;;832.1;-10.3;-1.2;;645.5;2.3;105;8;;107;64;68;108;4993;103;0;405.5
SBE;01.12.91 00:00;-7.2;1.9;-3.4;-0.6;-1.1;0.6;30;2.9;;-0.7;;0;;839.7;-16.8;6.2;;725.5;3.5;140;5;;92.5;105;59;110;6861;134;0;477.5
SBE;01.01.92 00:00;-5.7;2.5;-1.6;2;1.7;1.8;28;3.2;;-0.1;;0;;841.5;-14.8;8.1;;668.4;3.5;130;4;;50.7;66;72;107;7473;129;0;420.4
SBE;01.02.92 00:00;-6.3;2.3;-2;1.3;1.1;1.3;29;3.2;;0;;0;;838.8;-13.5;6.6;;637.9;3.4;113;5;;22.7;38;112;104;7384;115;0;405.9
SBE;01.03.92 00:00;-4;3.7;-0.3;0.2;0.7;0;30;4.3;;0.2;;0;;832;-10.3;-0.3;;630.4;3;107;7;;87.9;109;155;96;7703;91;0;382.4
SBE;01.04.92 00:00;-2.3;5.1;1.5;-1;-0.8;-1.7;22;5.2;;-0.1;;0;;830.3;-10.1;-1.8;;555.4;3.1;124;7;;119.6;90;186;96;5753;75;0;315.4
SBE;01.05.92 00:00;3.3;12.6;7.7;0.9;0.7;1.1;1;7.9;;0.5;;0;;837.6;-0.3;2.4;;368;2;87;15;;93.5;56;206;100;8484;111;0;136
SBE;01.06.92 00:00;5;13.4;8.9;-2.1;-1.2;-2.5;1;9.1;;-0.6;;0;;834;-0.5;-3.6;;293.4;2.3;100;15;;187.1;109;196;88;5937;68;0;93.4
SBE;01.07.92 00:00;8.2;17.8;12.9;-0.1;0.1;-0.4;0;11.4;;0.4;;0;;839.4;4.1;0.8;;133.4;2.4;100;10;;123.3;77;218;97;9113;93;0;37.4
SBE;01.08.92 00:00;9.1;19.4;14.3;1.6;1;1.6;0;12;;0.8;;0;;839.8;1.8;0.8;;64.7;1.9;86;12;;209;112;200;104;10710;116;0;8.7
SBE;01.09.92 00:00;4.4;12.7;8.4;-0.4;-0.2;-0.7;1;8.6;;-0.3;;0;;840.1;-0.1;2.5;;349.5;1.9;90;12;;156.9;97;136;92;7293;91;0;109.5
SBE;01.10.92 00:00;-0.8;5.6;2.2;-2.6;-1.8;-3.6;17;6.4;;-0.5;;0;;827.7;-8.3;-8.6;;552;1.6;80;18;;149.8;83;71;74;3404;52;0;304
SBE;01.11.92 00:00;-1.4;6.3;2.1;1.9;1.5;2.2;19;4.9;;0;;0;;835.6;-6.8;2.3;;537;2.5;114;7;;49.4;29;63;100;5296;109;0;297
SBE;01.12.92 00:00;-7.3;1.5;-3.3;-0.5;-1.2;0.2;31;3.7;;0.1;;0;;834;-15;0.5;;720.9;2.7;108;6;;97.1;110;50;93;5175;101;0;472.9
SBE;01.01.93 00:00;-5.5;3.3;-1.3;2.3;1.9;2.6;29;3.9;;0.6;;0;;840.6;-18;7.2;;660;2.7;100;3;;5.7;7;66;98;6562;113;0;412
SBE;01.02.93 00:00;-6.7;2.3;-2.9;0.4;0.7;1.3;28;3;;-0.2;;0;;838.4;-17.1;6.2;;642;3.2;107;6;;23.4;39;113;105;8096;126;0;418
SBE;01.03.93 00:00;-6;2.5;-1.8;-1.3;-1.3;-1.2;27;3.8;;-0.3;;0;;834.4;-12.9;2.1;;675.3;3.3;118;7;;26.3;33;158;98;8751;104;0;427.3
SBE;01.04.93 00:00;-1.3;6.7;2.5;0;0.2;-0.1;19;5.6;;0.3;;0;;830.7;-5.8;-1.4;;524.8;2.5;100;15;;84.2;63;168;87;5968;78;0;284.8
SBE;01.05.93 00:00;3.3;11.7;7.3;0.5;0.7;0.2;3;8.2;;0.8;;0;;834.4;-0.5;-0.8;;381;1.7;74;19;;125.5;75;178;87;6538;85;0;149
SBE;01.06.93 00:00;5.8;15.2;10.6;-0.4;-0.4;-0.7;0;9.4;;-0.3;;0;;837.3;2.1;-0.3;;230.4;2.5;109;11;;165.4;96;216;97;8305;96;0;54.4
SBE;01.07.93 00:00;6.1;15.7;10.8;-2.2;-2;-2.5;0;9.8;;-1.2;;0;;838.7;0.7;0.1;;231.1;2.8;117;13;;198.5;125;220;98;8791;90;0;55.1
SBE;01.08.93 00:00;7.3;17.4;12.3;-0.4;-0.8;-0.4;0;10.7;;-0.5;;0;;839.9;0.3;0.9;;123.4;2.3;105;11;;157.8;84;191;99;9082;98;0;27.4
SBE;01.09.93 00:00;3.5;10.2;6.8;-2;-1.1;-3.2;5;8.6;;-0.3;;0;;833.9;-2.5;-3.7;;387.1;2;95;17;;349;215;102;69;4050;51;0;155.1
SBE;01.10.93 00:00;-0.4;6.6;2.8;-2;-1.4;-2.6;16;6.9;;0;;0;;833.2;-7.2;-3.1;;533.2;1.7;85;20;;501.1;277;70;73;3720;57;0;285.2
SBE;01.11.93 00:00;-5.4;1.6;-2.1;-2.3;-2.5;-2.5;25;4.4;;-0.5;;0;;833.4;-14.7;0.1;;663.2;1.9;86;8;;57.4;34;62;98;4029;83;0;423.2
SBE;01.12.93 00:00;-6.6;1.1;-3;-0.2;-0.5;-0.2;31;3.9;;0.3;;0;;829.4;-12.4;-4.1;;714.5;2.1;84;11;;69.5;79;58;108;5456;106;0;466.5
SBE;01.01.94 00:00;-6.3;0.9;-2.9;0.7;1.1;0.2;31;3.9;;0.6;;0;;830.9;-15.9;-2.5;;710.2;3.2;119;11;;213.5;277;64;95;4984;86;0;462.2
SBE;01.02.94 00:00;-8.8;-1.3;-5.1;-1.8;-1.4;-2.3;28;3.5;;0.3;;0;;829.9;-16.4;-2.3;;703.7;2.5;83;8;;96.1;160;100;93;4516;70;0;479.7
SBE;01.03.94 00:00;-2;6.6;2.3;2.8;2.7;2.9;26;4.8;;0.7;;0;;836.7;-7.5;4.4;;549.7;3;107;4;;25.9;32;174;108;9601;114;0;301.7
SBE;01.04.94 00:00;-2.5;4.6;0.9;-1.6;-1;-2.2;21;4.9;;-0.4;;0;;828.3;-9.2;-3.8;;574.2;2.8;112;11;;80.1;60;193;100;6126;80;0;334.2
SBE;01.05.94 00:00;2.9;10.6;6.5;-0.3;0.3;-0.9;3;7.9;;0.5;;0;;833.4;-1.4;-1.8;;419.7;2.1;91;21;;252.6;151;161;78;5497;72;0;171.7
SBE;01.06.94 00:00;6;16;10.7;-0.3;-0.2;0.1;0;8.9;;-0.8;;0;;839.2;1.3;1.6;;220.9;3.1;135;12;;99.8;58;245;110;9217;106;0;60.9
SBE;01.07.94 00:00;9;20.3;14.6;1.6;0.9;2.1;0;11.9;;0.9;;0;;840.3;6;1.7;;16;2.3;96;13;;137.3;86;259;115;11912;122;0;0
SBE;01.08.94 00:00;8.2;18.7;13.3;0.6;0.1;0.9;0;11.3;;0.1;;0;;838.6;5.4;-0.4;;80;2.1;95;12;;181.9;97;205;107;10136;110;0;8
SBE;01.09.94 00:00;4.4;11.6;7.9;-0.9;-0.2;-1.8;3;9.4;;0.5;;0;;836.2;-2.2;-1.4;;354.8;1.8;86;14;;320.5;197;112;75;5279;66;0;122.8
SBE;01.10.94 00:00;-0.3;9.1;3.9;-0.9;-1.3;-0.1;16;6.4;;-0.5;;0;;835.8;-4.9;-0.5;;498.2;1.9;95;9;;83.2;46;107;111;7697;118;0;250.2
SBE;01.11.94 00:00;1.1;7.9;4.4;4.2;4;3.8;9;5.8;;0.9;;0;;838;-1.5;4.7;;468.3;3.2;145;10;;107.4;64;55;87;4190;86;0;228.3
SBE;01.12.94 00:00;-4.4;3;-1.1;1.7;1.7;1.7;28;3.9;;0.3;;0;;836.7;-10.8;3.2;;653.1;2.7;108;4;;32.4;37;55;103;5704;111;0;405.1
SBE;01.01.95 00:00;-9.8;-1.9;-6;-2.4;-2.4;-2.6;31;3.1;;-0.2;;0;;831.6;-17.8;-1.8;;806.7;3.1;115;10;;98.2;127;66;98;5044;87;0;558.7
SBE;01.02.95 00:00;-5.9;3.1;-1.6;1.7;1.5;2.1;27;4;;0.8;;0;;832.8;-11.3;0.6;;603.4;2.6;87;10;;70.4;117;95;88;5576;87;0;379.4
SBE;01.03.95 00:00;-8.2;1.7;-3.1;-2.6;-3.5;-2;31;3.3;;-0.8;;0;;829.9;-13.5;-2.4;;716.7;3.2;114;6;;32.1;40;172;107;9487;112;0;468.7
SBE;01.04.95 00:00;-1.1;7;2.8;0.3;0.4;0.2;20;5.3;;0;;0;;832.5;-6.1;0.4;;516;3.1;124;7;;183.7;138;189;98;8319;108;0;276
SBE;01.05.95 00:00;2;10.9;6.4;-0.4;-0.6;-0.6;8;6.8;;-0.6;;0;;834.4;-3.2;-0.8;;421.3;2.5;109;12;;170.7;102;204;99;7836;102;0;173.3
SBE;01.06.95 00:00;4.4;13;8.6;-2.4;-1.8;-2.9;1;8.3;;-1.4;;0;;835.3;-0.2;-2.3;;285.9;3;130;11;;108.1;63;207;93;7120;82;0;117.9
SBE;01.07.95 00:00;9.1;19.5;14.2;1.2;1;1.3;0;12.1;;1.1;;0;;839.2;5;0.6;;29.2;2.3;96;13;;100;63;231;103;10124;104;0;5.2
SBE;01.08.95 00:00;6.9;16.2;11.2;-1.5;-1.2;-1.6;0;10.4;;-0.8;;0;;837.6;0.7;-1.4;;171.4;2.6;118;16;;119.7;64;183;95;7162;78;0;43.4
SBE;01.09.95 00:00;2.1;9.9;5.9;-2.9;-2.5;-3.5;5;7.4;;-1.5;;0;;833.7;-3.7;-3.9;;422.2;2.3;110;13;;211;130;119;80;5623;70;0;182.2
SBE;01.10.95 00:00;2.7;12.9;7.5;2.7;1.7;3.7;4;7.4;;0.5;;0;;842.4;-3.8;6.1;;388.2;1.7;85;4;;30.6;17;116;120;9570;147;0;140.2
SBE;01.11.95 00:00;-3.8;3;-0.7;-0.9;-0.9;-1.1;24;4.6;;-0.3;;0;;833.9;-11.5;0.6;;620.1;3.1;141;11;;67.6;40;65;103;5355;110;0;380.1
SBE;01.12.95 00:00;-7.3;-0.5;-4;-1.2;-1.2;-1.8;31;4.1;;0.5;;0;;829.8;-15.1;-3.7;;744.9;2.2;88;11;;73.1;83;47;88;3988;78;0;496.9
SBE;01.01.96 00:00;-6.7;0.5;-3.1;0.5;0.7;-0.2;31;4.1;;0.8;;0;;830.5;-13.1;-2.9;;716.7;1.6;59;11;;146.2;190;53;79;4239;73;0;468.7
SBE;01.02.96 00:00;-10.7;-2.2;-6.4;-3.1;-3.3;-3.2;29;3;;-0.2;;0;;826.1;-17.3;-6.1;;766.1;3.6;120;7;;32.9;55;110;102;5936;92;0;534.1
SBE;01.03.96 00:00;-7.4;0.9;-3.1;-2.6;-2.7;-2.8;30;3.8;;-0.3;;0;;829.1;-15.8;-3.2;;717.4;2.7;96;3;;11.7;14;164;102;7724;92;0;469.4
SBE;01.04.96 00:00;-1.4;6.9;2.5;0;0.1;0.1;19;5.1;;-0.2;;0;;832.8;-8.4;0.7;;523.5;2.9;116;8;;64.7;49;192;99;8257;107;0;283.5
SBE;01.05.96 00:00;2.2;10.2;6.1;-0.7;-0.4;-1.3;6;7.4;;0;;0;;832.4;-2.5;-2.8;;423.9;2.4;104;17;;249.3;149;181;88;5827;76;0;183.9
SBE;01.06.96 00:00;6;16.5;11.1;0.1;-0.2;0.6;0;9.4;;-0.3;;0;;839.8;1.2;2.2;;211;2.4;104;4;;86.4;50;243;109;10524;121;0;51
SBE;01.07.96 00:00;6.6;15.9;11.3;-1.7;-1.5;-2.3;0;9.9;;-1.1;;0;;838.8;2.4;0.2;;180.7;2.6;108;13;;290.2;182;222;99;9796;100;0;44.7
SBE;01.08.96 00:00;7.2;15.1;10.9;-1.8;-0.9;-2.7;0;10.5;;-0.7;;0;;837.5;3.6;-1.5;;219.5;2.3;105;19;;223.1;119;173;90;6927;75;0;43.5
SBE;01.09.96 00:00;2.1;10.2;5.9;-2.9;-2.5;-3.2;2;6.7;;-2.2;;0;;833.3;-1.6;-4.3;;422;3.1;148;5;;37.5;23;160;108;8302;104;0;182
SBE;01.10.96 00:00;0.7;8.5;4.4;-0.4;-0.3;-0.7;11;6.4;;-0.5;;0;;836.4;-2.5;0.1;;485;3.1;155;8;;111.4;62;90;93;5826;89;0;237
SBE;01.11.96 00:00;-3.8;2.7;-0.7;-0.9;-0.9;-1.4;24;4.9;;0;;0;;830;-12;-3.3;;620.9;2.4;109;18;;406.5;241;61;97;4336;89;0;380.9
SBE;01.12.96 00:00;-6.5;0;-3.6;-0.8;-0.4;-1.3;31;4.1;;0.5;;0;;828.4;-18.9;-5.1;;732.1;1.9;76;11;;71.6;81;47;88;3577;70;0;484.1
SBE;01.01.97 00:00;-5.9;1.9;-2.6;1;1.5;1.2;31;3.9;;0.6;;0;;835.7;-10.6;2.3;;702.1;1.6;59;11;;63.5;82;61;91;5007;86;0;454.1
SBE;01.02.97 00:00;-5.8;3.8;-1.5;1.8;1.6;2.8;28;3.4;;0.2;;0;;838.6;-9.6;6.4;;602.7;2.4;80;4;;16.2;27;109;101;7757;120;0;378.7
SBE;01.03.97 00:00;-2.4;6.7;2.1;2.6;2.3;3;22;4.2;;0.1;;0;;838.8;-6.2;6.5;;554;3.8;136;3;;16.5;20;186;115;11199;133;0;306
SBE;01.04.97 00:00;-3.3;7.2;1.8;-0.7;-1.8;0.4;23;4;;-1.3;;0;;833.3;-8.1;1.2;;544.9;3.7;148;4;;58.7;44;246;127;12566;164;0;304.9
SBE;01.05.97 00:00;1.7;11.3;6.7;-0.1;-0.9;-0.2;7;7;;-0.4;;0;;835.3;-4.7;0.1;;413.5;2.3;100;15;;188;112;196;95;8076;105;0;165.5
SBE;01.06.97 00:00;4.9;13.2;9;-2;-1.3;-2.7;3;9.6;;-0.1;;0;;833.1;-0.5;-4.5;;276.6;1.8;78;20;;383;223;156;70;4560;53;0;92.6
SBE;01.07.97 00:00;6.5;15.8;11.1;-1.9;-1.6;-2.4;0;9.5;;-1.5;;0;;838.4;0;-0.2;;181.1;3;125;9;;140.8;88;210;93;8334;85;0;45.1
SBE;01.08.97 00:00;7.8;18.3;13;0.3;-0.3;0.5;0;11.4;;0.2;;0;;839.8;2.6;0.8;;76.1;2.3;105;8;;137.3;73;202;105;9680;105;0;12.1
SBE;01.09.97 00:00;5.6;16.4;10.9;2.1;1;3;0;9.4;;0.5;;0;;841.5;0.5;3.9;;190;2.2;105;3;;29.1;18;180;121;11516;144;0;46
SBE;01.10.97 00:00;0.5;9.7;4.7;-0.1;-0.5;0.5;15;6.3;;-0.6;;0;;835.4;-11;-0.9;;462.5;2.3;115;7;;54.5;30;113;117;8247;126;0;230.5
SBE;01.11.97 00:00;-2.7;3.7;0;-0.2;0.2;-0.4;27;5;;0.1;;0;;828.8;-7.6;-4.5;;599.2;2.3;105;12;;306.8;182;58;92;4364;90;0;359.2
SBE;01.12.97 00:00;-5.9;0.4;-2.9;-0.1;0.2;-0.9;31;4;;0.4;;0;;830.1;-12.2;-3.4;;710.8;2.7;108;10;;148.6;168;51;95;4492;87;0;462.8
SBE;01.01.98 00:00;-8.2;0.6;-3.9;-0.3;-0.8;-0.1;31;3.4;;0.1;;0;;833.8;-15.9;0.4;;741.6;2.4;89;11;;79.9;104;71;105;6547;113;0;493.6
SBE;01.02.98 00:00;-4.6;6;0.6;3.9;2.8;5;25;3.5;;0.3;;0;;840.7;-15.7;8.5;;543.8;3.2;107;1;;17.9;30;126;117;9582;149;0;319.8
SBE;01.03.98 00:00;-5.4;3.8;-0.9;-0.4;-0.7;0.1;30;3.7;;-0.4;;0;;836.5;-13.2;4.2;;649.2;3.8;136;3;;15.4;19;185;115;10887;129;0;401.2
SBE;01.04.98 00:00;-2.8;3.9;0.5;-2;-1.3;-2.9;23;5.3;;0;;0;;826;-9.1;-6.1;;584;2.1;84;17;;394.6;296;155;80;4842;63;0;344
SBE;01.05.98 00:00;2;11.9;6.7;-0.1;-0.6;0.4;4;6.8;;-0.6;;0;;835;-0.5;-0.2;;411.6;2.4;104;9;;109;65;226;110;9237;121;0;163.6
SBE;01.06.98 00:00;5.8;15.6;10.8;-0.2;-0.4;-0.3;2;9.7;;0;;0;;838.5;-1.3;0.9;;198.7;2.3;100;12;;160.2;93;222;99;8839;102;0;62.7
SBE;01.07.98 00:00;8.3;17.8;13.1;0.1;0.2;-0.4;0;11.2;;0.2;;0;;837;2.9;-1.6;;80.7;2.6;108;9;;154.8;97;213;95;9063;93;0;16.7
SBE;01.08.98 00:00;7.9;18.6;13.1;0.4;-0.2;0.8;0;10.8;;-0.4;;0;;839.6;2.5;0.6;;111.4;2.3;105;9;;107.4;57;209;109;10595;115;0.4;23.4
SBE;01.09.98 00:00;3.8;11.7;7.7;-1.1;-0.8;-1.7;1;8.6;;-0.3;;0;;834;-0.3;-3.6;;368.4;2.1;100;13;;269.5;166;124;84;6089;76;0;128.4
SBE;01.10.98 00:00;0.3;8;3.7;-1.1;-0.7;-1.2;18;6.1;;-0.8;;0;;834.5;-3.4;-1.8;;506.7;1.9;95;17;;180.1;100;97;101;5955;91;0;258.7
SBE;01.11.98 00:00;-5.8;1.6;-2.5;-2.7;-2.9;-2.5;28;3.5;;-1.4;;0;;832.1;-16.9;-1.2;;673.7;3.2;145;6;;25;15;76;120;6248;129;0;433.7
SBE;01.12.98 00:00;-5.9;1.3;-2.8;0;0.2;0;28;3.2;;-0.4;;0;;836.2;-10.9;2.7;;706;3;120;3;;17.4;20;53;99;4669;91;0;458
SBE;01.01.99 00:00;-6.8;1.5;-3.3;0.3;0.6;0.8;31;3.4;;0.1;;0;;832.9;-15.2;-0.5;;722.7;2.2;81;7;;115.2;149;66;98;5729;99;0;474.7
SBE;01.02.99 00:00;-8.8;-0.9;-4.8;-1.5;-1.4;-1.9;27;2.9;;-0.3;;0;;828.8;-16.6;-3.4;;693.2;3.9;130;10;;57.4;95;105;97;5277;82;0;469.2
SBE;01.03.99 00:00;-4.4;3.3;-0.6;-0.1;0.3;-0.4;30;4.1;;0;;0;;829.9;-14.2;-2.4;;638.8;2.8;100;9;;120.4;149;161;100;8639;102;0;390.8
SBE;01.04.99 00:00;-1.9;6;1.8;-0.7;-0.4;-0.8;23;4.9;;-0.4;;0;;831.8;-7.6;-0.3;;546.4;2.9;116;10;;197.4;148;199;103;7127;93;0;306.4
SBE;01.05.99 00:00;4.1;12.7;8.2;1.4;1.5;1.2;0;8.5;;1.1;;0;;836.6;0.7;1.4;;360.4;2.1;91;15;;142.2;85;189;92;6071;79;0;120.4
SBE;01.06.99 00:00;4.6;13.8;9.4;-1.6;-1.6;-2.1;0;8.8;;-0.9;;0;;838.1;0.3;0.5;;283.2;2.5;109;16;;285.9;167;206;92;7198;83;0;83.2
SBE;01.07.99 00:00;7.9;17.3;12.6;-0.4;-0.2;-0.9;0;11.1;;0.1;;0;;838.4;5.2;-0.2;;106.6;2.3;96;13;;135.9;85;224;100;8731;89;0;10.6
SBE;01.08.99 00:00;8.4;16.7;12.2;-0.5;0.3;-1.1;0;11.7;;0.5;;0;;837;4.8;-2;;141;2.1;95;18;;319.9;171;157;82;5732;62;0;13
SBE;01.09.99 00:00;6;14.1;10;1.2;1.4;0.7;0;10;;1.1;;0;;836.7;3;-0.9;;243.1;1.6;76;12;;458.4;282;131;88;6576;82;0;67.1
SBE;01.10.99 00:00;1.4;9.3;5.1;0.3;0.4;0.1;9;6.8;;-0.1;;0;;837;-3.2;0.7;;462;2.1;105;13;;279.8;155;100;104;6768;104;0;214
SBE;01.11.99 00:00;-4.8;2;-1.8;-2;-1.9;-2.1;25;4;;-0.9;;0;;835.4;-13.9;2.1;;655.5;2.8;127;8;;63.5;38;68;108;4701;97;0;415.5
SBE;01.12.99 00:00;-7.9;-0.3;-4.4;-1.6;-1.8;-1.6;30;2.9;;-0.7;;0;;830.2;-14.3;-3.3;;755.9;2.6;104;8;;109;123;54;101;4467;87;0;507.9
SBE;01.01.00 00:00;-8.4;1.1;-3.7;-0.1;-1;0.4;31;2.6;;-0.7;;0;;836.9;-18.7;3.5;;735.3;3.7;137;2;;17;22;82;122;8084;139;0;487.3
SBE;01.02.00 00:00;-5.5;2.8;-1.7;1.6;1.9;1.8;29;3.4;;0.2;;0;;837.4;-12.1;5.2;;630.4;3.1;103;3;;28.1;47;114;106;7078;110;0;398.4
SBE;01.03.00 00:00;-4.2;4.3;-0.1;0.4;0.5;0.6;29;3.9;;-0.2;;0;;834.4;-9.6;2.1;;623.8;3.1;111;8;;96.3;119;163;101;8103;96;0;375.8
SBE;01.04.00 00:00;-1.6;5.4;1.9;-0.6;-0.1;-1.4;21;5.7;;0.4;;0;;828.6;-6.4;-3.5;;543.9;2.1;84;16;;278.6;209;151;78;4072;53;0;303.9
SBE;01.05.00 00:00;3.7;12.3;7.7;0.9;1.1;0.8;1;8.4;;1;;0;;836.7;-0.3;1.5;;380.7;1.6;70;16;;152.4;91;180;88;6293;82;0;132.7
SBE;01.06.00 00:00;6.3;16.7;11.3;0.3;0.1;0.8;0;9.8;;0.1;;0;;840.9;2.5;3.3;;175.2;2.4;104;13;;104;61;214;96;9021;104;0;31.2
SBE;01.07.00 00:00;6.1;14.7;10.3;-2.7;-2;-3.5;0;9.4;;-1.6;;0;;835.1;1.4;-3.5;;223;2.7;113;13;;265.8;167;189;84;7761;80;0;63
SBE;01.08.00 00:00;8.2;18;12.9;0.2;0.1;0.2;0;11;;-0.2;;0;;840.5;5.2;1.5;;108.1;2.1;95;12;;133.9;72;181;94;9143;99;0;20.1
SBE;01.09.00 00:00;4.9;14.1;9.2;0.4;0.3;0.7;0;9.1;;0.2;;0;;836.5;1.9;-1.1;;314.9;2.1;100;7;;121.6;75;154;104;8221;103;0;82.9
SBE;01.10.00 00:00;1.8;8.4;4.7;-0.1;0.8;-0.8;9;7.4;;0.5;;0;;835.5;-1.6;-0.8;;475.2;1.8;90;14;;384.7;213;72;75;3783;58;0;227.2
SBE;01.11.00 00:00;-4.5;1.4;-1.6;-1.8;-1.6;-2.7;30;4.9;;0;;0;;829;-9.7;-4.3;;647.8;1.5;68;17;;457.3;271;58;92;3002;62;0;407.8
SBE;01.12.00 00:00;-5.5;1.2;-2.6;0.2;0.6;-0.1;29;4.2;;0.6;;0;;831.2;-14.4;-2.3;;699.4;1.9;76;14;;137.8;156;48;90;3928;76;0;451.4
SBE;01.01.01 00:00;-9.4;-1.7;-5.5;-1.9;-2;-2.4;31;3.5;;0.2;;0;;830.2;-19;-3.2;;789.6;1.8;67;13;;186.8;242;61;91;4055;70;0;541.6
SBE;01.02.01 00:00;-7.7;0.7;-3.4;-0.1;-0.3;-0.3;27;3.4;;0.2;;0;;833.1;-17.7;0.9;;655.1;3.6;120;9;;123.2;205;115;106;6573;102;0;431.1
SBE;01.03.01 00:00;-4.7;3.2;-0.3;0.2;0;-0.5;30;5;;0.9;;0;;826.5;-16.5;-5.8;;628.9;2;71;15;;223.9;277;144;89;5543;66;0;380.9
SBE;01.04.01 00:00;-3.5;3.7;0.1;-2.4;-2;-3.1;28;4.4;;-0.9;;0;;830.2;-8.4;-1.9;;597.1;3;120;10;;96.1;72;201;104;5892;77;0;357.1
SBE;01.05.01 00:00;3.3;12.2;7.4;0.6;0.7;0.7;0;7.5;;0.1;;0;;836.4;0.7;1.2;;360.8;2.2;96;12;;125.4;75;216;105;9171;120;0;152.8
SBE;01.06.01 00:00;4.9;14.6;9.6;-1.4;-1.3;-1.3;3;7.8;;-1.9;;0;;837.3;-1.4;-0.3;;260.9;3;130;14;;275.7;161;248;111;10635;123;0;92.9
SBE;01.07.01 00:00;8.1;17.3;12.6;-0.4;0;-0.9;0;10.8;;-0.2;;0;;838;4.9;-0.6;;104.9;2.4;100;13;;224.6;141;203;90;8852;91;0;24.9
SBE;01.08.01 00:00;9;18.7;13.6;0.9;0.9;0.9;0;11.5;;0.3;;0;;840;4.1;1;;72.8;1.9;86;12;;209.1;112;210;109;10588;115;0;8.8
SBE;01.09.01 00:00;2.2;9.7;5.8;-3;-2.4;-3.7;3;7;;-1.9;;0;;834;-1.4;-3.6;;425.7;1.9;90;13;;140.4;86;146;98;6550;82;0;185.7
SBE;01.10.01 00:00;3.2;12.5;7.5;2.7;2.2;3.3;3;7.8;;0.9;;0;;841;-2.3;4.7;;387.2;1.6;80;9;;115;64;102;106;7528;115;0;139.2
SBE;01.11.01 00:00;-3.1;4.6;0.2;0;-0.2;0.5;29;4;;-0.9;;0;;835.2;-8.7;1.9;;592.6;3.5;159;6;;22.5;13;75;119;6312;130;0;352.6
SBE;01.12.01 00:00;-8.4;0.4;-4.4;-1.6;-2.3;-0.9;31;2.5;;-1.1;;0;;833.6;-15.6;0.1;;757.4;3.1;124;1;;3.3;4;65;121;7039;137;0;509.4
SBE;01.01.02 00:00;-7.1;3.9;-2;1.6;0.3;3.2;29;2.5;;-0.8;;0;;839.9;-14.9;6.5;;680.7;2.8;104;3;;18.5;24;72;107;7483;129;0;432.7
SBE;01.02.02 00:00;-4.7;3.2;-1;2.3;2.7;2.2;27;3.8;;0.6;;0;;833.2;-10.4;1;;588.6;2.2;73;9;;65.1;108;99;92;5654;88;0;364.6
SBE;01.03.02 00:00;-4.1;5.1;0.3;0.8;0.6;1.4;28;4.2;;0.1;;0;;834.5;-9.4;2.2;;609.5;2.3;82;8;;74.1;92;164;102;9322;110;0;361.5
SBE;01.04.02 00:00;-1.3;6.7;2.5;0;0.2;-0.1;24;5;;-0.3;;0;;831.3;-3.8;-0.8;;525.7;2.6;104;12;;54.4;41;194;100;8115;106;0;285.7
SBE;01.05.02 00:00;2;10.6;6.1;-0.7;-0.6;-0.9;8;7.4;;0;;0;;834.3;-4.7;-0.9;;430.1;2;87;15;;395.2;236;189;92;6308;82;0;182.1
SBE;01.06.02 00:00;7.3;17.9;12.5;1.5;1.1;2;0;10.7;;1;;0;;838.8;2.9;1.2;;151.9;2;87;11;;162.2;95;248;111;10176;117;0;39.9
SBE;01.07.02 00:00;7.7;16.9;12;-1;-0.4;-1.3;0;10.8;;-0.2;;0;;837.2;5.1;-1.4;;149.2;2.3;96;15;;219.8;138;203;90;8291;85;0;21.2
SBE;01.08.02 00:00;7.7;16;11.7;-1;-0.4;-1.8;0;10.7;;-0.5;;0;;836.8;5.1;-2.2;;185.4;2.3;105;21;;192.9;103;176;91;7358;80;0;25.4
SBE;01.09.02 00:00;3.7;11.6;7.5;-1.3;-0.9;-1.8;5;8.3;;-0.6;;0;;836.6;-3.3;-1;;367.3;2.7;129;11;;75.5;46;141;95;6420;80;0;135.3
SBE;01.10.02 00:00;0.7;9.5;4.7;-0.1;-0.3;0.3;12;6.1;;-0.8;;0;;834.4;-4.2;-1.9;;473.3;2.3;115;8;;130.3;72;104;108;7279;112;0;225.3
SBE;01.11.02 00:00;-1.3;3.6;1;0.8;1.6;-0.5;23;5.6;;0.7;;0;;829.6;-6.9;-3.7;;569.7;2.1;95;20;;646.8;384;46;73;2612;54;0;329.7
SBE;01.12.02 00:00;-4.8;1.7;-1.7;1.1;1.3;0.4;31;4.1;;0.5;;0;;832;-11.9;-1.5;;672.8;2.4;96;8;;43.7;49;51;95;3582;70;0;424.8
SBE;01.01.03 00:00;-8.6;-0.6;-4.7;-1.1;-1.2;-1.3;31;2.7;;-0.6;;0;;829.3;-17.6;-4.1;;764.2;3.7;137;6;;54.3;70;76;113;6679;115;0;516.2
SBE;01.02.03 00:00;-12.2;-1.6;-7.2;-3.9;-4.8;-2.6;28;1.8;;-1.4;;0;;832.6;-18.3;0.4;;761.1;2.5;83;2;;19.3;32;126;117;8296;129;0;537.1
SBE;01.03.03 00:00;-3.3;6.2;1.1;1.6;1.4;2.5;30;3.7;;-0.4;;0;;838.3;-7.1;6;;585.1;3.1;111;2;;2.9;4;188;117;11682;138;0;337.1
SBE;01.04.03 00:00;-2.5;6;1.7;-0.8;-1;-0.8;20;5.1;;-0.2;;0;;833.2;-13.1;1.1;;550.4;2.7;108;7;;97.4;73;188;97;7791;101;0;310.4
SBE;01.05.03 00:00;3.3;13.2;8.1;1.3;0.7;1.7;4;7.9;;0.5;;0;;838.6;-1.8;3.4;;353.8;2.1;91;13;;92.9;55;214;104;8644;113;0;121.8
SBE;01.06.03 00:00;9.5;21;15.2;4.2;3.3;5.1;0;11.3;;1.6;;0;;840.2;5.1;2.6;;0;2;87;10;;56.9;33;262;117;11475;132;0.3;0
SBE;01.07.03 00:00;9;19.3;14;1;0.9;1.1;0;11;;0;;0;;839.2;4.6;0.6;;73.7;2.8;117;10;;127.7;80;229;102;10005;103;0;9.7
SBE;01.08.03 00:00;10.6;22.4;16.3;3.6;2.5;4.6;0;10.8;;-0.4;;0;;841.2;4.7;2.2;;27.4;2.3;105;9;;140.8;75;228;119;12666;137;13.6;3.4
SBE;01.09.03 00:00;3.9;13.7;8.4;-0.4;-0.7;0.3;1;7.7;;-1.2;;0;;840.4;-2.1;2.8;;349.4;2;95;7;;57.9;36;165;111;9235;115;0;109.4
SBE;01.10.03 00:00;-1.6;5.8;1.7;-3.1;-2.6;-3.4;22;5.9;;-1;;0;;831.1;-10.9;-5.2;;566.1;2;100;14;;167.1;92;97;101;5726;88;0;318.1
SBE;01.11.03 00:00;-2.4;4.6;0.7;0.5;0.5;0.5;26;5.2;;0.3;;0;;835.4;-6.3;2.1;;578.7;1.7;77;14;;177.8;106;64;101;4907;101;0;338.7
SBE;01.12.03 00:00;-5.8;1.1;-2.7;0.1;0.3;-0.2;30;3.6;;0;;0;;834.3;-12.8;0.8;;703.3;2.7;108;12;;95.1;108;49;91;4275;83;0;455.3
SBE;01.01.04 00:00;-8.6;-1.2;-4.8;-1.2;-1.2;-1.9;31;2.9;;-0.4;;0;;826.1;-15.6;-7.3;;768.1;3.6;133;11;;46.5;60;71;105;5201;90;0;520.1
SBE;01.02.04 00:00;-6.5;1.8;-2.4;0.9;0.9;0.8;25;2.8;;-0.4;;0;;832.9;-15.8;0.7;;649.8;4;133;5;;49.5;82;110;102;6269;97;0;417.8
SBE;01.03.04 00:00;-5.6;1.9;-2;-1.5;-0.9;-1.8;30;3.6;;-0.5;;0;;834.7;-12.8;2.4;;683.2;2.8;100;7;;41.4;51;153;95;6883;82;0;435.2
SBE;01.04.04 00:00;-1.4;5.7;1.8;-0.7;0.1;-1.1;24;5.2;;-0.1;;0;;830.4;-6.4;-1.7;;544.7;2.3;92;15;;112.4;84;184;95;6779;88;0;304.7
SBE;01.05.04 00:00;1.1;10.1;5.4;-1.4;-1.5;-1.4;10;6.2;;-1.2;;0;;832.7;-2.1;-2.5;;451.7;2.7;117;13;;121.6;73;246;120;9850;129;0;203.7
SBE;01.06.04 00:00;6.1;16;11;0;-0.1;0.1;0;8.5;;-1.2;;0;;838.1;2.5;0.5;;199.7;2.9;126;10;;55.1;32;246;110;9726;112;0;55.7
SBE;01.07.04 00:00;7.4;17.2;12.2;-0.8;-0.7;-1;0;10.2;;-0.8;;0;;838.9;3.4;0.3;;124;2.6;108;13;;166.2;104;214;95;8470;87;0;28
SBE;01.08.04 00:00;7.8;16.6;11.9;-0.8;-0.3;-1.2;0;10.9;;-0.3;;0;;837.8;3;-1.2;;171.6;2;91;15;;237.4;127;171;89;7304;79;0;27.6
SBE;01.09.04 00:00;5.1;14.6;9.7;0.9;0.5;1.2;0;9.2;;0.3;;0;;840.6;0;3;;286.2;2.3;110;6;;37.1;23;155;104;8070;101;0;78.2
SBE;01.10.04 00:00;2.7;8.6;5.5;0.7;1.7;-0.6;6;8.5;;1.6;;0;;834.8;-4.1;-1.5;;448.3;1;50;18;;275.4;152;66;69;3109;48;0;200.3
SBE;01.11.04 00:00;-3.1;4.2;0;-0.2;-0.2;0.1;24;4.4;;-0.5;;0;;835;-7.9;1.7;;599.5;3.1;141;8;;92.5;55;68;108;5163;106;0;359.5
SBE;01.12.04 00:00;-6.1;2.3;-2.6;0.2;0;1;31;3.6;;0;;0;;834.2;-15.5;0.7;;699.5;2.3;92;9;;61.8;70;55;103;5735;112;0;451.5
SBE;01.01.05 00:00;-7.5;0.7;-3.8;-0.2;-0.1;0;31;2.5;;-0.8;;0;;835.3;-15.7;1.9;;738;4.3;159;5;;20.7;27;82;122;7324;126;0;490
SBE;01.02.05 00:00;-11;-3.2;-7.4;-4.1;-3.6;-4.2;28;2.2;;-1;;0;;828.1;-20.5;-4.1;;765.8;3.3;110;3;;7.8;13;120;111;5864;91;0;541.8
SBE;01.03.05 00:00;-5.9;3.6;-1.4;-0.9;-1.2;-0.1;23;4;;-0.1;;0;;832;-21.7;-0.3;;663;2.7;96;7;;58.2;72;169;105;9526;113;0;415
SBE;01.04.05 00:00;-1.6;6.3;2.1;-0.4;-0.1;-0.5;23;5.2;;-0.1;;0;;832;-6.3;-0.1;;535.7;2.6;104;10;;109;82;187;97;7381;96;0;295.7
SBE;01.05.05 00:00;2.6;12.7;7.4;0.6;0;1.2;4;7.6;;0.2;;0;;836.5;-1.8;1.3;;364.3;2.4;104;14;;152.4;91;214;104;9407;123;0;148.3
SBE;01.06.05 00:00;6.8;17.2;11.9;0.9;0.6;1.3;3;9.8;;0.1;;0;;839.4;-0.6;1.8;;175.3;2.5;109;6;;97.9;57;265;118;11207;129;0;55.3
SBE;01.07.05 00:00;8;17.4;12.5;-0.5;-0.1;-0.8;0;10.4;;-0.6;;0;;838;3.4;-0.6;;113.6;2.7;113;6;;79.6;50;218;97;7557;77;0;25.6
SBE;01.08.05 00:00;6.4;15.3;10.6;-2.1;-1.7;-2.5;0;9.9;;-1.3;;0;;837.8;2.2;-1.2;;247.7;3.6;164;12;;101.6;54;170;88;6516;71;0;47.7
SBE;01.09.05 00:00;5.2;13.8;9.4;0.6;0.6;0.4;0;10.2;;1.3;;0;;838.7;1.9;1.1;;287.5;1.7;81;8;;89.6;55;136;92;7374;92;0;87.5
SBE;01.10.05 00:00;0.7;10.1;4.7;-0.1;-0.3;0.9;10;7.2;;0.3;;0;;839.5;-3.2;3.2;;475.3;1.3;65;9;;63.2;35;87;90;7162;110;0;227.3
SBE;01.11.05 00:00;-4.8;3.2;-1.4;-1.6;-1.9;-0.9;23;4.7;;-0.2;;0;;833.3;-13.5;0;;642.6;1.5;68;7;;35.4;21;62;98;5993;123;0;402.6
SBE;01.12.05 00:00;-8.9;-1.2;-5.4;-2.6;-2.8;-2.5;31;3;;-0.6;;0;;830.1;-15.1;-3.4;;785.9;1.9;76;5;;55;62;54;101;4869;95;0;537.9
SBE;01.01.06 00:00;-10.3;-1;-6.3;-2.7;-2.9;-1.7;31;2.7;;-0.6;;0;;835.6;-16.8;2.2;;816.1;2.3;85;4;;42.3;55;66;98;6187;107;0;568.1
SBE;01.02.06 00:00;-7.9;-0.2;-4.2;-0.9;-0.5;-1.2;28;3;;-0.2;;0;;827.6;-13.8;-4.6;;677;2.7;90;7;;78.9;131;102;94;5675;88;0;453
SBE;01.03.06 00:00;-8;1.2;-3.4;-2.9;-3.3;-2.5;30;3.7;;-0.4;;0;;827.1;-16.4;-5.2;;723.9;2.5;89;10;;71.2;88;158;98;6827;81;0;475.9
SBE;01.04.06 00:00;-1.7;7;2.4;-0.1;-0.2;0.2;19;5.3;;0;;0;;831.9;-10.3;-0.2;;527.2;2.8;112;7;;76.4;57;204;106;6828;89;0;287.2
SBE;01.05.06 00:00;2.4;11.1;6.8;0;-0.2;-0.4;6;7.4;;0;;0;;836.3;-2;1.1;;393.9;2.4;104;13;;108.6;65;191;93;5990;78;0;161.9
SBE;01.06.06 00:00;6.2;16.9;11.3;0.3;0;1;3;9.6;;-0.1;;0;;840.6;-2;3;;156.8;2.2;96;5;;55.1;32;240;107;9183;106;0;60.8
SBE;01.07.06 00:00;9.9;21.1;15.2;2.2;1.8;2.9;0;12.5;;1.5;;0;;842.2;6.7;3.6;;19.1;2.2;92;14;;147.5;93;253;112;12239;125;0;3.1
SBE;01.08.06 00:00;5.8;13.5;9.5;-3.2;-2.3;-4.3;0;8.8;;-2.4;;0;;834.1;1.1;-4.9;;312.2;3;136;17;;179.2;96;158;82;6083;66;0;80.2
SBE;01.09.06 00:00;6.4;15.8;11;2.2;1.8;2.4;0;10.2;;1.3;;0;;838.7;2;1.1;;242.5;1.8;86;10;;111.8;69;151;102;8514;106;0;50.5
SBE;01.10.06 00:00;2.6;11;6.6;1.8;1.6;1.8;6;7.8;;0.9;;0;;837.4;-2;1.1;;407.2;1.8;90;10;;220;122;88;91;6367;98;0;167.2
SBE;01.11.06 00:00;-1.2;6.3;2.1;1.9;1.7;2.2;22;5.1;;0.2;;0;;837.9;-6.1;4.6;;536.2;2.3;105;6;;60.6;36;67;106;5999;124;0;296.2
SBE;01.12.06 00:00;-4.5;3.6;-1.1;1.7;1.6;2.3;29;3.9;;0.3;;0;;840.5;-10.8;7;;654.9;1.8;72;8;;145.3;165;58;108;6937;135;0;406.9
SBE;01.01.07 00:00;-4.4;3.4;-1;2.6;3;2.7;29;4;;0.7;;0;;836.2;-13;2.8;;649.9;2.9;107;8;;80.8;105;64;95;5702;98;0;401.9
SBE;01.02.07 00:00;-5;3;-0.9;2.4;2.4;2;27;4;;0.8;;0;;830.3;-8.9;-1.9;;584.5;2.1;70;6;;31.4;52;89;82;5119;80;0;360.5
SBE;01.03.07 00:00;-3.7;4.1;-0.1;0.4;1;0.4;27;4.2;;0.1;;0;;831.5;-9.6;-0.8;;621.9;2.6;93;11;;84.2;104;153;95;8529;101;0;373.9
SBE;01.04.07 00:00;1.3;12.8;6.7;4.2;2.8;6;8;6.6;;1.3;;0;;837.6;-3;5.5;;397.6;1.8;72;4;;18;14;234;121;12575;164;0;157.6
SBE;01.05.07 00:00;3.6;12.8;8;1.2;1;1.3;1;7.7;;0.3;;0;;833;-0.2;-2.2;;337;2.2;96;13;;154.1;92;194;94;7478;98;0;129
SBE;01.06.07 00:00;6.3;15.2;10.8;-0.2;0.1;-0.7;0;10.7;;1;;0;;835.4;2.1;-2.2;;237.4;1.8;78;20;;272;159;189;84;6319;73;0;45.4
SBE;01.07.07 00:00;6.9;17.6;12.1;-0.9;-1.2;-0.6;0;10.1;;-0.9;;0;;837.5;2.3;-1.1;;153.8;2.2;92;10;;155.3;97;223;99;9689;99;0;33.8
SBE;01.08.07 00:00;7.1;16.3;11.4;-1.3;-1;-1.5;0;10.6;;-0.6;;0;;837;2.3;-2;;177.3;2;91;14;;210.4;113;175;91;7342;79;0;41.3
SBE;01.09.07 00:00;2.7;12.3;7.3;-1.5;-1.9;-1.1;1;7.5;;-1.4;;0;;838.1;-1.4;0.5;;374.5;2.6;124;8;;117.6;72;169;114;9777;122;0;142.5
SBE;01.10.07 00:00;0;9.9;4.4;-0.4;-1;0.7;13;6.3;;-0.6;;0;;838.6;-6.9;2.3;;484.1;2.3;115;4;;12.3;7;127;132;9702;149;0;236.1
SBE;01.11.07 00:00;-4.3;3;-0.9;-1.1;-1.4;-1.1;26;3.9;;-1;;0;;833.7;-11.3;0.4;;626.9;3.5;159;5;;106;63;74;117;5824;120;0;386.9
SBE;01.12.07 00:00;-7.1;1.3;-3.3;-0.5;-1;0;31;3;;-0.6;;0;;836.7;-14.8;3.2;;723.8;2.7;108;3;;22.5;25;65;121;6823;133;0;475.8
SBE;01.01.08 00:00;-5.4;2.2;-1.8;1.8;2;1.5;30;3.7;;0.4;;0;;836.9;-12.1;3.5;;675.9;2.4;89;9;;130.9;170;61;91;5379;93;0;427.9
SBE;01.02.08 00:00;-6.1;4;-1.4;1.9;1.3;3;28;3.4;;0.2;;0;;840.5;-11.4;8.3;;621.2;2.4;80;4;;31.8;53;123;114;9106;141;0;389.2
SBE;01.03.08 00:00;-5.4;2.8;-1.4;-0.9;-0.7;-0.9;29;3.8;;-0.3;;0;;825;-12.7;-7.3;;664.6;3;107;8;;77.6;96;162;100;7431;88;0;416.6
SBE;01.04.08 00:00;-1.9;4.4;1;-1.5;-0.4;-2.4;24;5.2;;-0.1;;0;;828.9;-9;-3.2;;569.4;2.5;100;13;;203.9;153;168;87;5203;68;0;329.4
SBE;01.05.08 00:00;2.8;11.5;6.9;0.1;0.2;0;3;7.9;;0.5;;0;;835;-2;-0.2;;406;1.6;70;14;;214.3;128;201;98;7004;91;0;158
SBE;01.06.08 00:00;7;16.2;11.4;0.4;0.8;0.3;0;10.5;;0.8;;0;;837.3;2.1;-0.3;;197.1;2;87;14;;128.7;75;221;99;8839;102;0;53.1
SBE;01.07.08 00:00;7.6;17;12.2;-0.8;-0.5;-1.2;0;10.5;;-0.5;;0;;837.8;3.8;-0.8;;151.3;2.2;92;13;;242.4;152;219;97;9824;101;0;23.3
SBE;01.08.08 00:00;7.7;17.6;12.4;-0.3;-0.4;-0.2;0;11.4;;0.2;;0;;837.6;4.3;-1.4;;140.2;2;91;11;;167;89;197;102;9981;108;0;20.2
SBE;01.09.08 00:00;3.4;12;7.4;-1.4;-1.2;-1.4;7;8.4;;-0.5;;0;;836.5;-2.2;-1.1;;347.7;2;95;11;;287.6;177;139;94;7955;99;0;139.7
SBE;01.10.08 00:00;1;10;5.2;0.4;0;0.8;10;7.3;;0.4;;0;;837.1;-4.4;0.8;;458.6;1.3;65;10;;270.7;150;95;99;6873;105;0;210.6
SBE;01.11.08 00:00;-3.5;2.5;-0.7;-0.9;-0.6;-1.6;24;5;;0.1;;0;;832.1;-11.9;-1.2;;620.2;1.8;82;14;;221;131;54;85;3157;65;0;380.2
SBE;01.12.08 00:00;-6.5;-0.4;-3.7;-0.9;-0.4;-1.7;31;3.7;;0.1;;0;;832;-16.2;-1.5;;736;2.8;112;11;;128.8;146;50;93;4049;79;0;488
SBE;01.01.09 00:00;-8.7;-0.5;-5;-1.4;-1.3;-1.2;31;2.9;;-0.4;;0;;828.3;-14.1;-5.1;;775.5;2.2;81;7;;75.7;98;68;101;5486;95;0;527.5
SBE;01.02.09 00:00;-7.3;-1.4;-4.4;-1.1;0.1;-2.4;28;3.2;;0;;0;;827.7;-12.5;-4.5;;683.1;4.1;137;9;;120.3;200;109;101;6123;95;0;459.1
SBE;01.03.09 00:00;-4.7;2.6;-1.1;-0.6;0;-1.1;31;3.7;;-0.4;;0;;829.6;-11.1;-2.7;;653.9;3.7;132;12;;115;142;162;100;7918;94;0;405.9
SBE;01.04.09 00:00;-0.5;7.2;3.1;0.6;1;0.4;22;5.9;;0.6;;0;;832.9;-4.3;0.8;;505.9;1.7;68;13;;167.7;126;175;91;5421;71;0;265.9
SBE;01.05.09 00:00;3.6;13.7;8.4;1.6;1;2.2;2;7.6;;0.2;;0;;839.2;-0.9;4;;335.8;2.2;96;10;;71.9;43;226;110;8498;111;0;119.8
SBE;01.06.09 00:00;6.2;15.6;10.8;-0.2;0;-0.3;0;8.8;;-0.9;;0;;836.2;1.7;-1.4;;194.7;2.6;113;10;;215.3;126;227;101;9111;105;0;58.7
SBE;01.07.09 00:00;7.6;17.6;12.8;-0.2;-0.5;-0.6;0;11.1;;0.1;;0;;838.9;1.4;0.3;;119.2;2.1;88;11;;201.8;127;225;100;9975;102;0;23.2
SBE;01.08.09 00:00;9.4;18.9;13.9;1.2;1.3;1.1;0;12.2;;1;;0;;840.6;3.9;1.6;;45.9;1.7;77;10;;97.6;52;210;109;10705;116;0;5.9
SBE;01.09.09 00:00;5.9;15.1;10.3;1.5;1.3;1.7;0;9.9;;1;;0;;839.7;0.5;2.1;;262.9;1.8;86;10;;72.9;45;166;112;9844;123;0;54.9
SBE;01.10.09 00:00;0.8;9.2;4.8;0;-0.2;0;14;6.1;;-0.8;;0;;835.7;-6.8;-0.6;;472.5;2.7;135;7;;65.1;36;109;113;7500;115;0;224.5
SBE;01.11.09 00:00;-2;4.9;0.9;0.7;0.9;0.8;24;5.3;;0.4;;0;;831.6;-6.3;-1.7;;571.6;1.4;64;7;;160.5;95;60;95;4537;93;0;331.6
SBE;01.12.09 00:00;-8.2;-1.6;-5.1;-2.3;-2.1;-2.9;31;3.3;;-0.3;;0;;824.5;-16.5;-9;;778;2.5;100;11;;158.1;179;51;95;4072;79;0;530
SBE;01.01.10 00:00;-10.4;-1.8;-6.2;-2.6;-3;-2.5;31;2.6;;-0.7;;0;;826.2;-16.2;-7.2;;811.4;2.6;96;4;;25.8;33;73;108;5856;101;0;563.4
SBE;01.02.10 00:00;-9;-1.6;-5.3;-2;-1.6;-2.6;28;3.3;;0.1;;0;;822;-14.1;-10.2;;707.5;2.5;83;10;;61.3;102;94;87;4090;64;0;483.5
SBE;01.03.10 00:00;-6;1.7;-2.1;-1.6;-1.3;-2;27;3.9;;-0.2;;0;;832.1;-16.6;-0.2;;685.5;2.8;100;9;;107.8;133;150;93;7222;86;0;437.5
SBE;01.04.10 00:00;-1.5;7.1;2.6;0.1;0;0.3;17;5.2;;-0.1;;0;;835;-8.8;2.9;;523.2;2.3;92;8;;66.6;50;215;111;9093;118;0;283.2
SBE;01.05.10 00:00;2;9.2;5.3;-1.5;-0.6;-2.3;2;6.9;;-0.5;;0;;831.8;-0.8;-3.4;;448.2;2.2;96;19;;389.3;232;180;88;4996;65;0;208.2
SBE;01.06.10 00:00;6.7;15.3;10.9;-0.1;0.5;-0.6;0;9.5;;-0.2;;0;;835.6;0.9;-2;;192.6;2.4;104;14;;158.7;93;200;89;7766;89;0;56.6
SBE;01.07.10 00:00;9.1;19.7;14.3;1.3;1;1.5;0;11.9;;0.9;;0;;839.8;5;1.2;;70.2;2.2;92;10;;104.3;65;243;108;11196;115;0;14.2
SBE;01.08.10 00:00;7.5;16.1;11.7;-1;-0.6;-1.7;0;11;;-0.2;;0;;837.3;2.3;-1.7;;169.6;2;91;13;;240.8;129;184;96;8669;94;0;41.6
SBE;01.09.10 00:00;4.1;12.8;8.2;-0.6;-0.5;-0.6;0;8.2;;-0.7;;0;;835.6;0.5;-2;;355.3;2.5;119;11;;154.1;95;157;106;8553;107;0;115.3
SBE;01.10.10 00:00;0.2;7.2;3.3;-1.5;-0.8;-2;20;6.4;;-0.5;;0;;833.5;-5.9;-2.8;;517.5;2.1;105;10;;119.9;66;89;92;5944;91;0;269.5
SBE;01.11.10 00:00;-3.8;2.3;-0.8;-1;-0.9;-1.8;23;5.1;;0.2;;0;;825.9;-15.5;-7.4;;624.5;1.9;86;15;;180.8;107;59;93;3780;78;0;384.5
SBE;01.12.10 00:00;-9.4;-2.4;-6;-3.2;-3.3;-3.7;30;3.2;;-0.4;;0;;826.3;-18;-7.2;;804.6;3;120;12;;99.8;113;49;91;4007;78;0;556.6
SBE;01.01.11 00:00;-7;-0.2;-3.9;-0.3;0.4;-0.9;30;3.5;;0.2;;0;;833.3;-15.1;-0.1;;739.5;2.9;107;5;;61.7;80;66;98;5853;101;0;491.5
SBE;01.02.11 00:00;-4.3;3.2;-0.7;2.6;3.1;2.2;28;3.3;;0.1;;0;;832.8;-10.2;0.6;;580.6;2.9;97;4;;30.3;50;111;103;6828;106;0;356.6
SBE;01.03.11 00:00;-3.7;4.4;0.2;0.7;1;0.7;29;4.3;;0.2;;0;;836.3;-9.8;4;;613.4;2.3;82;7;;46.4;57;153;95;8257;98;0;365.4
SBE;01.04.11 00:00;1.1;11.2;5.6;3.1;2.6;4.4;11;5.7;;0.4;;0;;836.3;-3.3;4.2;;432.1;2.4;96;3;;16.8;13;221;114;11172;145;0;192.1
SBE;01.05.11 00:00;3.5;13.9;8.6;1.8;0.9;2.4;4;7.8;;0.4;;0;;838.4;-2.1;3.2;;327.8;2.2;96;10;;96.6;58;240;117;11244;147;0;111.8
SBE;01.06.11 00:00;6.6;15.3;10.9;-0.1;0.4;-0.6;0;9.9;;0.2;;0;;837.7;2.8;0.1;;238.2;2.4;104;16;;180.1;105;197;88;7248;84;0.8;54.2
SBE;01.07.11 00:00;6.6;15.4;10.9;-2.1;-1.5;-2.8;0;9.8;;-1.2;;0;;834.8;2.8;-3.8;;202.2;2.6;108;15;;323.2;203;193;86;7962;82;0;50.2
SBE;01.08.11 00:00;8.6;18.9;13.4;0.7;0.5;1.1;0;11.7;;0.5;;0;;839.1;2.4;0.1;;79.2;1.8;82;9;;187.3;100;203;106;10393;112;0;15.2
SBE;01.09.11 00:00;6.4;16.6;11.1;2.3;1.8;3.2;0;10.4;;1.5;;0;;839.8;0.1;2.2;;170.1;1.8;86;8;;136.8;84;166;112;10013;125;0;42.1
SBE;01.10.11 00:00;0.2;10.2;4.6;-0.2;-0.8;1;17;6.2;;-0.7;;0;;839.2;-6;2.9;;461.8;1.9;95;8;;65.2;36;127;132;9605;147;0;229.8
SBE;01.11.11 00:00;-1.8;7.6;1.9;1.7;1.1;3.5;24;5;;0.1;;0;;839.2;-4.8;5.9;;543.3;1.2;55;6;;137.7;82;74;117;7619;157;0;303.3
SBE;01.12.11 00:00;-5.7;1.2;-2.6;0.2;0.4;-0.1;31;4;;0.4;;0;;833.5;-12.3;0;;701.1;2.2;88;12;;68.9;78;46;86;3960;77;0;453.1
SBE;01.01.12 00:00;-6.3;0.9;-2.9;0.7;1.1;0.2;31;3.3;;0;;0;;834.9;-15.3;1.5;;709.7;3;111;10;;66.9;87;61;91;4941;85;0;461.7
SBE;01.02.12 00:00;-10;-1.8;-5.8;-2.5;-2.6;-2.8;26;2.4;;-0.8;;0;;833.4;-20.3;1.2;;749.2;5.1;170;0;;3.3;5;118;109;7861;122;0;517.2
SBE;01.03.12 00:00;-1.9;7.5;2.6;3.1;2.8;3.8;18;4.3;;0.2;;0;;840.8;-9.1;8.5;;539.5;3.2;114;5;;62.2;77;178;110;10985;130;0;291.5
SBE;01.04.12 00:00;-2;5.5;1.6;-0.9;-0.5;-1.3;22;5.5;;0.2;;0;;826;-7.1;-6.1;;552.6;2;80;18;;180.9;136;160;83;4979;65;0;312.6
SBE;01.05.12 00:00;2.5;12.5;7.2;0.4;-0.1;1;7;7.1;;-0.3;;0;;835.7;-3.3;0.5;;359.6;2.2;96;10;;156.7;93;229;111;9575;125;0;151.6
SBE;01.06.12 00:00;7.1;16;11.5;0.5;0.9;0.1;0;10.9;;1.2;;0;;837.2;1.1;-0.4;;158.8;2;87;12;;206.9;121;192;86;6865;79;0;46.8
SBE;01.07.12 00:00;8.2;18.1;12.8;-0.2;0.1;-0.1;0;11.2;;0.2;;0;;838.1;4.2;-0.5;;83.8;2.1;88;15;;194.6;122;209;93;9132;94;0;11.8
SBE;01.08.12 00:00;8.9;18.9;13.6;0.9;0.8;1.1;0;12.3;;1.1;;0;;840.3;3.3;1.3;;60.1;1.8;82;16;;277.3;148;195;101;10214;111;0;12.1
SBE;01.09.12 00:00;4.7;13.7;9.1;0.3;0.1;0.3;0;9.2;;0.3;;0;;837.4;0.9;-0.2;;305.4;2;95;10;;191.6;118;148;100;8183;102;0;89.4
SBE;01.10.12 00:00;0.9;9.5;4.7;-0.1;-0.1;0.3;10;7.4;;0.5;;0;;833.6;-8.1;-2.7;;473.2;1.7;85;15;;139;77;92;96;5969;92;0;225.2
SBE;01.11.12 00:00;-2;4.9;0.6;0.4;0.9;0.8;22;5.1;;0.2;;0;;832.3;-7.2;-1;;581.6;1.7;77;12;;201.2;119;64;101;4901;101;0;341.6
SBE;01.12.12 00:00;-7.7;-0.8;-4.5;-1.7;-1.6;-2.1;30;3.4;;-0.2;;0;;830.6;-16.2;-2.9;;761;2.2;88;11;;45.8;52;55;103;4871;95;0;513
SBE;01.01.13 00:00;-6.9;0.9;-3;0.6;0.5;0.2;28;3.1;;-0.2;;0;;828.7;-16.7;-4.7;;712.3;3.6;133;5;;39.4;51;69;102;5759;99;0;464.3
SBE;01.02.13 00:00;-9.9;-2.3;-6.2;-2.9;-2.5;-3.3;28;2.5;;-0.7;;0;;826;-15.7;-6.2;;733.5;3.4;113;6;;17.4;29;111;103;5873;91;0;509.5
SBE;01.03.13 00:00;-5.9;1.6;-2.2;-1.7;-1.2;-2.1;30;3.9;;-0.2;;0;;824;-12.4;-8.3;;689.5;2.2;79;14;;60.4;75;145;90;6413;76;0;441.5
SBE;01.04.13 00:00;-1.4;7.2;2.8;0.3;0.1;0.4;17;5.9;;0.6;;0;;832.8;-11.5;0.7;;517.1;1.8;72;13;;223.8;168;175;91;6825;89;0;277.1
SBE;01.05.13 00:00;1.2;8.5;4.5;-2.3;-1.4;-3;8;6.7;;-0.7;;0;;830.8;-3;-4.4;;480.7;2.2;96;19;;303.3;181;177;86;4142;54;0;232.7
SBE;01.06.13 00:00;5.2;15.1;9.9;-1.1;-1;-0.8;0;9.1;;-0.6;;0;;838;0.5;0.4;;252;2.5;109;9;;100.6;59;235;105;7844;90;0;76
SBE;01.07.13 00:00;8.8;20;14.3;1.3;0.7;1.8;0;11.5;;0.5;;0;;841.4;4.1;2.8;;28.1;2.1;88;11;;82;51;259;115;12316;126;0;4.1
SBE;01.08.13 00:00;7.7;18.1;12.6;-0.1;-0.4;0.3;0;10.9;;-0.3;;0;;840;4.1;1;;132.4;1.9;86;9;;138.9;74;214;111;10541;114;0;20.4
SBE;01.09.13 00:00;5.3;15.1;9.9;1.1;0.7;1.7;0;8.6;;-0.3;;0;;837.1;0.7;-0.5;;271.6;2.2;105;8;;141;87;165;111;9202;115;0;71.6
SBE;01.10.13 00:00;2.8;8.7;5.6;0.8;1.8;-0.5;6;8.2;;1.3;;0;;837.9;-3.3;1.6;;446.8;1.6;80;21;;383.4;212;72;75;3482;53;0;198.8
SBE;01.11.13 00:00;-3;3.1;-0.4;-0.6;-0.1;-1;25;4.9;;0;;0;;831.2;-12.2;-2.1;;611.3;2.6;118;15;;126.1;75;59;93;4459;92;0;371.3
SBE;01.12.13 00:00;-4.2;3.8;-0.8;2;1.9;2.5;29;3.6;;0;;0;;838.8;-11.6;5.3;;643.8;2.2;88;9;;253.1;287;56;104;6297;123;0;395.8
SBE;01.01.14 00:00;-7;0.1;-3.7;-0.1;0.4;-0.6;31;4.1;;0.8;;0;;828.6;-15.6;-4.8;;733.2;1.7;63;15;;245.5;318;55;82;3314;57;0;485.2
SBE;01.02.14 00:00;-8.3;-0.2;-3.6;-0.3;-0.9;-1.2;28;4.1;;0.9;;0;;828.7;-14.7;-3.5;;659.4;1.9;63;18;;258.3;429;84;78;4072;63;0;435.4
SBE;01.03.14 00:00;-4.6;4.9;0.2;0.7;0.1;1.2;26;4.3;;0.2;;0;;833.5;-10.4;1.2;;612.9;2.8;100;11;;113.6;141;177;110;9755;116;0;364.9
SBE;01.04.14 00:00;-0.3;8.3;3.7;1.2;1.2;1.5;15;5.5;;0.2;;0;;832.5;-4.3;0.4;;488;2.7;108;8;;79.5;60;217;112;8561;111;0;248
SBE;01.05.14 00:00;1.5;10.4;5.7;-1.1;-1.1;-1.1;7;6.7;;-0.7;;0;;835;-2.2;-0.2;;444.5;2.6;113;11;;117.3;70;210;102;6877;90;0;196.5
SBE;01.06.14 00:00;5.8;16.5;11;0;-0.4;0.6;0;9.3;;-0.4;;0;;837.9;2.6;0.3;;211.7;2.1;91;12;;234.4;137;249;111;10381;120;0;51.7
SBE;01.07.14 00:00;7.7;16.3;11.8;-1.2;-0.4;-1.9;0;10.8;;-0.2;;0;;836.7;4.4;-1.9;;177.8;2.4;100;19;;246.4;155;188;84;6626;68;0;33.8
SBE;01.08.14 00:00;7;14.7;10.8;-1.9;-1.1;-3.1;0;10.8;;-0.4;;0;;836.6;2.6;-2.4;;207.2;2.1;95;18;;240.9;129;150;78;5274;57;0;47.2
SBE;01.09.14 00:00;5.1;14.1;9.2;0.4;0.5;0.7;1;9.2;;0.3;;0;;838.5;-0.5;0.9;;324;2.1;100;11;;59.9;37;146;98;7431;93;0;84
SBE;01.10.14 00:00;3.2;10.9;6.8;2;2.2;1.7;5;8.2;;1.3;;0;;838.2;-3.5;1.9;;407.8;1.9;95;14;;286.6;159;87;90;;;0;159.8
SBE;01.11.14 00:00;-0.3;5.4;2;1.8;2.6;1.3;17;6.4;;1.5;;0;;832.4;-4.4;-0.9;;540.9;1.1;50;18;;451.4;268;47;74;3270;67;0;300.9
SBE;01.12.14 00:00;-3.7;2;-1.1;1.7;2.4;0.7;29;4.2;;0.6;;0;;834.5;-12.2;1;;654.5;2.8;112;10;;52.4;59;49;91;3825;74;0;406.5
SBE;01.01.15 00:00;-6.4;1;-2.7;0.9;1;0.3;27;3.4;;0.1;;0;;832.8;-14.1;-0.6;;702.2;2.9;107;10;;110.1;143;66;98;4980;86;0;454.2
SBE;01.02.15 00:00;-8.4;0.3;-4.2;-0.9;-1;-0.7;28;3.1;;-0.1;;0;;829.8;-13.4;-2.4;;677.4;3;100;7;;91.8;152;107;99;5723;89;0;453.4
SBE;01.03.15 00:00;-3.6;3.7;0.1;0.6;1.1;0;28;4.3;;0.2;;0;;835.2;-7.7;2.9;;616.7;2.7;96;11;;67.1;83;141;87;7176;85;0;368.7
SBE;01.04.15 00:00;-1.4;8.3;3.3;0.8;0.1;1.5;19;4.9;;-0.4;;0;;837.1;-8.2;5;;500.4;2.7;108;8;;95.6;72;216;112;10006;130;0;260.4
SBE;01.05.15 00:00;3.4;11.9;7.5;0.7;0.8;0.4;3;7.8;;0.4;;0;;836.1;-0.9;0.9;;378.6;2.6;113;18;;225.7;135;201;98;8177;107;0;138.6
SBE;01.06.15 00:00;7;17;11.8;0.8;0.8;1.1;0;10;;0.3;;0;;839.9;3;2.3;;192.9;2.1;91;13;;103.9;61;229;102;9180;106;0;32.9
SBE;01.07.15 00:00;10.4;21.9;16;3;2.3;3.7;0;13;;2;;0;;840.1;5.7;1.5;;8.5;2.3;96;9;;102.9;65;255;113;12590;129;1.4;0.5
SBE;01.08.15 00:00;8.2;18.5;13;0.3;0.1;0.7;0;12.2;;1;;0;;839.8;5.1;0.8;;139.5;1.6;73;13;;248.3;133;200;104;10387;112;0;19.5
SBE;01.09.15 00:00;4.2;11.3;7.5;-1.3;-0.4;-2.1;1;8.7;;-0.2;;0;;837.1;-1.1;-0.5;;375.9;2.4;114;16;;323.2;199;116;78;6021;75;0;135.9
SBE;01.10.15 00:00;0.9;8.8;4.4;-0.4;-0.1;-0.4;14;6.7;;-0.2;;0;;836;-2.1;-0.3;;485;2.1;105;11;;147.9;82;104;108;7343;113;0;237
SBE;01.11.15 00:00;-1.1;9.6;3.6;3.4;1.8;5.5;13;4.6;;-0.3;;0;;838.4;-10.4;5.1;;492.9;2.4;109;1;;6.9;4;85;134;8527;176;0;252.9
SBE;01.12.15 00:00;-3.2;7.5;0.8;3.6;2.9;6.2;28;3.9;;0.3;;0;;845.1;-6.6;11.6;;594.9;1.3;52;0;;0.2;0;64;119;8267;161;0;346.9
SBE;01.01.16 00:00;-7.2;1.2;-3.2;0.4;0.2;0.5;30;3.7;;0.4;;0;;831.2;-17.9;-2.2;;719.4;1.9;70;9;;69.9;91;66;98;5521;95;0;471.4
SBE;01.02.16 00:00;-5.2;1.6;-1.9;1.4;2.2;0.6;27;4.2;;1;;0;;829.5;-11.6;-2.7;;634.2;2.5;83;13;;140.2;233;90;83;4452;69;0;402.2
SBE;01.03.16 00:00;-5.4;2.5;-1.4;-0.9;-0.7;-1.2;29;3.8;;-0.3;;0;;829.4;-12.2;-2.9;;663.9;3.1;111;9;;116.8;145;164;102;8695;103;0;415.9
SBE;01.04.16 00:00;-0.7;6.7;2.7;0.2;0.8;-0.1;15;6;;0.7;;0;;831.3;-7.2;-0.8;;518;2.2;88;13;;221.2;166;153;79;4947;64;0;278
SBE;01.05.16 00:00;1.8;9.7;5.7;-1.1;-0.8;-1.8;7;7.1;;-0.3;;0;;833.6;-1.9;-1.6;;444.5;2.2;96;14;;240.6;143;186;90;6173;81;0;196.5
SBE;01.06.16 00:00;6.2;15.3;10.5;-0.5;0;-0.6;0;10;;0.3;;0;;836.3;2.2;-1.3;;243.8;2;87;19;;272;159;213;95;6931;80;0;59.8
SBE;01.07.16 00:00;8.7;18.9;13.5;0.5;0.6;0.7;0;11.5;;0.5;;0;;840.4;2.9;1.8;;57.2;2.3;96;12;;133.1;84;221;98;9700;99;0;17.2
SBE;01.08.16 00:00;7.9;18.8;12.9;0.2;-0.2;1;0;11;;-0.2;;0;;841.6;4.6;2.6;;76.4;2.2;100;9;;113.4;61;219;114;11263;122;0;12.4
SBE;01.09.16 00:00;6.1;16.3;10.8;2;1.5;2.9;0;9.9;;1;;0;;840.4;2.3;2.8;;204.8;1.9;90;8;;47.3;29;176;119;10229;128;0;52.8
SBE;01.10.16 00:00;1.2;8.9;4.6;-0.2;0.2;-0.3;14;6.2;;-0.7;;0;;837.7;-3.4;1.4;;477.2;2.5;125;11;;112.8;62;97;101;6859;105;0;229.2
SBE;01.11.16 00:00;-2.7;3.4;0.3;0.1;0.2;-0.7;22;5.2;;0.3;;0;;833.4;-9.2;0.1;;589.7;2.2;100;13;;178.1;106;59;93;3979;82;0;349.7
SBE;01.12.16 00:00;-3;5.8;0.8;3.6;3.1;4.5;27;3.4;;-0.2;;0;;843.5;-8.8;10;;595.8;2.8;112;2;;5.1;6;63;118;8031;156;0;347.8
SBE;01.01.17 00:00;-9.6;-0.6;-5.9;-2.3;-2.2;-1.3;31;2.5;;-0.8;;0;;834.2;-13.7;0.8;;802.6;2.7;100;4;;15.8;20;73;108;7008;121;0;554.6
SBE;01.02.17 00:00;-5;2.6;-1.3;2;2.4;1.6;27;4.2;;1;;0;;834.4;-10.4;2.2;;597.4;2.1;70;9;;135.9;226;91;84;4578;71;0;373.4
SBE;01.03.17 00:00;-1.7;6.8;2.4;2.9;3;3.1;20;4.9;;0.8;;0;;835.2;-7.2;2.9;;544.2;2.5;89;8;;159;197;154;96;8496;101;0;296.2
SBE;01.04.17 00:00;-1.2;8.5;3.3;0.8;0.3;1.7;11;4.8;;-0.5;;0;;835.1;-8.2;3;;500.5;3.1;124;6;;155;116;221;114;10498;137;0;260.5
SBE;01.05.17 00:00;3.1;12.9;7.7;0.9;0.5;1.4;8;7.6;;0.2;;0;;837.1;-4.5;1.9;;334.8;2.3;100;11;;138.1;82;241;117;10327;135;0;142.8
SBE;01.06.17 00:00;8;18.7;13.3;2.3;1.8;2.8;0;11;;1.3;;0;;838.3;0.5;0.7;;110.8;2.1;91;13;;228.1;133;249;111;11235;129;0.3;30.8
SBE;01.07.17 00:00;7.9;18.8;13.2;0.2;-0.2;0.6;0;11.2;;0.2;;0;;839.1;3.5;0.5;;67.8;2.2;92;13;;102.2;64;238;106;10279;105;0;11.8
SBE;01.08.17 00:00;8.3;19;13.5;0.8;0.2;1.2;0;11.9;;0.7;;0;;840.9;3.1;1.9;;88.3;2;91;9;;249.3;133;188;98;8866;96;0.9;16.3
SBE;01.09.17 00:00;2.9;11.7;7;-1.8;-1.7;-1.7;2;7.9;;-1;;0;;836.2;-0.5;-1.4;;383;2.4;114;14;;222.5;137;136;92;6003;75;0;151
SBE;01.10.17 00:00;1.9;12.4;6.5;1.7;0.9;3.2;6;5.9;;-1;;0;;840.3;-3.4;4;;420;2.6;130;1;;4.6;3;129;134;9860;151;0;172
SBE;01.11.17 00:00;-3.9;3.3;-0.6;-0.8;-1;-0.8;29;4.3;;-0.6;;0;;833;-10.4;-0.3;;618.8;2.9;132;8;;85.9;51;70;111;5556;114;0;378.8
SBE;01.12.17 00:00;-7;-0.4;-3.8;-1;-0.9;-1.7;30;3.4;;-0.2;;0;;832.1;-14.9;-1.4;;737.6;3.3;132;9;;146.3;166;54;101;5359;104;0;489.6
SBE;01.01.18 00:00;-5.6;1.4;-2.3;1.3;1.8;0.7;30;4.3;;1;;0;;833.2;-13.4;-0.2;;691.4;1.9;70;16;;147.1;191;58;86;4215;73;0;443.4
SBE;01.02.18 00:00;-10.3;-3;-6.6;-3.3;-2.9;-4;28;2.9;;-0.3;;0;;826.7;-21.3;-5.5;;743.8;3.3;110;3;;22.7;38;110;102;6208;96;0;519.8
SBE;01.03.18 00:00;-5.8;1.4;-2.1;-1.6;-1.1;-2.3;31;4.2;;0.1;;0;;822.4;-14.3;-9.9;;685.9;2.4;86;12;;145.9;181;137;85;5930;70;0;437.9
SBE;01.04.18 00:00;-0.4;8.6;3.8;1.3;1.1;1.8;13;6.2;;0.9;;0;;835;-7;2.9;;486.5;1.8;72;12;;170.5;128;196;101;9055;118;0;246.5
SBE;01.05.18 00:00;3.9;13.3;8.2;1.4;1.3;1.8;0;8.7;;1.3;;0;;835.5;0.9;0.3;;350.1;1.7;74;22;;135;81;193;94;5806;76;0;118.1
SBE;01.06.18 00:00;7.1;17.6;12.4;1.4;0.9;1.7;0;9.8;;0.1;;0;;837.5;4.4;-0.1;;135.7;2.6;113;9;;94.8;55;249;111;10336;119;0;15.7
SBE;01.07.18 00:00;9.4;20.3;14.5;1.5;1.3;2.1;0;11.2;;0.2;;0;;838.6;7.1;0;;16.9;2.5;104;10;;148.8;93;243;108;11212;115;0;0.9
SBE;01.08.18 00:00;9.5;19.6;14.2;1.5;1.4;1.8;0;12.1;;0.9;;0;;840.3;2.6;1.3;;51;2.2;100;17;;182.5;98;209;109;10655;115;1.3;11
SBE;01.09.18 00:00;6.2;16.8;11.1;2.3;1.6;3.4;1;9.8;;0.9;;0;;841.6;-0.4;4;;195.9;2.1;100;8;;47.4;29;181;122;11000;137;0;43.9
SBE;01.10.18 00:00;2.1;11.2;6.5;1.7;1.1;2;7;7.6;;0.7;;0;;837.5;-1.5;1.2;;418.9;2.3;115;10;;303.4;168;99;103;7426;114;0;170.9
SBE;01.11.18 00:00;-1.7;3.3;0.6;0.4;1.2;-0.8;18;6;;1.1;;0;;835;-8.4;1.7;;582.2;1.5;68;17;;198.1;118;44;70;1905;39;0;342.2
SBE;01.12.18 00:00;-5.2;2.8;-1.7;1.1;0.9;1.5;30;3.7;;0.1;;0;;836.4;-13.9;2.9;;672.9;2.9;116;10;;62.9;71;60;112;5872;114;0;424.9
SBE;01.01.19 00:00;-8.4;-1.8;-5.3;-1.7;-1;-2.5;31;2.8;;-0.5;;0;;828.6;-14.7;-4.8;;784.3;4.4;163;6;;30.9;40;72;107;6245;108;0;536.3
SBE;01.02.19 00:00;-4.8;5.7;0.4;3.7;2.6;4.7;23;3.2;;0;;0;;838.7;-12.2;6.5;;548.5;3.3;110;3;;80.2;133;123;114;8956;139;0;324.5
SBE;01.03.19 00:00;-4.6;5.3;0.1;0.6;0.1;1.6;30;3.7;;-0.4;;0;;836;-9.6;3.7;;615.7;2.7;96;9;;94.4;117;179;111;10453;124;0;367.7
SBE;01.04.19 00:00;-1.2;6;2.2;-0.3;0.3;-0.8;23;5.5;;0.2;;0;;831.8;-4.9;-0.3;;532.6;2.3;92;11;;241.9;182;176;91;5647;73;0;292.6
SBE;01.05.19 00:00;0.9;8.8;4.5;-2.3;-1.7;-2.7;12;6.1;;-1.3;;0;;832.4;-5.4;-2.8;;479.4;3.1;135;14;;117.4;70;213;104;7020;92;0;231.4
SBE;01.06.19 00:00;7.7;18.8;13.1;2.1;1.5;2.9;0;11.2;;1.5;;0;;839.8;2.7;2.2;;126.4;1.8;78;11;;243.1;142;241;108;11005;127;7.7;22.4
SBE;01.07.19 00:00;9.4;20;14.4;1.4;1.3;1.8;0;11.8;;0.8;;0;;838.3;5.8;-0.3;;43.3;2.2;92;14;;84.7;53;228;101;10137;104;0.1;3.3
SBE;01.08.19 00:00;8.9;18.1;13.2;0.5;0.8;0.3;0;12.4;;1.2;;0;;840.4;4.2;1.4;;87.4;1.9;86;14;;287.1;154;184;96;8974;97;0;7.4
SBE;01.09.19 00:00;5.6;14.9;9.9;1.1;1;1.5;0;9.4;;0.5;;0;;839.6;1.7;2;;252.5;2.4;114;7;;106;65;166;112;8872;111;0;76.5
SBE;01.10.19 00:00;2.2;10.6;6;1.2;1.2;1.4;7;8;;1.1;;0;;837.2;-2.2;0.9;;433.5;1.7;85;12;;288.8;160;97;101;6389;98;0;185.5
SBE;01.11.19 00:00;-3.2;1.9;-0.7;-0.9;-0.3;-2.2;28;5.4;;0.5;;0;;825.6;-10.9;-7.7;;621.6;1.5;68;21;;312.3;185;49;78;2177;45;0;381.6
SBE;01.12.19 00:00;-4.3;2.6;-1.1;1.7;1.8;1.3;28;4.1;;0.5;;0;;832.9;-11.9;-0.6;;653.5;2.5;100;13;;168;190;54;101;5243;102;0;405.5
SBE;01.01.20 00:00;-6.6;2.9;-2.2;1.4;0.8;2.2;31;3.3;;0;;0;;840.5;-12.2;7.1;;688.9;2.1;78;2;;22.6;29;76;113;7921;137;0;440.9
SBE;01.02.20 00:00;-5;3.9;-0.7;2.6;2.4;2.9;28;3.6;;0.4;;0;;835.9;-8.7;3.7;;601;2.6;87;6;;30.9;51;108;100;6587;102;0;369
SBE;01.03.20 00:00;-5.1;3.8;-0.5;0;-0.4;0.1;31;4.3;;0.2;;0;;832.8;-12.7;0.5;;636.7;2.5;89;8;;58.3;72;168;104;9333;111;0;388.7
SBE;01.04.20 00:00;-0.5;10.5;4.5;2;1;3.7;18;5.7;;0.4;;0;;835.9;-9.1;3.8;;464;1.7;68;6;;78.4;59;230;119;12479;162;0;224
SBE;01.05.20 00:00;3.3;13.4;8.3;1.5;0.7;1.9;2;7.5;;0.1;;0;;837.5;-0.9;2.3;;348.9;2.4;104;12;;157.1;94;245;119;10923;143;0;116.9
SBE;01.06.20 00:00;6.4;14.6;10.2;-0.8;0.2;-1.3;0;9.7;;0;;0;;835.1;2.2;-2.5;;238.1;2.1;91;16;;198.4;116;204;91;6562;76;0;70.1
SBE;01.07.20 00:00;8.4;19.5;13.7;0.7;0.3;1.3;0;11.4;;0.4;;0;;839.5;4.6;0.9;;46.3;2;83;9;;54.8;34;254;113;11579;119;0;6.3
SBE;01.08.20 00:00;8.8;18.7;13.4;0.7;0.7;0.9;0;11.8;;0.6;;0;;837.9;4.5;-1.1;;97.1;2;91;12;;307.7;165;202;105;10349;112;0;17.1
SBE;01.09.20 00:00;5.6;15;10;1.2;1;1.6;3;10.1;;1.2;;0;;838.3;-2.9;0.7;;245.3;1.5;71;10;;118.2;73;168;113;9935;124;0;77.3
SBE;01.10.20 00:00;0.2;7.4;3.5;-1.3;-0.8;-1.8;19;6.3;;-0.6;;0;;833.8;-3;-2.5;;511.7;1.9;95;12;;366.4;203;94;98;5381;82;0;263.7
SBE;01.11.20 00:00;-2;8.4;1.9;1.7;0.9;4.3;23;4.9;;0;;0;;841.2;-7;7.9;;542.4;1.1;50;2;;3;2;83;131;8415;173;0;302.4
SBE;01.12.20 00:00;-6.1;-0.5;-3.4;-0.6;0;-1.8;31;4.2;;0.6;;0;;827.1;-14.2;-6.4;;726.6;1.3;52;16;;184.9;209;39;73;2611;51;0;478.6
SBE;01.01.21 00:00;-8.5;-1.5;-5;-1.4;-1.1;-2.2;31;3.1;;-0.2;;0;;826.6;-15.9;-6.8;;774.3;2.3;85;14;;117.9;153;65;96;4528;78;0;526.3
SBE;01.02.21 00:00;-6.5;2.5;-2;1.3;0.9;1.5;28;4.2;;1;;0;;835.6;-19.2;3.4;;614.6;1.3;43;4;;60.1;100;108;100;5895;92;0;390.6
SBE;01.03.21 00:00;-5.1;3.4;-1.1;-0.6;-0.4;-0.3;29;3.5;;-0.6;;0;;836.5;-12.1;4.2;;653.5;2.4;86;7;;16.1;20;188;117;10963;130;0;405.5
SBE;01.04.21 00:00;-3.4;4.3;0.3;-2.2;-1.9;-2.5;23;4.4;;-0.9;;0;;833.7;-9.6;1.6;;591.2;2.1;84;9;;79.8;60;203;105;8967;117;0;351.2
SBE;01.05.21 00:00;0.6;9.4;4.7;-2.1;-2;-2.1;12;6.1;;-1.3;;0;;833.4;-2.2;-1.8;;473.5;2.1;91;11;;225.7;135;221;107;8699;114;0;225.5
SBE;01.06.21 00:00;7.4;17.7;12.4;1.4;1.2;1.8;0;10.9;;1.2;;0;;839.8;3.3;2.2;;133.7;1.7;74;13;;112.3;65;224;100;8233;95;0;21.7
SBE;01.07.21 00:00;8.2;17;12.5;-0.5;0.1;-1.2;0;11.5;;0.5;;0;;837.8;4.3;-0.8;;119.5;1.8;75;17;;288.3;181;179;80;7061;72;0;15.5
SBE;01.08.21 00:00;7.9;17.1;12;-0.7;-0.2;-0.7;0;10.7;;-0.5;;0;;838.2;5.3;-0.8;;171;2;91;7;;179.5;96;206;107;10171;110;0;27
SBE;01.09.21 00:00;6;15.3;10.4;1.6;1.4;1.9;0;10;;1.1;;0;;840.5;2.7;2.9;;257;1.4;67;8;;115.7;71;158;106;8916;111;0;49
SBE;01.10.21 00:00;0.6;9.3;4.5;-0.3;-0.4;0.1;15;6.1;;-0.8;;0;;838.9;-3.2;2.6;;482;1.9;95;8;;144.3;80;99;103;7372;113;0;234
SBE;01.11.21 00:00;-2.6;4.3;0.5;0.3;0.3;0.2;25;4.9;;0;;0;;832.4;-7.9;-0.9;;585.1;1.8;82;8;;108.6;64;70;111;5416;112;0;345.1
SBE;01.12.21 00:00;-5;2.7;-1.1;1.7;1.1;1.4;25;3.5;;-0.1;;0;;832.1;-12.7;-1.4;;653.8;2.2;88;6;;28.1;32;57;106;6008;117;0;405.8
SBE;01.01.22 00:00;-4.5;3.3;-0.8;2.8;2.9;2.6;28;3;;-0.3;;0;;838.4;-12.6;5;;644.3;3.2;119;3;;18.8;24;78;116;7834;135;0;396.3
SBE;01.02.22 00:00;-6.1;2.9;-1.8;1.5;1.3;1.9;28;3.2;;0;;0;;836.1;-11.8;3.9;;609.3;2.5;83;5;;34.3;57;120;111;7761;121;0;385.3
SBE;01.03.22 00:00;-5.2;4.6;-0.6;-0.1;-0.5;0.9;31;3.7;;-0.4;;0;;838.4;-12.3;6.1;;639;1.3;46;6;;13.6;17;164;102;10285;122;0;391
SBE;01.04.22 00:00;-2.2;7.6;2.5;0;-0.7;0.8;26;5.1;;-0.2;;0;;831.1;-8.2;-1;;525.7;1.8;72;10;;117.8;88;206;107;9444;123;0;285.7
SBE;01.05.22 00:00;5.1;14.6;9.7;2.9;2.5;3.1;0;9.1;;1.7;;0;;838.5;0.4;3.3;;247.1;1.8;78;15;;120.5;72;217;105;8784;115;0;87.1
SBE;01.06.22 00:00;8.1;18.2;13.2;2.2;1.9;2.3;0;11.3;;1.6;;0;;839.5;3.8;1.9;;103.5;1.8;78;16;;178.3;104;221;99;9544;110;0;15.5
SBE;01.07.22 00:00;10.2;21.2;15.4;2.4;2.1;3;0;11.8;;0.8;;0;;842.1;6.7;3.5;;16.9;2.2;92;10;;94.9;60;266;118;13264;136;0;0.9
SBE;01.08.22 00:00;9.4;19.8;14.2;1.5;1.3;2;0;11.8;;0.6;;0;;839.1;6.2;0.1;;24.3;1.5;68;9;;82.9;44;227;118;11580;125;0;0.3
SBE;01.09.22 00:00;4.8;12.6;8.4;-0.4;0.2;-0.8;2;8.9;;0;;0;;835.1;-0.4;-2.5;;310.3;1.7;81;13;;169.6;104;148;100;7894;99;0;110.3
SBE;01.10.22 00:00;3.9;13.4;8.1;3.3;2.9;4.2;0;8.5;;1.6;;0;;842.4;0.8;6.1;;369.4;1.2;60;10;;232.7;129;111;115;8318;128;0;121.4
SBE;01.11.22 00:00;-2;5.1;1.3;1.1;0.9;1;26;5.1;;0.2;;0;;834.1;-6.9;0.8;;562.4;1.7;77;8;;65.9;39;71;112;6273;129;0;322.4
SBE;01.12.22 00:00;-6.4;0.9;-2.9;-0.1;-0.3;-0.4;30;4.2;;0.6;;0;;832.1;-14.4;-1.4;;708.8;1.4;56;7;;73.1;83;53;99;4907;96;0;460.8
SBE;01.01.23 00:00;-6.1;0.4;-3;0.6;1.3;-0.3;28;3.4;;0.1;;0;;832.7;-12.3;-0.7;;712.4;2.8;104;6;;27.4;36;67;99;5841;101;0;464.4
SBE;01.02.23 00:00;-4.7;4.4;-0.3;3;2.7;3.4;24;3.5;;0.3;;0;;839.9;-14.7;7.7;;567.4;2.7;90;3;;8;13;116;107;7975;124;0;343.4
SBE;01.03.23 00:00;-3.2;5.2;0.7;1.2;1.5;1.5;29;4.7;;0.6;;0;;830.8;-7.5;-1.5;;598.3;1.8;64;9;;77.3;96;148;92;8171;97;0;350.3
SBE;01.04.23 00:00;-1.3;6.8;2.4;-0.1;0.2;0;24;4.9;;-0.4;;0;;831.9;-6.7;-0.2;;528.9;2.5;100;5;;155.9;117;207;107;8599;112;0;288.9
SBE;01.05.23 00:00;3.8;12.2;7.6;0.8;1.2;0.7;0;8.3;;0.9;;0;;836.2;1.3;1;;377.3;1.9;83;15;;146.8;88;203;99;6210;81;0;137.3
SBE;01.06.23 00:00;7.2;17.9;12.4;1.4;1;2;0;10.6;;0.9;;0;;838.3;3.7;0.7;;138.7;1.7;74;12;;73.7;43;252;113;10271;118;0;18.7
SBE;01.07.23 00:00;9.3;18.8;13.9;0.9;1.2;0.6;0;12.6;;1.6;;0;;839;2.9;0.4;;47.9;1.8;75;16;;136;85;210;93;8486;87;0;7.9
SBE;01.08.23 00:00;8.5;19;13.4;0.7;0.4;1.2;0;11.7;;0.5;;0;;838.7;3.5;-0.3;;113.8;2;91;14;;390.5;209;191;99;8918;97;3.4;33.8
SBE;01.09.23 00:00;6.7;16.5;11.2;2.4;2.1;3.1;0;10.9;;2;;0;;841.1;0.1;3.5;;193.2;1.4;67;10;;249.4;154;167;112;10115;126;0;41.2
SBE;01.10.23 00:00;3.8;12.3;7.9;3.1;2.8;3.1;4;8;;1.1;;0;;835.7;-2.7;-0.6;;346.8;1.8;90;12;;375.5;208;105;109;7893;121;0;138.8
SBE;01.11.23 00:00;-3.9;3.8;-0.2;-0.4;-1;-0.3;29;4.4;;-0.5;;0;;828.4;-9.3;-4.9;;606.9;2.4;109;10;;100;59;72;114;4796;99;0;366.9
SBE;01.12.23 00:00;-3.9;3.7;-0.5;2.3;2.2;2.4;29;4.2;;0.6;;0;;833.9;-14.2;0.4;;634.4;2.5;100;11;;139.4;158;53;99;4509;88;0;386.4
SBE;01.01.24 00:00;-5.7;2.4;-1.9;1.7;1.7;1.7;28;3.5;;0.2;;0;;834.7;-12.8;1.3;;679;2.6;96;4;;52.6;68;69;102;6282;108;0;431
SBE;01.02.24 00:00;-2.2;4.4;0.9;4.2;5.2;3.4;24;4.8;;1.6;;0;;833.2;-8.7;1;;553;2.4;80;9;;164.4;273;91;84;4875;76;0;321
SBE;01.03.24 00:00;-2.4;3.9;0.8;1.3;2.3;0.2;30;5.1;;1;;0;;829.4;-6.7;-2.9;;594.1;2.2;79;18;;291.9;361;125;78;5553;66;0;346.1
SBE;01.04.24 00:00;-1.4;6.8;2.3;-0.2;0.1;0;19;5.3;;0;;0;;834.8;-5.3;2.7;;531.4;2.4;96;12;;92.4;69;193;100;7744;101;0;291.4
SBE;01.05.24 00:00;2.9;10.6;6.4;-0.4;0.3;-0.9;0;7.9;;0.5;;0;;834.1;0.1;-1.1;;422.3;1.8;78;26;;243.8;145;167;81;4349;57;0;174.3
SBE;01.06.24 00:00;6.8;15.6;11;0;0.6;-0.3;0;10.6;;0.9;;0;;837;3.1;-0.6;;208;2.1;91;17;;238.7;139;188;84;5667;65;0;48
SBE;01.07.24 00:00;10.4;20;14.8;1.8;2.3;1.8;0;13;;2;;0;;839;5.8;0.4;;35.9;2.1;88;9;;145.4;91;219;97;9433;97;0.6;3.9
SBE;01.08.24 00:00;10.5;21.1;15.4;2.7;2.4;3.3;0;13;;1.8;;0;;840;7.9;1;;0;1.9;86;10;;57.6;31;212;110;11548;125;0.1;0
SBE;01.09.24 00:00;4.7;11.7;7.9;-0.9;0.1;-1.7;0;9;;0.1;;0;;836.1;0.1;-1.5;;332.9;2.2;105;13;;215;132;107;72;3986;50;0;124.9
SBE;01.10.24 00:00;3.1;10.1;6.3;1.5;2.1;0.9;1;8.5;;1.6;;0;;837.9;-0.3;1.6;;424.3;1.4;70;19;;284.6;157;71;74;3947;61;0;176.3
SBE;01.11.24 00:00;-2.7;7.1;1.6;1.4;0.2;3;23;4.4;;-0.5;;0;;838.2;-11;4.9;;551.1;2;91;4;;41.8;25;83;131;8247;170;0;311.1
SBE;01.12.24 00:00;-4.6;3.4;-1.3;1.5;1.5;2.1;31;3.2;;-0.4;;0;;837.1;-8.2;3.6;;659.6;2.6;104;4;;26;29;58;108;6552;128;0;411.6
SBE;01.01.25 00:00;-7.1;0.7;-3.3;0.3;0.3;0;31;3.8;;0.5;;0;;834.1;-12.9;0.7;;722.9;1.8;67;14;;188.6;245;60;89;5015;87;0;474.9
SBE;01.02.25 00:00;-4.7;2.7;-1.3;2;2.7;1.7;28;4;;0.8;;0;;837.4;-9.2;5.2;;597.3;2;67;7;;39.2;65;101;94;6116;95;0;373.3
SBE;01.03.25 00:00;-3.6;3.8;-0.1;0.4;1.1;0.1;28;4.5;;0.4;;0;;832.4;-11;0.1;;622.3;2;71;12;;112.8;140;156;97;8016;95;0;374.3
SBE;01.04.25 00:00;0.4;9.3;4.5;2;1.9;2.5;9;6.1;;0.8;;0;;834.4;-3.7;2.3;;465.1;2;80;12;;175.2;132;202;105;9236;120;0;225.1
SBE;01.05.25 00:00;3.2;12.7;7.6;0.8;0.6;1.2;1;7.3;;-0.1;;0;;834.9;-0.2;-0.3;;372.3;2.4;104;13;;168;100;239;116;9408;123;0;140.3
SBE;01.06.25 00:00;9.1;19.6;14.3;3.3;2.9;3.7;0;12.1;;2.4;;0;;841.7;4.9;4.1;;76.4;1.9;83;13;;230;134;243;109;11896;137;0.7;12.4
SBE;01.07.25 00:00;8.5;17.6;12.8;-0.2;0.4;-0.6;0;10.7;;-0.3;;0;;837.4;4.7;-1.2;;105.2;2.7;113;16;;198.3;124;211;94;7899;81;0;17.2
SBE;01.08.25 00:00;9;19.4;14;1.3;0.9;1.6;0;11.5;;0.3;;0;;839.1;3.9;0.1;;112.4;2.2;100;7;;266.3;142;214;111;11029;119;4.9;16.4
SBE;01.09.25 00:00;5.1;14;9.2;0.4;0.5;0.6;0;9.6;;0.7;;0;;838.7;0.2;1.1;;294.6;1.7;81;16;;292.4;180;141;95;7601;95;0;86.6
SBE;01.10.25 00:00;1.2;9.7;5.1;0.3;0.2;0.5;10;6.5;;-0.4;;0;;835.8;-3.2;-0.5;;462.2;2.1;105;7;;66.8;37;120;125;8455;130;0;214.2
SBE;01.11.25 00:00;-3.2;4.4;0;-0.2;-0.3;0.3;25;4.4;;-0.5;;0;;832.5;-12.2;-0.8;;600.2;2.2;100;9;;128.6;76;72;114;6495;134;0;360.2
SBE;01.12.25 00:00;-3.7;3.8;-0.4;2.4;2.4;2.5;31;4.6;;1;;0;;835.7;-9.6;2.2;;632.8;1.5;60;6;;25.6;29;53;99;5169;101;0;384.8
SBE;01.01.26 00:00;-8.2;-1;-4.6;-1;-0.8;-1.7;31;3.6;;0.3;;0;;825.6;-14.8;-7.8;;762.4;1.7;63;12;;57.1;74;60;89;5027;87;0;514.4
SBE;01.02.26 00:00;-3.7;3.1;-0.6;2.7;3.7;2.1;27;4.4;;1.2;;0;;826.1;-11.5;-6.1;;575.6;2.1;70;10;;63.3;105;100;93;5475;85;0;351.6
SBE;01.03.26 00:00;-3.8;3.4;-0.4;0.1;0.9;-0.3;29;4.5;;0.4;;0;;834.7;-7.4;2.4;;633.7;2.3;82;11;;103.4;128;149;92;8029;95;0;385.7
SBE;01.04.26 00:00;1.4;11.6;6.2;3.7;2.9;4.8;6;5.8;;0.5;;0;;836.6;-5.5;4.5;;413.9;2.8;112;4;;29.2;22;225;116;11762;153;0;173.9
SBE;01.05.26 00:00;3.6;13.6;8.4;1.6;1;2.1;6;7.4;;0;;0;;837.2;-2.2;2;;313.4;2.1;91;7;;129.3;77;240;117;10864;142;0;145.4
SBE;01.06.26 00:00;8.8;19.6;14.1;3.1;2.6;3.7;0;11.1;;1.4;;0;;841.1;3.2;3.5;;99.5;2.2;96;12;;154.8;90;252;113;11061;127;4.7;27.5
SBE;01.07.26 00:00;10.5;21.8;15.9;2.9;2.4;3.6;0;11.1;;0.1;;0;;840.9;7;2.3;;0;2.5;104;10;;60;38;266;118;13404;137;0.9;0
SBE;01.08.26 00:00;10.6;21;15.3;2.6;2.5;3.2;0;13.3;;2.1;;0;;840.4;5.4;1.4;;26.1;1.7;77;16;;193.9;104;186;97;9180;99;1;2.1
SBE;01.09.26 00:00;7.3;17.4;12.1;3.3;2.7;4;0;10;;1.1;;0;;842.3;2.3;4.7;;147.7;2.3;110;5;;38.8;24;187;126;11965;149;0;27.7