station_abbr;reference_timestamp;ths2dymn;ths2dymx;ths200m0;th9120mv;th91dnmv;th91dxmv;ths00nm0;pva2hsm0;ths25xm0;pv9120mv;ths00xm0;ths20nm0;thl200mx;phsstam0;thl200mn;ph9120mv;ths30xm0;xhs000m0;fhs010m0;fh9120mv;rhs001m0;ths35xm0;rhs150m0;rh9120mv;ghs000m0;gh9120mv;shs000m0;sh9120mv;xhs00om0;xhs012m0
OTL;01.12.1882 00:00;;;3.9;-0.5;;;;;;;;;;;;;;;;;;;;;;;;;;
OTL;01.01.1883 00:00;;;2.5;-1.4;;;;;;;;;;;;;;;;;;;166.9;240;;;;;;
OTL;01.02.1883 00:00;;;6.4;1.2;;;;;;;;;;;;;;;;;;;45.8;71;;;;;;
OTL;01.03.1883 00:00;;;4.3;-5;;;;;;;;;;;;;;;;;;;65.9;69;;;;;;
OTL;01.04.1883 00:00;;;10.2;-2.4;;;;;;;;;;;;;;;;;;;157.3;95;;;;;;
OTL;01.05.1883 00:00;;;14.5;-1.9;;;;;;;;;;;;;;;;;;;246.1;130;;;;;;
OTL;01.06.1883 00:00;;;17;-3.2;;;;;;;;;;;;;;;;;;;212;113;;;;;;
OTL;01.07.1883 00:00;;;18.9;-3.4;;;;;;;;;;;;;;;;;;;255.9;157;;;;;;
OTL;01.08.1883 00:00;;;19.5;-2.3;;;;;;;;;;;;;;;;;;;142.4;67;;;;;;
OTL;01.09.1883 00:00;;;15.7;-1.9;;;;;;;;;;;;;;;;;;;257;127;;;;;;
OTL;01.10.1883 00:00;;;10.2;-2.7;;;;;;;;;;;;;;;;;;;81.4;39;;;;;;
OTL;01.11.1883 00:00;;;5.8;-2.1;;;;;;;;;;;;;;;;;;;42.8;21;;;;;;
OTL;01.12.1883 00:00;;;2.6;-1.8;;;;;;;;;;;;;;;;;;;6.5;7;;;;;;
OTL;01.01.1884 00:00;;;3.8;-0.1;;;;;;;;;;;;;;;;;;;11;16;;;;;;
OTL;01.02.1884 00:00;;;4.6;-0.6;;;;;;;;;;;;;;;;;;;24.9;39;;;;;;
OTL;01.03.1884 00:00;;;9.4;0.1;;;;;;;;;;;;;;;;;;;16.1;17;;;;;;
OTL;01.04.1884 00:00;;;11.1;-1.5;;;;;;;;;;;;;;;;;;;205.8;124;;;;;;
OTL;01.05.1884 00:00;;;16.4;0;;;;;;;;;;;;;;;;;;;237.4;125;;;;;;
OTL;01.06.1884 00:00;;;16.2;-4;;;;;;;;;;;;;;;;;;;160.6;86;;;;;;
OTL;01.07.1884 00:00;;;21.7;-0.6;;;;;;;;;;;;;;;;;;;198;122;;;;;;
OTL;01.08.1884 00:00;;;21.2;-0.6;;;;;;;;;;;;;;;;;;;100.4;47;;;;;;
OTL;01.09.1884 00:00;;;16.8;-0.8;;;;;;;;;;;;;;;;;;;219.9;108;;;;;;
OTL;01.10.1884 00:00;;;10.7;-2.2;;;;;;;;;;;;;;;;;;;41.6;20;;;;;;
OTL;01.11.1884 00:00;;;5.3;-2.6;;;;;;;;;;;;;;;;;;;4.6;2;;;;;;
OTL;01.12.1884 00:00;;;4.2;-0.2;;;;;;;;;;;;;;;;;;;62.3;70;;;;;;
OTL;01.01.1885 00:00;;;1.1;-2.8;;;;;;;;;;;;;;;;;;;90.2;130;;;;;;
OTL;01.02.1885 00:00;;;4.8;-0.4;;;;;;;;;;;;;;;;;;;172.5;267;;;;;;
OTL;01.03.1885 00:00;;;7.9;-1.4;;;;;;;;;;;;;;;;;;;109;115;;;;;;
OTL;01.04.1885 00:00;;;11.1;-1.5;;;;;;;;;;;;;;;;;;;380.3;229;;;;;;
OTL;01.05.1885 00:00;;;12.8;-3.6;;;;;;;;;;;;;;;;;;;196.4;104;;;;;;
OTL;01.06.1885 00:00;;;20.3;0.1;;;;;;;;;;;;;;;;;;;33.6;18;;;;;;
OTL;01.07.1885 00:00;;;21.5;-0.8;;;;;;;;;;;;;;;;;;;186.7;115;;;;;;
OTL;01.08.1885 00:00;;;19.5;-2.3;;;;;;;;;;;;;;;;;;;137.7;65;;;;;;
OTL;01.09.1885 00:00;;;15.8;-1.8;;;;;;;;;;;;;;;;;;;381.6;188;;;;;;
OTL;01.10.1885 00:00;;;9.4;-3.5;;;;;;;;;;;;;;;;;;;489.2;234;;;;;;
OTL;01.11.1885 00:00;;;7.1;-0.8;;;;;;;;;;;;;;;;;;;139.5;67;;;;;;
OTL;01.12.1885 00:00;;;2.7;-1.7;;;;;;;;;;;;;;;;;;;13.3;15;;;;;;
OTL;01.01.1886 00:00;;;1.8;-2.1;;;;;;;;;;;;;;;;;;;200.1;288;;;;;;
OTL;01.02.1886 00:00;;;2.5;-2.7;;;;;;;;;;;;;;;;;;;37.8;59;;;;;;
OTL;01.03.1886 00:00;;;6.1;-3.2;;;;;;;;;;;;;;;;;;;29.6;31;;;;;;
OTL;01.04.1886 00:00;;;11.3;-1.3;;;;;;;;;;;;;;;;;;;227.9;137;;;;;;
OTL;01.05.1886 00:00;;;14.9;-1.5;;;;;;;;;;;;;;;;;;;342.5;181;;;;;;
OTL;01.06.1886 00:00;;;17.2;-3;;;;;;;;;;;;;;;;;;;95.3;51;;;;;;
OTL;01.07.1886 00:00;;;20.4;-1.9;;;;;;;;;;;;;;;;;;;234.5;144;;;;;;
OTL;01.08.1886 00:00;;;19.2;-2.6;;;;;;;;;;;;;;;;;;;214.3;101;;;;;;
OTL;01.09.1886 00:00;;;17.8;0.2;;;;;;;;;;;;;;;;;;;63.6;31;;;;;;
OTL;01.10.1886 00:00;;;11.8;-1.1;;;;;;;;;;;;;;;;;;;404.4;193;;;;;;
OTL;01.11.1886 00:00;;;6.7;-1.2;;;;;;;;;;;;;;;;;;;443.5;214;;;;;;
OTL;01.12.1886 00:00;;;2.6;-1.8;;;;;;;;;;;;;;;;;;;299.1;338;;;;;;
OTL;01.01.1887 00:00;;;0;-3.9;;;;;;;;;;;;;;;;;;;93.6;134;;;;;;
OTL;01.02.1887 00:00;;;1.8;-3.4;;;;;;;;;;;;;;;;;;;6.6;10;;;;;;
OTL;01.03.1887 00:00;;;6.7;-2.6;;;;;;;;;;;;;;;;;;;60.9;64;;;;;;
OTL;01.04.1887 00:00;;;9.7;-2.9;;;;;;;;;;;;;;;;;;;212.4;128;;;;;;
OTL;01.05.1887 00:00;;;12.5;-3.9;;;;;;;;;;;;;;;;;;;155.8;82;;;;;;
OTL;01.06.1887 00:00;;;19.9;-0.3;;;;;;;;;;;;;;;;;;;180.6;97;;;;;;
OTL;01.07.1887 00:00;;;22;-0.3;;;;;;;;;;;;;;;;;;;180.6;111;;;;;;
OTL;01.08.1887 00:00;;;20;-1.8;;;;;;;;;;;;;;;;;;;305.1;144;;;;;;
OTL;01.09.1887 00:00;;;15.4;-2.2;;;;;;;;;;;;;;;;;;;303.5;149;;;;;;
OTL;01.10.1887 00:00;;;8.2;-4.7;;;;;;;;;;;;;;;;;;;117.1;56;;;;;;
OTL;01.11.1887 00:00;;;4.9;-3;;;;;;;;;;;;;;;;;;;278.5;134;;;;;;
OTL;01.12.1887 00:00;;;1.8;-2.6;;;;;;;;;;;;;;;;;;;42.2;48;;;;;;
OTL;01.01.1888 00:00;;;1.9;-2;;;;;;;;;;;;;;;;;;;0.8;1;;;;;;
OTL;01.02.1888 00:00;;;2.3;-2.9;;;;;;;;;;;;;;;;;;;243.5;378;;;;;;
OTL;01.03.1888 00:00;;;3.9;-5.4;;;;;;;;;;;;;;;;;;;299.7;316;;;;;;
OTL;01.04.1888 00:00;;;8.9;-3.7;;;;;;;;;;;;;;;;;;;322.8;194;;;;;;
OTL;01.05.1888 00:00;;;15.7;-0.7;;;;;;;;;;;;;;;;;;;104.8;55;;;;;;
OTL;01.06.1888 00:00;;;18.3;-1.9;;;;;;;;;;;;;;;;;;;266.2;143;;;;;;
OTL;01.07.1888 00:00;;;17.9;-4.4;;;;;;;;;;;;;;;;;;;286.5;176;;;;;;
OTL;01.08.1888 00:00;;;18.1;-3.7;;;;;;;;;;;;;;;;;;;224.1;106;;;;;;
OTL;01.09.1888 00:00;;;16.2;-1.4;;;;;;;;;;;;;;;;;;;251.7;124;;;;;;
OTL;01.10.1888 00:00;;;9.2;-3.7;;;;;;;;;;;;;;;;;;;124.5;59;;;;;;
OTL;01.11.1888 00:00;;;6.1;-1.8;;;;;;;;;;;;;;;;;;;222.5;107;;;;;;
OTL;01.12.1888 00:00;;;2.8;-1.6;;;;;;;;;;;;;;;;;;;161.1;182;;;;;;
OTL;01.01.1889 00:00;;;1.7;-2.2;;;;;;;;;;;;;;;;;;;79;114;;;;;;
OTL;01.02.1889 00:00;;;2.7;-2.5;;;;;;;;;;;;;;;;;;;11.5;18;;;;;;
OTL;01.03.1889 00:00;;;6;-3.3;;;;;;;;;;;;;;;;;;;111.5;117;;;;;;
OTL;01.04.1889 00:00;;;9.1;-3.5;;;;;;;;;;;;;;;;;;;337.3;203;;;;;;
OTL;01.05.1889 00:00;;;14.6;-1.8;;;;;;;;;;;;;;;;;;;253.6;134;;;;;;
OTL;01.06.1889 00:00;;;18.9;-1.3;;;;;;;;;;;;;;;;;;;206.7;111;;;;;;
OTL;01.07.1889 00:00;;;20.2;-2.1;;;;;;;;;;;;;;;;;;;260.9;160;;;;;;
OTL;01.08.1889 00:00;;;19.1;-2.7;;;;;;;;;;;;;;;;;;;114.9;54;;;;;;
OTL;01.09.1889 00:00;;;15.8;-1.8;;;;;;;;;;;;;;;;;;;64;32;;;;;;
OTL;01.10.1889 00:00;;;10.4;-2.5;;;;;;;;;;;;;;;;;;;884.8;422;;;;;;
OTL;01.11.1889 00:00;;;6.2;-1.7;;;;;;;;;;;;;;;;;;;29;14;;;;;;
OTL;01.12.1889 00:00;;;1.7;-2.7;;;;;;;;;;;;;;;;;;;88.4;100;;;;;;
OTL;01.01.1890 00:00;;;3.9;0;;;;;;;;;;;;;;;;;;;47;68;;;;;;
OTL;01.02.1890 00:00;;;2.3;-2.9;;;;;;;;;;;;;;;;;;;12.7;20;;;;;;
OTL;01.03.1890 00:00;;;6.5;-2.8;;;;;;;;;;;;;;;;;;;189.8;200;;;;;;
OTL;01.04.1890 00:00;;;10.1;-2.5;;;;;;;;;;;;;;;;;;;305.9;184;;;;;;
OTL;01.05.1890 00:00;;;14;-2.4;;;;;;;;;;;;;;;;;;;439.9;232;;;;;;
OTL;01.06.1890 00:00;;;18.4;-1.8;;;;;;;;;;;;;;;;;;;304.1;163;;;;;;
OTL;01.07.1890 00:00;;;18.4;-3.9;;;;;;;;;;;;;;;;;;;260.2;160;;;;;;
OTL;01.08.1890 00:00;;;18.4;-3.4;;;;;;;;;;;;;;;;;;;633.1;299;;;;;;
OTL;01.09.1890 00:00;;;15.5;-2.1;;;;;;;;;;;;;;;;;;;316.9;156;;;;;;
OTL;01.10.1890 00:00;;;10.4;-2.5;;;;;;;;;;;;;;;;;;;14.6;7;;;;;;
OTL;01.11.1890 00:00;;;5.9;-2;;;;;;;;;;;;;;;;;;;42.2;20;;;;;;
OTL;01.12.1890 00:00;;;0.6;-3.8;;;;;;;;;;;;;;;;;;;91.7;103;;;;;;
OTL;01.01.1891 00:00;;;-0.2;-4.1;;;;;;;;;;;;;;;;;;;0.7;1;;;;;;
OTL;01.02.1891 00:00;;;3.4;-1.8;;;;;;;;;;;;;;;;;;;0;0;;;;;;
OTL;01.03.1891 00:00;;;5.7;-3.6;;;;;;;;;;;;;;;;;;;272.4;287;;;;;;
OTL;01.04.1891 00:00;;;9.6;-3;;;;;;;;;;;;;;;;;;;94.3;57;;;;;;
OTL;01.05.1891 00:00;;;12.8;-3.6;;;;;;;;;;;;;;;;;;;379.6;200;;;;;;
OTL;01.06.1891 00:00;;;18;-2.2;;;;;;;;;;;;;;;;;;;102.9;55;;;;;;
OTL;01.07.1891 00:00;;;19.8;-2.5;;;;;;;;;;;;;;;;;;;292.1;179;;;;;;
OTL;01.08.1891 00:00;;;17.6;-4.2;;;;;;;;;;;;;;;;;;;342.5;162;;;;;;
OTL;01.09.1891 00:00;;;16.8;-0.8;;;;;;;;;;;;;;;;;;;132.5;65;;;;;;
OTL;01.10.1891 00:00;;;12;-0.9;;;;;;;;;;;;;;;;;;;393.2;188;;;;;;
OTL;01.11.1891 00:00;;;5.6;-2.3;;;;;;;;;;;;;;;;;;;210.9;102;;;;;;
OTL;01.12.1891 00:00;;;3.4;-1;;;;;;;;;;;;;;;;;;;49.8;56;;;;;;
OTL;01.01.1892 00:00;;;2.4;-1.5;;;;;;;;;;;;;;;;;;;57.6;83;;;;;;
OTL;01.02.1892 00:00;;;4.2;-1;;;;;;;;;;;;;;;;;;;234.6;364;;;;;;
OTL;01.03.1892 00:00;;;5;-4.3;;;;;;;;;;;;;;;;;;;121.9;128;;;;;;
OTL;01.04.1892 00:00;;;11.6;-1;;;;;;;;;;;;;;;;;;;94.9;57;;;;;;
OTL;01.05.1892 00:00;;;15.5;-0.9;;;;;;;;;;;;;;;;;;;53.8;28;;;;;;
OTL;01.06.1892 00:00;;;19.2;-1;;;;;;;;;;;;;;;;;;;211.5;113;;;;;;
OTL;01.07.1892 00:00;;;20.5;-1.8;;;;;;;;;;;;;;;;;;;119.6;73;;;;;;
OTL;01.08.1892 00:00;;;20.2;-1.6;;;;;;;;;;;;;;;;;;;169.2;80;;;;;;
OTL;01.09.1892 00:00;;;16.9;-0.7;;;;;;;;;;;;;;;;;;;201;99;;;;;;
OTL;01.10.1892 00:00;;;9.6;-3.3;;;;;;;;;;;;;;;;;;;596;284;;;;;;
OTL;01.11.1892 00:00;;;6.4;-1.5;;;;;;;;;;;;;;;;;;;77.9;38;;;;;;
OTL;01.12.1892 00:00;;;1.5;-2.9;;;;;;;;;;;;;;;;;;;1.6;2;;;;;;
OTL;01.01.1893 00:00;;;-0.7;-4.6;;;;;;;;;;;;;;;;;;;24.4;35;;;;;;
OTL;01.02.1893 00:00;;;3.7;-1.5;;;;;;;;;;;;;;;;;;;71.6;111;;;;;;
OTL;01.03.1893 00:00;;;9.5;0.2;;;;;;;;;;;;;;;;;;;12.8;13;;;;;;
OTL;01.04.1893 00:00;;;13.7;1.1;;;;;;;;;;;;;;;;;;;9.2;6;;;;;;
OTL;01.05.1893 00:00;;;15.2;-1.2;;;;;;;;;;;;;;;;;;;71.4;38;;;;;;
OTL;01.06.1893 00:00;;;19.3;-0.9;;;;;;;;;;;;;;;;;;;156.6;84;;;;;;
OTL;01.07.1893 00:00;;;20;-2.3;;;;;;;;;;;;;;;;;;;174.3;107;;;;;;
OTL;01.08.1893 00:00;;;21.4;-0.4;;;;;;;;;;;;;;;;;;;8.9;4;;;;;;
OTL;01.09.1893 00:00;;;16.4;-1.2;;;;;;;;;;;;;;;;;;;425.3;209;;;;;;
OTL;01.10.1893 00:00;;;12.2;-0.7;;;;;;;;;;;;;;;;;;;140;67;;;;;;
OTL;01.11.1893 00:00;;;6.3;-1.6;;;;;;;;;;;;;;;;;;;67.4;32;;;;;;
OTL;01.12.1893 00:00;;;3.3;-1.1;;;;;;;;;;;;;;;;;;;73.4;83;;;;;;
OTL;01.01.1894 00:00;;;0.8;-3.1;;;;;;;;;;;;;;;;;;;98.4;141;;;;;;
OTL;01.02.1894 00:00;;;4;-1.2;;;;;;;;;;;;;;;;;;;0;0;;;;;;
OTL;01.03.1894 00:00;;;8.2;-1.1;;;;;;;;;;;;;;;;;;;53.4;56;;;;;;
OTL;01.04.1894 00:00;;;13;0.4;;;;;;;;;;;;;;;;;;;142.2;86;;;;;;
OTL;01.05.1894 00:00;;;13.2;-3.2;;;;;;;;;;;;;;;;;;;271.9;143;;;;;;
OTL;01.06.1894 00:00;;;18.8;-1.4;;;;;;;;;;;;;;;;;;;59.9;32;;;;;;
OTL;01.07.1894 00:00;;;21.2;-1.1;;;;;;;;;;;;;;;;;;;318.8;196;;;;;;
OTL;01.08.1894 00:00;;;19.6;-2.2;;;;;;;;;;;;;;;;;;;47.2;22;;;;;;
OTL;01.09.1894 00:00;;;15.2;-2.4;;;;;;;;;;;;;;;;;;;238.7;118;;;;;;
OTL;01.10.1894 00:00;;;10.9;-2;;;;;;;;;;;;;;;;;;;115;55;;;;;;
OTL;01.11.1894 00:00;;;7.2;-0.7;;;;;;;;;;;;;;;;;;;148.1;71;;;;;;
OTL;01.12.1894 00:00;;;2.9;-1.5;;;;;;;;;;;;;;;;;;;4.1;5;;;;;;
OTL;01.01.1895 00:00;;;-0.1;-4;;;;;;;;;;;;;;;;;;;207.5;298;;;;;;
OTL;01.02.1895 00:00;;;-0.8;-6;;;;;;;;;;;;;;;;;;;17.2;27;;;;;;
OTL;01.03.1895 00:00;;;5.6;-3.7;;;;;;;;;;;;;;;;;;;73;77;;;;;;
OTL;01.04.1895 00:00;;;11.5;-1.1;;;;;;;;;;;;;;;;;;;90.9;55;;;;;;
OTL;01.05.1895 00:00;;;14.1;-2.3;;;;;;;;;;;;;;;;;;;125.3;66;;;;;;
OTL;01.06.1895 00:00;;;17.5;-2.7;;;;;;;;;;;;;;;;;;;196.1;105;;;;;;
OTL;01.07.1895 00:00;;;21.3;-1;;;;;;;;;;;;;;;;;;;168.5;103;;;;;;
OTL;01.08.1895 00:00;;;19.7;-2.1;;;;;;;;;;;;;;;;;;;107.4;51;;;;;;
OTL;01.09.1895 00:00;;;19.8;2.2;;;;;;;;;;;;;;;;;;;11.2;6;;;;;;
OTL;01.10.1895 00:00;;;11;-1.9;;;;;;;;;;;;;;;;;;;195.8;93;;;;;;
OTL;01.11.1895 00:00;;;7.2;-0.7;;;;;;;;;;;;;;;;;;;125.6;60;;;;;;
OTL;01.12.1895 00:00;;;3.3;-1.1;;;;;;;;;;;;;;;;;;;66.2;75;;;;;;
OTL;01.01.1896 00:00;;;1.8;-2.1;;;;;;;;;;;;;;;;;;;1.6;2;;;;;;
OTL;01.02.1896 00:00;;;4.7;-0.5;;;;;;;;;;;;;;;;;;;20.2;31;;;;;;
OTL;01.03.1896 00:00;;;9.8;0.5;;;;;;;;;;;;;;;;;;;18.4;19;;;;;;
OTL;01.04.1896 00:00;;;11.1;-1.5;;;;;;;;;;;;;;;;;;;60.4;36;;;;;;
OTL;01.05.1896 00:00;;;14;-2.4;;;;;;;;;;;;;;;;;;;89.8;47;;;;;;
OTL;01.06.1896 00:00;;;17.4;-2.8;;;;;;;;;;;;;;;;;;;238.8;128;;;;;;
OTL;01.07.1896 00:00;;;20.9;-1.4;;;;;;;;;;;;;;;;;;;255;157;;;;;;
OTL;01.08.1896 00:00;;;16.5;-5.3;;;;;;;;;;;;;;;;;;;299.7;142;;;;;;
OTL;01.09.1896 00:00;;;15;-2.6;;;;;;;;;;;;;;;;;;;393.8;194;;;;;;
OTL;01.10.1896 00:00;;;9.5;-3.4;;;;;;;;;;;;;;;;;;;756.2;361;;;;;;
OTL;01.11.1896 00:00;;;5.2;-2.7;;;;;;;;;;;;;;;;;;;176.2;85;;;;;;
OTL;01.12.1896 00:00;;;2.3;-2.1;;;;;;;;;;;;;;;;;;;163.3;184;;;;;;
OTL;01.01.1897 00:00;;;2.2;-1.7;;;;;;;;;;;;;;;;;;;234.1;336;;;;;;
OTL;01.02.1897 00:00;;;6.4;1.2;;;;;;;;;;;;;;;;;;;7;11;;;;;;
OTL;01.03.1897 00:00;;;9.1;-0.2;;;;;;;;;;;;;;;;;;;114;120;;;;;;
OTL;01.04.1897 00:00;;;10.8;-1.8;;;;;;;;;;;;;;;;;;;123;74;;;;;;
OTL;01.05.1897 00:00;;;14.3;-2.1;;;;;;;;;;;;;;;;;;;132.9;70;;;;;;
OTL;01.06.1897 00:00;;;19.7;-0.5;;;;;;;;;;;;;;;;;;;128.2;69;;;;;;
OTL;01.07.1897 00:00;;;21.3;-1;;;;;;;;;;;;;;;;;;;112.3;69;;;;;;
OTL;01.08.1897 00:00;;;18.6;-3.2;;;;;;;;;;;;;;;;;;;531.3;251;;;;;;
OTL;01.09.1897 00:00;;;14.2;-3.4;;;;;;;;;;;;;;;;;;;469.5;231;;;;;;
OTL;01.10.1897 00:00;;;10.9;-2;;;;;;;;;;;;;;;;;;;84.9;41;;;;;;
OTL;01.11.1897 00:00;;;6;-1.9;;;;;;;;;;;;;;;;;;;17.6;8;;;;;;
OTL;01.12.1897 00:00;;;3.2;-1.2;;;;;;;;;;;;;;;;;;;104.7;118;;;;;;
OTL;01.01.1898 00:00;;;3.8;-0.1;;;;;;;;;;;;;;;;;;;62.4;90;;;;;;
OTL;01.02.1898 00:00;;;4.4;-0.8;;;;;;;;;;;;;;;;;;;89.8;139;;;;;;
OTL;01.03.1898 00:00;;;5.6;-3.7;;;;;;;;;;;;;;;;;;;289.2;305;;;;;;
OTL;01.04.1898 00:00;;;10.4;-2.2;;;;;;;;;;;;;;;;;;;233.6;140;;;;;;
OTL;01.05.1898 00:00;;;13.3;-3.1;;;;;;;;;;;;;;;;;;;382.8;202;;;;;;
OTL;01.06.1898 00:00;;;16.9;-3.3;;;;;;;;;;;;;;;;;;;256.9;138;;;;;;
OTL;01.07.1898 00:00;;;19.8;-2.5;;;;;;;;;;;;;;;;;;;43.7;27;;;;;;
OTL;01.08.1898 00:00;;;21;-0.8;;;;;;;;;;;;;;;;;;;88.3;42;;;;;;
OTL;01.09.1898 00:00;;;19.7;2.1;;;;;;;;;;;;;;;;;;;37.6;19;;;;;;
OTL;01.10.1898 00:00;;;12.6;-0.3;;;;;;;;;;;;;;;;;;;276.7;132;;;;;;
OTL;01.11.1898 00:00;;;9.6;1.7;;;;;;;;;;;;;;;;;;;292.5;141;;;;;;
OTL;01.12.1898 00:00;;;5.1;0.7;;;;;;;;;;;;;;;;;;;0.1;0;;;;;;
OTL;01.01.1899 00:00;;;5.1;1.2;;;;;;;;;;;;;;;;;;;94.7;136;;;;;;
OTL;01.02.1899 00:00;;;5.8;0.6;;;;;;;;;;;;;;;;;;;10.1;16;;;;;;
OTL;01.03.1899 00:00;;;8;-1.3;;;;;;;;;;;;;;;;;;;32.8;35;;;;;;
OTL;01.04.1899 00:00;;;10.9;-1.7;;;;;;;;;;;;;;;;;;;195.7;118;;;;;;
OTL;01.05.1899 00:00;;;15;-1.4;;;;;;;;;;;;;;;;;;;125.7;66;;;;;;
OTL;01.06.1899 00:00;;;18.5;-1.7;;;;;;;;;;;;;;;;;;;147.8;79;;;;;;
OTL;01.07.1899 00:00;;;20.4;-1.9;;;;;;;;;;;;;;;;;;;101.5;62;;;;;;
OTL;01.08.1899 00:00;;;20.7;-1.1;;;;;;;;;;;;;;;;;;;127.9;60;;;;;;
OTL;01.09.1899 00:00;;;16.8;-0.8;;;;;;;;;;;;;;;;;;;198.7;98;;;;;;
OTL;01.10.1899 00:00;;;11.8;-1.1;;;;;;;;;;;;;;;;;;;36.4;17;;;;;;
OTL;01.11.1899 00:00;;;8;0.1;;;;;;;;;;;;;;;;;;;20.4;10;;;;;;
OTL;01.12.1899 00:00;;;3.1;-1.3;;;;;;;;;;;;;;;;;;;72.5;82;;;;;;
OTL;01.01.00 00:00;;;4.3;0.4;;;;;;;;;;;;;;;;;;;106.2;153;;;;;;
OTL;01.02.00 00:00;;;5.3;0.1;;;;;;;;;;;;;;;;;;;180.3;280;;;;;;
OTL;01.03.00 00:00;;;5.5;-3.8;;;;;;;;;;;;;;;;;;;176;185;;;;;;
OTL;01.04.00 00:00;;;11.5;-1.1;;;;;;;;;;;;;;;;;;;33.4;20;;;;;;
OTL;01.05.00 00:00;;;14.6;-1.8;;;;;;;;;;;;;;;;;;;231.7;122;;;;;;
OTL;01.06.00 00:00;;;19;-1.2;;;;;;;;;;;;;;;;;;;88.1;47;;;;;;
OTL;01.07.00 00:00;;;21.3;-1;;;;;;;;;;;;;;;;;;;136.4;84;;;;;;
OTL;01.08.00 00:00;;;18.5;-3.3;;;;;;;;;;;;;;;;;;;455.4;215;;;;;;
OTL;01.09.00 00:00;;;17.6;0;;;;;;;;;;;;;;;;;;;293.2;144;;;;;;
OTL;01.10.00 00:00;;;11.9;-1;;;;;;;;;;;;;;;;;;;48.2;23;;;;;;
OTL;01.11.00 00:00;;;6.9;-1;;;;;;;;;;;;;;;;;;;371.4;179;;;;;;
OTL;01.12.00 00:00;;;5;0.6;;;;;;;;;;;;;;;;;;;22.2;25;;;;;;
OTL;01.01.01 00:00;-1.2;;2.2;-1.7;-2.4;;;;;;;;;;;;;;;;;;0;0;;;;;;
OTL;01.02.01 00:00;-4.4;;-0.2;-5.4;-6.4;;;;;;;;;;;;;;;;;;54.1;84;;;;;;
OTL;01.03.01 00:00;1.4;;4.9;-4.4;-4;;;;;;;;;;;;;;;;;;327.9;346;;;;;;
OTL;01.04.01 00:00;6.3;;10.6;-2;-2.2;;;;;;;;;;;;;;;;;;246.9;148;;;;;;
OTL;01.05.01 00:00;11.2;;14.9;-1.5;-1;;;;;;;;;;;;;;;;;;73.6;39;;;;;;
OTL;01.06.01 00:00;15.6;;19.7;-0.5;-0.3;;;;;;;;;;;;;;;;;;319.8;171;;;;;;
OTL;01.07.01 00:00;15.9;;19.6;-2.7;-1.9;;;;;;;;;;;;;;;;;;311.2;191;;;;;;
OTL;01.08.01 00:00;15.6;;19.5;-2.3;-1.9;;;;;;;;;;;;;;;;;;145.3;69;;;;;;
OTL;01.09.01 00:00;13.8;;16.4;-1.2;-0.2;;;;;;;;;;;;;;;;;;121.1;60;;;;;;
OTL;01.10.01 00:00;8.3;;10.8;-2.1;-1.6;;;;;;;;;;;;;;;;;;287.2;137;;;;;;
OTL;01.11.01 00:00;2.8;;5.8;-2.1;-2.6;;;;;;;;;;;;;;;;;;32.8;16;;;;;;
OTL;01.12.01 00:00;-0.2;;3.2;-1.2;-2.2;;;;;;;;;;;;;;;;;;205.2;232;;;;;;
OTL;01.01.02 00:00;-0.4;;3.9;0;-1.6;;;;;;;;;;;;;;;;;;41.5;60;;;;;;
OTL;01.02.02 00:00;0.7;;3.5;-1.7;-1.3;;;;;;;;;;;;;;;;;;158;245;;;;;;
OTL;01.03.02 00:00;3;;7.7;-1.6;-2.4;;;;;;;;;;;;;;;;;;126.6;133;;;;;;
OTL;01.04.02 00:00;8.8;;12;-0.6;0.3;;;;;;;;;;;;;;;;;;105.4;63;;;;;;
OTL;01.05.02 00:00;8.9;;12.5;-3.9;-3.3;;;;;;;;;;;;;;;;;;98.5;52;;;;;;
OTL;01.06.02 00:00;13.4;;16.9;-3.3;-2.5;;;;;;;;;;;;;;;;;;260.7;140;;;;;;
OTL;01.07.02 00:00;17;;21;-1.3;-0.8;;;;;;;;;;;;;;;;;;120.6;74;;;;;;
OTL;01.08.02 00:00;16.1;;19.1;-2.7;-1.4;;;;;;;;;;;;;;;;;;253.9;120;;;;;;
OTL;01.09.02 00:00;13.1;;15.6;-2;-0.9;;;;;;;;;;;;;;;;;;308;152;;;;;;
OTL;01.10.02 00:00;7.6;;10.2;-2.7;-2.3;;;;;;;;;;;;;;;;;;185;88;;;;;;
OTL;01.11.02 00:00;2.9;;5.4;-2.5;-2.5;;;;;;;;;;;;;;;;;;94.5;45;;;;;;
OTL;01.12.02 00:00;0.8;;4;-0.4;-1.2;;;;;;;;;;;;;;;;;;75.3;85;;;;;;
OTL;01.01.03 00:00;-2.1;;0.8;-3.1;-3.3;;;;;;;;;;;;;;;;;;91.3;131;;;;;;
OTL;01.02.03 00:00;0.5;;5.3;0.1;-1.5;;;;;;;;;;;;;;;;;;30.1;47;;;;;;
OTL;01.03.03 00:00;4;;8.7;-0.6;-1.4;;;;;;;;;;;;;;;;;;98.2;103;;;;;;
OTL;01.04.03 00:00;5.1;;8.8;-3.8;-3.4;;;;;;;;;;;;;;;;;;217.8;131;;;;;;
OTL;01.05.03 00:00;9.7;;13.4;-3;-2.5;;;;;;;;;;;;;;;;;;539.8;285;;;;;;
OTL;01.06.03 00:00;13.6;;16.3;-3.9;-2.3;;;;;;;;;;;;;;;;;;229.6;123;;;;;;
OTL;01.07.03 00:00;16;;19.4;-2.9;-1.8;;;;;;;;;;;;;;;;;;307.9;189;;;;;;
OTL;01.08.03 00:00;15.6;;19.5;-2.3;-1.9;;;;;;;;;;;;;;;;;;223.4;106;;;;;;
OTL;01.09.03 00:00;13.1;;16;-1.6;-0.9;;;;;;;;;;;;;;;;;;94.6;47;;;;;;
OTL;01.10.03 00:00;8.5;;11.5;-1.4;-1.4;;;;;;;;;;;;;;;;;;329.4;157;;;;;;
OTL;01.11.03 00:00;3.8;;7;-0.9;-1.6;;;;;;;;;;;;;;;;;;86.6;42;;;;;;
OTL;01.12.03 00:00;0.2;;3;-1.4;-1.8;;;;;;;;;;;;;;;;;;148;167;;;;;;
OTL;01.01.04 00:00;-0.1;;2.8;-1.1;-1.3;;;;;;;;;;;;;;;;;;30.8;44;;;;;;
OTL;01.02.04 00:00;0.5;;3.7;-1.5;-1.5;;;;;;;;;;;;;;;;;;180.5;280;;;;;;
OTL;01.03.04 00:00;2.7;;6.5;-2.8;-2.7;;;;;;;;;;;;;;;;;;242;255;;;;;;
OTL;01.04.04 00:00;8.1;;12.1;-0.5;-0.4;;;;;;;;;;;;;;;;;;87.6;53;;;;;;
OTL;01.05.04 00:00;12.1;;16.5;0.1;-0.1;;;;;;;;;;;;;;;;;;167.6;88;;;;;;
OTL;01.06.04 00:00;15.9;;19.3;-0.9;0;;;;;;;;;;;;;;;;;;184;99;;;;;;
OTL;01.07.04 00:00;17.8;;21.8;-0.5;0;;;;;;;;;;;;;;;;;;73.1;45;;;;;;
OTL;01.08.04 00:00;16.9;;21.2;-0.6;-0.6;;;;;;;;;;;;;;;;;;40.8;19;;;;;;
OTL;01.09.04 00:00;11.8;;14.9;-2.7;-2.2;;;;;;;;;;;;;;;;;;243;120;;;;;;
OTL;01.10.04 00:00;8.1;;12.3;-0.6;-1.8;;;;;;;;;;;;;;;;;;45.9;22;;;;;;
OTL;01.11.04 00:00;2.6;;6.4;-1.5;-2.8;;;;;;;;;;;;;;;;;;59.1;28;;;;;;
OTL;01.12.04 00:00;-0.5;;3.5;-0.9;-2.5;;;;;;;;;;;;;;;;;;60.1;68;;;;;;
OTL;01.01.05 00:00;-2;;1.7;-2.2;-3.2;;;;;;;;;;;;;;;;;;30.9;44;;;;;;
OTL;01.02.05 00:00;0;;3.9;-1.3;-2;;;;;;;;;;;;;;;;;;57.5;89;;;;;;
OTL;01.03.05 00:00;3.1;;7.6;-1.7;-2.3;;;;;;;;;;;;;;;;;;78.1;82;;;;;;
OTL;01.04.05 00:00;6.3;;11.3;-1.3;-2.2;;;;;;;;;;;;;;;;;;208.8;126;;;;;;
OTL;01.05.05 00:00;8.5;;12.6;-3.8;-3.7;;;;;;;;;;;;;;;;;;448.1;236;;;;;;
OTL;01.06.05 00:00;13.2;;17.5;-2.7;-2.7;;;;;;;;;;;;;;;;;;152.3;82;;;;;;
OTL;01.07.05 00:00;17.3;;21.9;-0.4;-0.5;;;;;;;;;;;;;;;;;;130.8;80;;;;;;
OTL;01.08.05 00:00;15.5;;18.6;-3.2;-2;;;;;;;;;;;;;;;;;;482.4;228;;;;;;
OTL;01.09.05 00:00;13.2;;16.3;-1.3;-0.8;;;;;;;;;;;;;;;;;;366.9;181;;;;;;
OTL;01.10.05 00:00;5.1;;8.4;-4.5;-4.8;;;;;;;;;;;;;;;;;;12.9;6;;;;;;
OTL;01.11.05 00:00;2.8;;6.2;-1.7;-2.6;;;;;;;;;;;;;;;;;;230;111;;;;;;
OTL;01.12.05 00:00;0.3;;4.5;0.1;-1.7;;;;;;;;;;;;;;;;;;4.9;6;;;;;;
OTL;01.01.06 00:00;-1.9;;2.6;-1.3;-3.1;;;;;;;;;;;;;;;;;;22.7;33;;;;;;
OTL;01.02.06 00:00;0;;3.6;-1.6;-2;;;;;;;;;;;;;;;;;;66.1;102;;;;;;
OTL;01.03.06 00:00;2.7;;7.2;-2.1;-2.7;;;;;;;;;;;;;;;;;;89.6;94;;;;;;
OTL;01.04.06 00:00;5.8;;10.4;-2.2;-2.7;;;;;;;;;;;;;;;;;;162.6;98;;;;;;
OTL;01.05.06 00:00;11.5;;14.7;-1.7;-0.7;;;;;;;;;;;;;;;;;;72.7;38;;;;;;
OTL;01.06.06 00:00;15.7;;20.2;0;-0.2;;;;;;;;;;;;;;;;;;23.9;13;;;;;;
OTL;01.07.06 00:00;16.7;;20.5;-1.8;-1.1;;;;;;;;;;;;;;;;;;267.7;164;;;;;;
OTL;01.08.06 00:00;17.6;;21.1;-0.7;0.1;;;;;;;;;;;;;;;;;;37;17;;;;;;
OTL;01.09.06 00:00;12.7;;16.6;-1;-1.3;;;;;;;;;;;;;;;;;;77.3;38;;;;;;
OTL;01.10.06 00:00;9.9;;13;0.1;0;;;;;;;;;;;;;;;;;;169.7;81;;;;;;
OTL;01.11.06 00:00;4.5;;7.3;-0.6;-0.9;;;;;;;;;;;;;;;;;;387.3;186;;;;;;
OTL;01.12.06 00:00;-0.4;;2.7;-1.7;-2.4;;;;;;;;;;;;;;;;;;12.7;14;;;;;;
OTL;01.01.07 00:00;-1.9;;2;-1.9;-3.1;;;;;;;;;;;;;;;;;;17.1;25;;;;;;
OTL;01.02.07 00:00;-0.8;;2.8;-2.4;-2.8;;;;;;;;;;;;;;;;;;22.6;35;;;;;;
OTL;01.03.07 00:00;2.3;;7.3;-2;-3.1;;;;;;;;;;;;;;;;;;0.3;0;;;;;;
OTL;01.04.07 00:00;6.8;;10.4;-2.2;-1.7;;;;;;;;;;;;;;;;;;89.3;54;;;;;;
OTL;01.05.07 00:00;10.4;;14.8;-1.6;-1.8;;;;;;;;;;;;;;;;;;126.1;67;;;;;;
OTL;01.06.07 00:00;14.9;;18.5;-1.7;-1;;;;;;;;;;;;;;;;;;329.7;176;;;;;;
OTL;01.07.07 00:00;15.5;;19.1;-3.2;-2.3;;;;;;;;;;;;;;;;;;158.1;97;;;;;;
OTL;01.08.07 00:00;16.3;;20.3;-1.5;-1.2;;;;;;;;;;;;;;;;;;76.8;36;;;;;;
OTL;01.09.07 00:00;13.7;;16.9;-0.7;-0.3;;;;;;;;;;;;;;;;;;244.7;120;;;;;;
OTL;01.10.07 00:00;10.1;;12.1;-0.8;0.2;;;;;;;;;;;;;;;;;;590;282;;;;;;
OTL;01.11.07 00:00;4.3;;7.3;-0.6;-1.1;;;;;;;;;;;;;;;;;;38.9;19;;;;;;
OTL;01.12.07 00:00;0.6;;4;-0.4;-1.4;;;;;;;;;;;;;;;;;;126.6;143;;;;;;
OTL;01.01.08 00:00;-1.3;;2.6;-1.3;-2.5;;;;;;;;;;;;;;;;;;2.8;4;;;;;;
OTL;01.02.08 00:00;0.3;;5.4;0.2;-1.7;;;;;;;;;;;;;;;;;;22.5;35;;;;;;
OTL;01.03.08 00:00;1.7;;5.5;-3.8;-3.7;;;;;;;;;;;;;;;;;;113.8;120;;;;;;
OTL;01.04.08 00:00;5.3;;9.2;-3.4;-3.2;;;;;;;;;;;;;;;;;;126.1;76;;;;;;
OTL;01.05.08 00:00;12;;16.2;-0.2;-0.2;;;;;;;;;;;;;;;;;;280.6;148;;;;;;
OTL;01.06.08 00:00;14.8;;18.8;-1.4;-1.1;;;;;;;;;;;;;;;;;;173;93;;;;;;
OTL;01.07.08 00:00;15.4;;19.4;-2.9;-2.4;;;;;;;;;;;;;;;;;;305.8;188;;;;;;
OTL;01.08.08 00:00;15.1;;18.7;-3.1;-2.4;;;;;;;;;;;;;;;;;;494.9;234;;;;;;
OTL;01.09.08 00:00;11.9;;15.1;-2.5;-2.1;;;;;;;;;;;;;;;;;;139.7;69;;;;;;
OTL;01.10.08 00:00;9.8;;12.3;-0.6;-0.1;;;;;;;;;;;;;;;;;;128;61;;;;;;
OTL;01.11.08 00:00;2.7;;6.2;-1.7;-2.7;;;;;;;;;;;;;;;;;;19.4;9;;;;;;
OTL;01.12.08 00:00;0.1;;3.5;-0.9;-1.9;;;;;;;;;;;;;;;;;;35.4;40;;;;;;
OTL;01.01.09 00:00;-2.3;;1.7;-2.2;-3.5;;;;;;;;;;;;;;;;;;1.2;2;;;;;;
OTL;01.02.09 00:00;-1.8;;1.9;-3.3;-3.8;;;;;;;;;;;;;;;;;;135.8;211;;;;;;
OTL;01.03.09 00:00;0.7;;4.3;-5;-4.7;;;;;;;;;;;;;;;;;;108.6;114;;;;;;
OTL;01.04.09 00:00;8.7;;12.8;0.2;0.2;;;;;;;;;;;;;;;;;;80.4;48;;;;;;
OTL;01.05.09 00:00;10.7;;14.7;-1.7;-1.5;;;;;;;;;;;;;;;;;;89.8;47;;;;;;
OTL;01.06.09 00:00;12.9;;16;-4.2;-3;;;;;;;;;;;;;;;;;;244;131;;;;;;
OTL;01.07.09 00:00;15.3;;19;-3.3;-2.5;;;;;;;;;;;;;;;;;;117.7;72;;;;;;
OTL;01.08.09 00:00;15.7;;19;-2.8;-1.8;;;;;;;;;;;;;;;;;;232.7;110;;;;;;
OTL;01.09.09 00:00;12.3;;14.8;-2.8;-1.7;;;;;;;;;;;;;;;;;;114.6;56;;;;;;
OTL;01.10.09 00:00;9.1;;11.8;-1.1;-0.8;;;;;;;;;;;;;;;;;;312.3;149;;;;;;
OTL;01.11.09 00:00;3.1;;5.9;-2;-2.3;;;;;;;;;;;;;;;;;;62.7;30;;;;;;
OTL;01.12.09 00:00;1.2;;4.3;-0.1;-0.8;;;;;;;;;;;;;;;;;;117.9;133;;;;;;
OTL;01.01.10 00:00;0;;3.7;-0.2;-1.2;;;;;;;;;;;;;;;;;;53.1;76;;;;;;
OTL;01.02.10 00:00;0.2;;4;-1.2;-1.8;;;;;;;;;;;;;;;;;;101.2;157;;;;;;
OTL;01.03.10 00:00;3.7;;7.6;-1.7;-1.7;;;;;;;;;;;;;;;;;;186.2;196;;;;;;
OTL;01.04.10 00:00;6.1;;9.7;-2.9;-2.4;;;;;;;;;;;;;;;;;;214.8;129;;;;;;
OTL;01.05.10 00:00;9.7;;13;-3.4;-2.5;;;;;;;;;;;;;;;;;;217.2;115;;;;;;
OTL;01.06.10 00:00;14.9;;18;-2.2;-1;;;;;;;;;;;;;;;;;;278.3;149;;;;;;
OTL;01.07.10 00:00;14.6;;17.9;-4.4;-3.2;;;;;;;;;;;;;;;;;;130.5;80;;;;;;
OTL;01.08.10 00:00;15.1;;18.5;-3.3;-2.4;;;;;;;;;;;;;;;;;;251.1;119;;;;;;
OTL;01.09.10 00:00;11.6;;15;-2.6;-2.4;;;;;;;;;;;;;;;;;;66.5;33;;;;;;
OTL;01.10.10 00:00;9.1;;11.4;-1.5;-0.8;;;;;;;;;;;;;;;;;;243.3;116;;;;;;
OTL;01.11.10 00:00;2.1;;4.9;-3;-3.3;;;;;;;;;;;;;;;;;;99.2;48;;;;;;
OTL;01.12.10 00:00;2;;5.3;0.9;0;;;;;;;;;;;;;;;;;;376.7;425;;;;;;
OTL;01.01.11 00:00;-0.9;;2.7;-1.2;-2.1;;;;;;;;;;;;;;;;;;4.3;6;;;;;;
OTL;01.02.11 00:00;-0.4;;3.8;-1.4;-2.4;;;;;;;;;;;;;;;;;;18.7;29;;;;;;
OTL;01.03.11 00:00;2.9;;6.9;-2.4;-2.5;;;;;;;;;;;;;;;;;;118.5;125;;;;;;
OTL;01.04.11 00:00;7;;10.9;-1.7;-1.5;;;;;;;;;;;;;;;;;;59.9;36;;;;;;
OTL;01.05.11 00:00;11.3;;14.3;-2.1;-0.9;;;;;;;;;;;;;;;;;;114.1;60;;;;;;
OTL;01.06.11 00:00;13.5;;16.8;-3.4;-2.4;;;;;;;;;;;;;;;;;;293.7;157;;;;;;
OTL;01.07.11 00:00;17.8;;21.8;-0.5;0;;;;;;;;;;;;;;;;;;5.6;3;;;;;;
OTL;01.08.11 00:00;18.5;;22;0.2;1;;;;;;;;;;;;;;;;;;264.1;125;;;;;;
OTL;01.09.11 00:00;14.1;;17.3;-0.3;0.1;;;;;;;;;;;;;;;;;;186.5;92;;;;;;
OTL;01.10.11 00:00;7.5;;10.2;-2.7;-2.4;;;;;;;;;;;;;;;;;;323.2;154;;;;;;
OTL;01.11.11 00:00;4.2;;7.2;-0.7;-1.2;;;;;;;;;;;;;;;;;;280.1;135;;;;;;
OTL;01.12.11 00:00;0.9;;4.2;-0.2;-1.1;;;;;;;;;;;;;;;;;;95.7;108;;;;;;
OTL;01.01.12 00:00;0.6;;3.7;-0.2;-0.6;;;;;;;;;;;;;;;;;;96.9;139;;;;;;
OTL;01.02.12 00:00;1.5;;5.3;0.1;-0.5;;;;;;;;;;;;;;;;;;110.7;172;;;;;;
OTL;01.03.12 00:00;4.5;;8.7;-0.6;-0.9;;;;;;;;;;;;;;;;;;176.2;186;;;;;;
OTL;01.04.12 00:00;6.3;;10.2;-2.4;-2.2;;;;;;;;;;;;;;;;;;44.7;27;;;;;;
OTL;01.05.12 00:00;12;;15.8;-0.6;-0.2;;;;;;;;;;;;;;;;;;82;43;;;;;;
OTL;01.06.12 00:00;13.6;;17.1;-3.1;-2.3;;;;;;;;;;;;;;;;;;267.5;143;;;;;;
OTL;01.07.12 00:00;15.6;;19.3;-3;-2.2;;;;;;;;;;;;;;;;;;242.7;149;;;;;;
OTL;01.08.12 00:00;13.3;;16;-5.8;-4.2;;;;;;;;;;;;;;;;;;378.8;179;;;;;;
OTL;01.09.12 00:00;9.5;;12.8;-4.8;-4.5;;;;;;;;;;;;;;;;;;33.7;17;;;;;;
OTL;01.10.12 00:00;7;;9.7;-3.2;-2.9;;;;;;;;;;;;;;;;;;205.3;98;;;;;;
OTL;01.11.12 00:00;1;;4.6;-3.3;-4.4;;;;;;;;;;;;;;;;;;69.1;33;;;;;;
OTL;01.12.12 00:00;-0.6;;2.7;-1.7;-2.6;;;;;;;;;;;;;;;;;;28.6;32;;;;;;
OTL;01.01.13 00:00;-0.2;;2.8;-1.1;-1.4;;;;;;;;;;;;;;;;;;13.7;20;;;;;;
OTL;01.02.13 00:00;-0.7;;3.8;-1.4;-2.7;;;;;;;;;;;;;;;;;;0.5;1;;;;;;
OTL;01.03.13 00:00;3.5;;7.6;-1.7;-1.9;;;;;;;;;;;;;;;;;;243.1;256;;;;;;
OTL;01.04.13 00:00;6.3;;10;-2.6;-2.2;;;;;;;;;;;;;;;;;;239.6;144;;;;;;
OTL;01.05.13 00:00;10.6;;14.3;-2.1;-1.6;;;;;;;;;;;;;;;;;;136;72;;;;;;
OTL;01.06.13 00:00;14.7;;18.6;-1.6;-1.2;;;;;;;;;;;;;;;;;;110;59;;;;;;
OTL;01.07.13 00:00;13.9;;18.5;-3.8;-3.9;;;;;;;;;;;;;;;;;;85.4;52;;;;;;
OTL;01.08.13 00:00;15.3;;18.8;-3;-2.2;;;;;;;;;;;;;;;;;;157.2;74;;;;;;
OTL;01.09.13 00:00;12.4;;14.8;-2.8;-1.6;;;;;;;;;;;;;;;;;;312.3;154;;;;;;
OTL;01.10.13 00:00;9;;11.3;-1.6;-0.9;;;;;;;;;;;;;;;;;;412.8;197;;;;;;
OTL;01.11.13 00:00;5.2;;8.5;0.6;-0.2;;;;;;;;;;;;;;;;;;60.4;29;;;;;;
OTL;01.12.13 00:00;0.9;;4.6;0.2;-1.1;;;;;;;;;;;;;;;;;;20.5;23;;;;;;
OTL;01.01.14 00:00;-2.4;;1.2;-2.7;-3.6;;;;;;;;;;;;;;;;;;10.4;15;;;;;;
OTL;01.02.14 00:00;1.7;;5.2;0;-0.3;;;;;;;;;;;;;;;;;;164.5;255;;;;;;
OTL;01.03.14 00:00;3.7;;7.6;-1.7;-1.7;;;;;;;;;;;;;;;;;;142.3;150;;;;;;
OTL;01.04.14 00:00;8.4;;12.5;-0.1;-0.1;;;;;;;;;;;;;;;;;;96.5;58;;;;;;
OTL;01.05.14 00:00;9.4;;13.2;-3.2;-2.8;;;;;;;;;;;;;;;;;;442.8;234;;;;;;
OTL;01.06.14 00:00;11.3;;16.9;-3.3;-4.6;;;;;;;;;;;;;;;;;;171.7;92;;;;;;
OTL;01.07.14 00:00;12.9;;18.2;-4.1;-4.9;;;;;;;;;;;;;;;;;;289.5;178;;;;;;
OTL;01.08.14 00:00;15.4;;18.6;-3.2;-2.1;;;;;;;;;;;;;;;;;;217.2;103;;;;;;
OTL;01.09.14 00:00;12.5;;15.7;-1.9;-1.5;;;;;;;;;;;;;;;;;;31.4;15;;;;;;
OTL;01.10.14 00:00;7;;10.2;-2.7;-2.9;;;;;;;;;;;;;;;;;;424.2;202;;;;;;
OTL;01.11.14 00:00;2.5;;5.8;-2.1;-2.9;;;;;;;;;;;;;;;;;;47.1;23;;;;;;
OTL;01.12.14 00:00;0.5;;3.6;-0.8;-1.5;;;;;;;;;;;;;;;;;;168.3;190;;;;;;
OTL;01.01.15 00:00;-1.7;;1.7;-2.2;-2.9;;;;;;;;;;;;;;;;;;80;115;;;;;;
OTL;01.02.15 00:00;-1.5;;1.6;-3.6;-3.5;;;;;;;;;;;;;;;;;;193.4;300;;;;;;
OTL;01.03.15 00:00;2.4;;6.7;-2.6;-3;;;;;;;;;;;;;;;;;;62.5;66;;;;;;
OTL;01.04.15 00:00;5.9;;10;-2.6;-2.6;;;;;;;;;;;;;;;;;;68.3;41;;;;;;
OTL;01.05.15 00:00;12.2;;15.4;-1;0;;;;;;;;;;;;;;;;;;245.6;130;;;;;;
OTL;01.06.15 00:00;15;;18.2;-2;-0.9;;;;;;;;;;;;;;;;;;164.4;88;;;;;;
OTL;01.07.15 00:00;15.5;;19.1;-3.2;-2.3;;;;;;;;;;;;;;;;;;300.9;185;;;;;;
OTL;01.08.15 00:00;15.3;;18.9;-2.9;-2.2;;;;;;;;;;;;;;;;;;48.4;23;;;;;;
OTL;01.09.15 00:00;11.1;;14.1;-3.5;-2.9;;;;;;;;;;;;;;;;;;302.5;149;;;;;;
OTL;01.10.15 00:00;6.8;;9.8;-3.1;-3.1;;;;;;;;;;;;;;;;;;39;19;;;;;;
OTL;01.11.15 00:00;1.5;;4.9;-3;-3.9;;;;;;;;;;;;;;;;;;51.5;25;;;;;;
OTL;01.12.15 00:00;2;;5.2;0.8;0;;;;;;;;;;;;;;;;;;124.4;140;;;;;;
OTL;01.01.16 00:00;0.1;;4.5;0.6;-1.1;;;;;;;;;;;;;;;;;;0.4;1;;;;;;
OTL;01.02.16 00:00;-0.1;;3.7;-1.5;-2.1;;;;;;;;;;;;;;;;;;211.1;327;;;;;;
OTL;01.03.16 00:00;2.2;;5.2;-4.1;-3.2;;;;;;;;;;;;;;;;;;444.7;469;;;;;;
OTL;01.04.16 00:00;6.7;;11.4;-1.2;-1.8;;;;;;;;;;;;;;;;;;125.7;76;;;;;;
OTL;01.05.16 00:00;11.6;;14.9;-1.5;-0.6;;;;;;;;;;;;;;;;;;251.6;133;;;;;;
OTL;01.06.16 00:00;12.4;;15.8;-4.4;-3.5;;;;;;;;;;;;;;;;;;415.3;222;;;;;;
OTL;01.07.16 00:00;15.4;;19.5;-2.8;-2.4;;;;;;;;;;;;;;;;;;84.7;52;;;;;;
OTL;01.08.16 00:00;15.9;;19.3;-2.5;-1.6;;;;;;;;;;;;;;;;;;302.9;143;;;;;;
OTL;01.09.16 00:00;11.1;;14.2;-3.4;-2.9;;;;;;;;;;;;;;;;;;165.9;82;;;;;;
OTL;01.10.16 00:00;7.9;;10.9;-2;-2;;;;;;;;;;;;;;;;;;140.5;67;;;;;;
OTL;01.11.16 00:00;4.1;;7;-0.9;-1.3;;;;;;;;;;;;;;;;;;250.8;121;;;;;;
OTL;01.12.16 00:00;0.5;;3.5;-0.9;-1.5;;;;;;;;;;;;;;;;;;275.7;311;;;;;;
OTL;01.01.17 00:00;-0.7;;2.3;-1.6;-1.9;;;;;;;;;;;;;;;;;;79.2;114;;;;;;
OTL;01.02.17 00:00;-2.3;;2;-3.2;-4.3;;;;;;;;;;;;;;;;;;13;20;;;;;;
OTL;01.03.17 00:00;1.4;;5.3;-4;-4;;;;;;;;;;;;;;;;;;183.7;194;;;;;;
OTL;01.04.17 00:00;5;;9;-3.6;-3.5;;;;;;;;;;;;;;;;;;199.4;120;;;;;;
OTL;01.05.17 00:00;12.4;;15.3;-1.1;0.2;;;;;;;;;;;;;;;;;;448.6;237;;;;;;
OTL;01.06.17 00:00;14.9;;19.2;-1;-1;;;;;;;;;;;;;;;;;;113.2;61;;;;;;
OTL;01.07.17 00:00;16.2;;20;-2.3;-1.6;;;;;;;;;;;;;;;;;;175.8;108;;;;;;
OTL;01.08.17 00:00;15;;18.3;-3.5;-2.5;;;;;;;;;;;;;;;;;;375.8;178;;;;;;
OTL;01.09.17 00:00;14.3;;17.6;0;0.3;;;;;;;;;;;;;;;;;;42.8;21;;;;;;
OTL;01.10.17 00:00;6.4;;9.1;-3.8;-3.5;;;;;;;;;;;;;;;;;;285.9;136;;;;;;
OTL;01.11.17 00:00;2.7;;6.4;-1.5;-2.7;;;;;;;;;;;;;;;;;;12.6;6;;;;;;
OTL;01.12.17 00:00;-0.8;;2.1;-2.3;-2.8;;;;;;;;;;;;;;;;;;51.3;58;;;;;;
OTL;01.01.18 00:00;-0.7;;2.8;-1.1;-1.9;;;;;;;;;;;;;;;;;;48;69;;;;;;
OTL;01.02.18 00:00;0.7;;5.3;0.1;-1.3;;;;;;;;;;;;;;;;;;15;23;;;;;;
OTL;01.03.18 00:00;2.7;;7;-2.3;-2.7;;;;;;;;;;;;;;;;;;159.2;168;;;;;;
OTL;01.04.18 00:00;6.6;;8.9;-3.7;-1.9;;;;;;;;;;;;;;;;;;289.1;174;;;;;;
OTL;01.05.18 00:00;11.7;;15.3;-1.1;-0.5;;;;;;;;;;;;;;;;;;149.8;79;;;;;;
OTL;01.06.18 00:00;12.8;;16.9;-3.3;-3.1;;;;;;;;;;;;;;;;;;196.6;105;;;;;;
OTL;01.07.18 00:00;16.4;;20.2;-2.1;-1.4;;;;;;;;;;;;;;;;;;305.3;187;;;;;;
OTL;01.08.18 00:00;15.5;;19.3;-2.5;-2;;;;;;;;;;;;;;;;;;217.7;103;;;;;;
OTL;01.09.18 00:00;13.2;;16.5;-1.1;-0.8;;;;;;;;;;;;;;;;;;350.8;173;;;;;;
OTL;01.10.18 00:00;6.9;;9.7;-3.2;-3;;;;;;;;;;;;;;;;;;239.3;114;;;;;;
OTL;01.11.18 00:00;2.8;;6;-1.9;-2.6;;;;;;;;;;;;;;;;;;104.7;50;;;;;;
OTL;01.12.18 00:00;0.4;;3.8;-0.6;-1.6;;;;;;;;;;;;;;;;;;33.2;37;;;;;;
OTL;01.01.19 00:00;0.1;;3.3;-0.6;-1.1;;;;;;;;;;;;;;;;;;246.7;354;;;;;;
OTL;01.02.19 00:00;-0.4;;3.3;-1.9;-2.4;;;;;;;;;;;;;;;;;;56.2;87;;;;;;
OTL;01.03.19 00:00;2.9;;7;-2.3;-2.5;;;;;;;;;;;;;;;;;;112.7;119;;;;;;
OTL;01.04.19 00:00;6.4;;10.1;-2.5;-2.1;;;;;;;;;;;;;;;;;;174.7;105;;;;;;
OTL;01.05.19 00:00;10.8;;15.5;-0.9;-1.4;;;;;;;;;;;;;;;;;;5.6;3;;;;;;
OTL;01.06.19 00:00;15.9;;20.5;0.3;0;;;;;;;;;;;;;;;;;;65.1;35;;;;;;
OTL;01.07.19 00:00;13.9;;17.6;-4.7;-3.9;;;;;;;;;;;;;;;;;;284.5;175;;;;;;
OTL;01.08.19 00:00;16.8;;21.6;-0.2;-0.7;;;;;;;;;;;;;;;;;;71.2;34;;;;;;
OTL;01.09.19 00:00;13.7;;17.3;-0.3;-0.3;;;;;;;;;;;;;;;;;;317.1;156;;;;;;
OTL;01.10.19 00:00;5.9;;8.8;-4.1;-4;;;;;;;;;;;;;;;;;;42.3;20;;;;;;
OTL;01.11.19 00:00;1.1;;4.2;-3.7;-4.3;;;;;;;;;;;;;;;;;;230;111;;;;;;
OTL;01.12.19 00:00;0;;3.6;-0.8;-2;;;;;;;;;;;;;;;;;;40.9;46;;;;;;
OTL;01.01.20 00:00;1.4;;5.1;1.2;0.2;;;;;;;;;;;;;;;;;;149.9;215;;;;;;
OTL;01.02.20 00:00;1.9;;6;0.8;-0.1;;;;;;;;;;;;;;;;;;7.7;12;;;;;;
OTL;01.03.20 00:00;4.9;;9.3;0;-0.5;;;;;;;;;;;;;;;;;;253.1;267;;;;;;
OTL;01.04.20 00:00;7.5;;10.9;-1.7;-1;;;;;;;;;;;;;;;;;;301.8;181;;;;;;
OTL;01.05.20 00:00;14.3;;17.3;0.9;2.1;;;;;;;;;;;;;;;;;;135.1;71;;;;;;
OTL;01.06.20 00:00;14.8;;18.3;-1.9;-1.1;;;;;;;;;;;;;;;;;;125.9;67;;;;;;
OTL;01.07.20 00:00;16.6;;19.8;-2.5;-1.2;;;;;;;;;;;;;;;;;;360.1;221;;;;;;
OTL;01.08.20 00:00;14.6;;18.1;-3.7;-2.9;;;;;;;;;;;;;;;;;;186.4;88;;;;;;
OTL;01.09.20 00:00;13;;15.9;-1.7;-1;;;;;;;;;;;;;;;;;;463.7;228;;;;;;
OTL;01.10.20 00:00;9.3;;11.3;-1.6;-0.6;;;;;;;;;;;;;;;;;;157.9;75;;;;;;
OTL;01.11.20 00:00;2.7;;5.7;-2.2;-2.7;;;;;;;;;;;;;;;;;;149.8;72;;;;;;
OTL;01.12.20 00:00;0.8;;3.7;-0.7;-1.2;;;;;;;;;;;;;;;;;;61.8;70;;;;;;
OTL;01.01.21 00:00;1.8;;5.5;1.6;0.6;;;;;;;;;;;;;;;;;;83.9;121;;;;;;
OTL;01.02.21 00:00;0.8;;4.6;-0.6;-1.2;;;;;;;;;;;;;;;;;;38.7;60;;;;;;
OTL;01.03.21 00:00;4.4;;9;-0.3;-1;;;;;;;;;;;;;;;;;;41.8;44;;;;;;
OTL;01.04.21 00:00;6.3;;10.4;-2.2;-2.2;;;;;;;;;;;;;;;;;;94.8;57;;;;;;
OTL;01.05.21 00:00;11.9;;15.3;-1.1;-0.3;;;;;;;;;;;;;;;;;;206.9;109;;;;;;
OTL;01.06.21 00:00;14.9;;19.2;-1;-1;;;;;;;;;;;;;;;;;;65.7;35;;;;;;
OTL;01.07.21 00:00;17.8;;22.2;-0.1;0;;;;;;;;;;;;;;;;;;20.1;12;;;;;;
OTL;01.08.21 00:00;16;;19.6;-2.2;-1.5;;;;;;;;;;;;;;;;;;305.5;144;;;;;;
OTL;01.09.21 00:00;14;;17.3;-0.3;0;;;;;;;;;;;;;;;;;;41.1;20;;;;;;
OTL;01.10.21 00:00;9.9;;14;1.1;0;;;;;;;;;;;;;;;;;;0.5;0;;;;;;
OTL;01.11.21 00:00;2.1;;5.8;-2.1;-3.3;;;;;;;;;;;;;;;;;;9.6;5;;;;;;
OTL;01.12.21 00:00;-0.5;;4.4;0;-2.5;;;;;;;;;;;;;;;;;;0.9;1;;;;;;
OTL;01.01.22 00:00;-1.1;;2.5;-1.4;-2.3;;;;;;;;;;;;;;;;;;81.7;117;;;;;;
OTL;01.02.22 00:00;0.1;;4.3;-0.9;-1.9;;;;;;;;;;;;;;;;;;20.3;31;;;;;;
OTL;01.03.22 00:00;4.8;;8.3;-1;-0.6;;;;;;;;;;;;;;;;;;309.6;326;;;;;;
OTL;01.04.22 00:00;6.1;;9.5;-3.1;-2.4;;;;;;;;;;;;;;;;;;173.9;105;;;;;;
OTL;01.05.22 00:00;12.2;;17;0.6;0;;;;;;;;;;;;;;;;;;64.2;34;;;;;;
OTL;01.06.22 00:00;15.3;;18.8;-1.4;-0.6;;;;;;;;;;;;;;;;;;229.1;123;;;;;;
OTL;01.07.22 00:00;15.5;;19;-3.3;-2.3;;;;;;;;;;;;;;;;;;214.8;132;;;;;;
OTL;01.08.22 00:00;16.2;;19.4;-2.4;-1.3;;;;;;;;;;;;;;;;;;257.8;122;;;;;;
OTL;01.09.22 00:00;11.2;;13.9;-3.7;-2.8;;;;;;;;;;;;;;;;;;314.6;155;;;;;;
OTL;01.10.22 00:00;8.1;;10.1;-2.8;-1.8;;;;;;;;;;;;;;;;;;135;64;;;;;;
OTL;01.11.22 00:00;2;;5.9;-2;-3.4;;;;;;;;;;;;;;;;;;10;5;;;;;;
OTL;01.12.22 00:00;0;;3;-1.4;-2;;;;;;;;;;;;;;;;;;277.6;313;;;;;;
OTL;01.01.23 00:00;-0.7;;2.7;-1.2;-1.9;;;;;;;;;;;;;;;;;;5.9;8;;;;;;
OTL;01.02.23 00:00;1.4;;5.3;0.1;-0.6;;;;;;;;;;;;;;;;;;6.1;9;;;;;;
OTL;01.03.23 00:00;4.3;;8.9;-0.4;-1.1;;;;;;;;;;;;;;;;;;21.6;23;;;;;;
OTL;01.04.23 00:00;6.9;;10.6;-2;-1.6;;;;;;;;;;;;;;;;;;217;130;;;;;;
OTL;01.05.23 00:00;11.2;;14.9;-1.5;-1;;;;;;;;;;;;;;;;;;312.2;165;;;;;;
OTL;01.06.23 00:00;12;;16.5;-3.7;-3.9;;;;;;;;;;;;;;;;;;60.5;32;;;;;;
OTL;01.07.23 00:00;17.9;;21.8;-0.5;0.1;;;;;;;;;;;;;;;;;;178.5;110;;;;;;
OTL;01.08.23 00:00;17.2;;20.9;-0.9;-0.3;;;;;;;;;;;;;;;;;;157.2;74;;;;;;
OTL;01.09.23 00:00;11.8;;15.1;-2.5;-2.2;;;;;;;;;;;;;;;;;;241.8;119;;;;;;
OTL;01.10.23 00:00;9.9;;12.3;-0.6;0;;;;;;;;;;;;;;;;;;348.2;166;;;;;;
OTL;01.11.23 00:00;4.5;;7.5;-0.4;-0.9;;;;;;;;;;;;;;;;;;311.6;150;;;;;;
OTL;01.12.23 00:00;0.7;;3.9;-0.5;-1.3;;;;;;;;;;;;;;;;;;39.8;45;;;;;;
OTL;01.01.24 00:00;-1.6;;1.8;-2.1;-2.8;;;;;;;;;;;;;;;;;;53.1;76;;;;;;
OTL;01.02.24 00:00;0.1;;4.1;-1.1;-1.9;;;;;;;;;;;;;;;;;;40.1;62;;;;;;
OTL;01.03.24 00:00;3.5;;7.2;-2.1;-1.9;;;;;;;;;;;;;;;;;;100.4;106;;;;;;
OTL;01.04.24 00:00;7.7;;11.7;-0.9;-0.8;;;;;;;;;;;;;;;;;;104;63;;;;;;
OTL;01.05.24 00:00;12.2;;16.1;-0.3;0;;;;;;;;;;;;;;;;;;205.5;108;;;;;;
OTL;01.06.24 00:00;14.8;;18.4;-1.8;-1.1;;;;;;;;;;;;;;;;;;163.6;88;;;;;;
OTL;01.07.24 00:00;16.9;;20.3;-2;-0.9;;;;;;;;;;;;;;;;;;235.1;144;;;;;;
OTL;01.08.24 00:00;13.8;;16.9;-4.9;-3.7;;;;;;;;;;;;;;;;;;334.6;158;;;;;;
OTL;01.09.24 00:00;12.7;;15.7;-1.9;-1.3;;;;;;;;;;;;;;;;;;214.5;106;;;;;;
OTL;01.10.24 00:00;8.5;;11.2;-1.7;-1.4;;;;;;;;;;;;;;;;;;227;108;;;;;;
OTL;01.11.24 00:00;3.8;;7.1;-0.8;-1.6;;;;;;;;;;;;;;;;;;55.7;27;;;;;;
OTL;01.12.24 00:00;1.2;;4.4;0;-0.8;;;;;;;;;;;;;;;;;;125.7;142;;;;;;
OTL;01.01.25 00:00;0.6;;4.4;0.5;-0.6;;;;;;;;;;;;;;;;;;4.9;7;;;;;;
OTL;01.02.25 00:00;0.8;;4.5;-0.7;-1.2;;;;;;;;;;;;;;;;;;328;509;;;;;;
OTL;01.03.25 00:00;1.3;;5.1;-4.2;-4.1;;;;;;;;;;;;;;;;;;140.2;148;;;;;;
OTL;01.04.25 00:00;7.1;;10.6;-2;-1.4;;;;;;;;;;;;;;;;;;102.8;62;;;;;;
OTL;01.05.25 00:00;11;;14;-2.4;-1.2;;;;;;;;;;;;;;;;;;240.4;127;;;;;;
OTL;01.06.25 00:00;15.2;;19.7;-0.5;-0.7;;;;;;;;;;;;;;;;;;6.3;3;;;;;;
OTL;01.07.25 00:00;15.8;;19.2;-3.1;-2;;;;;;;;;;;;;;;;;;263;161;;;;;;
OTL;01.08.25 00:00;15.2;;18.7;-3.1;-2.3;;;;;;;;;;;;;;;;;;237;112;;;;;;
OTL;01.09.25 00:00;10.9;;14.1;-3.5;-3.1;;;;;;;;;;;;;;;;;;265.8;131;;;;;;
OTL;01.10.25 00:00;8.6;;11.8;-1.1;-1.3;;;;;;;;;;;;;;;;;;121.6;58;;;;;;
OTL;01.11.25 00:00;4.2;;7;-0.9;-1.2;;;;;;;;;;;;;;;;;;69.4;33;;;;;;
OTL;01.12.25 00:00;-1.5;;2;-2.4;-3.5;;;;;;;;;;;;;;;;;;73.6;83;;;;;;
OTL;01.01.26 00:00;-1.8;;2;-1.9;-3;;;;;;;;;;;;;;;;;;58.8;84;;;;;;
OTL;01.02.26 00:00;2.2;;5.7;0.5;0.2;;;;;;;;;;;;;;;;;;212.4;329;;;;;;
OTL;01.03.26 00:00;4.8;;8.8;-0.5;-0.6;;;;;;;;;;;;;;;;;;58.8;62;;;;;;
OTL;01.04.26 00:00;7.6;;11.9;-0.7;-0.9;;;;;;;;;;;;;;;;;;170.6;103;;;;;;
OTL;01.05.26 00:00;9.3;;13.3;-3.1;-2.9;;;;;;;;;;;;;;;;;;464.3;245;;;;;;
OTL;01.06.26 00:00;12.5;;16.7;-3.5;-3.4;;;;;;;;;;;;;;;;;;142.4;76;;;;;;
OTL;01.07.26 00:00;15.9;;20.1;-2.2;-1.9;;;;;;;;;;;;;;;;;;197.6;121;;;;;;
OTL;01.08.26 00:00;16.1;;20.1;-1.7;-1.4;;;;;;;;;;;;;;;;;;49.9;24;;;;;;
OTL;01.09.26 00:00;15.3;;19;1.4;1.3;;;;;;;;;;;;;;;;;;89.2;44;;;;;;
OTL;01.10.26 00:00;8.8;;12.1;-0.8;-1.1;;;;;;;;;;;;;;;;;;300;143;;;;;;
OTL;01.11.26 00:00;6.7;;9.1;1.2;1.3;;;;;;;;;;;;;;;;;;619.5;298;;;;;;
OTL;01.12.26 00:00;1.5;;5.4;1;-0.5;;;;;;;;;;;;;;;;;;20.4;23;;;;;;
OTL;01.01.27 00:00;0.5;;4.3;0.4;-0.7;;;;;;;;;;;;;;;;;;115.5;166;;;;;;
OTL;01.02.27 00:00;-0.6;;3.7;-1.5;-2.6;;;;;;;;;;;;;;;;;;47.6;74;;;;;;
OTL;01.03.27 00:00;3;;7.7;-1.6;-2.4;;;;;;;;;;;;;;;;;;230.8;243;;;;;;
OTL;01.04.27 00:00;7.5;;12.8;0.2;-1;;;;;;;;;;;;;;;;;;146.8;88;;;;;;
OTL;01.05.27 00:00;12.1;;16.2;-0.2;-0.1;;;;;;;;;;;;;;;;;;86;45;;;;;;
OTL;01.06.27 00:00;14;;18;-2.2;-1.9;;;;;;;;;;;;;;;;;;341.1;183;;;;;;
OTL;01.07.27 00:00;15.5;;19.9;-2.4;-2.3;;;;;;;;;;;;;;;;;;205.6;126;;;;;;
OTL;01.08.27 00:00;14.9;;18.9;-2.9;-2.6;;;;;;;;;;;;;;;;;;308.8;146;;;;;;
OTL;01.09.27 00:00;12.8;;16.1;-1.5;-1.2;;;;;;;;;;;;;;;;;;258.7;127;;;;;;
OTL;01.10.27 00:00;8.4;;11.9;-1;-1.5;;;;;;;;;;;;;;;;;;61.3;29;;;;;;
OTL;01.11.27 00:00;5.1;;8.3;0.4;-0.3;;;;;;;;;;;;;;;;;;273.2;132;;;;;;
OTL;01.12.27 00:00;1.2;;4.3;-0.1;-0.8;;;;;;;;;;;;;;;;;;114.7;129;;;;;;
OTL;01.01.28 00:00;0;;3.9;0;-1.2;;;;;;;;;;;;;;;;;;41.2;59;;;;;;
OTL;01.02.28 00:00;1.3;;6.5;1.3;-0.7;;;;;;;;;;;;;;;;;;0.7;1;;;;;;
OTL;01.03.28 00:00;3.8;;7;-2.3;-1.6;;;;;;;;;;;;;;;;;;223.9;236;;;;;;
OTL;01.04.28 00:00;7.6;;11.2;-1.4;-0.9;;;;;;;;;;;;;;;;;;399.2;240;;;;;;
OTL;01.05.28 00:00;9;;13.1;-3.3;-3.2;;;;;;;;;;;;;;;;;;232.3;123;;;;;;
OTL;01.06.28 00:00;14.3;;18.5;-1.7;-1.6;;;;;;;;;;;;;;;;;;187.5;100;;;;;;
OTL;01.07.28 00:00;19.3;;23.7;1.4;1.5;;;;;;;;;;;;;;;;;;99.2;61;;;;;;
OTL;01.08.28 00:00;17.6;;21.1;-0.7;0.1;;;;;;;;;;;;;;;;;;317.6;150;;;;;;
OTL;01.09.28 00:00;13.3;;16.4;-1.2;-0.7;;;;;;;;;;;;;;;;;;58.6;29;;;;;;
OTL;01.10.28 00:00;7.7;;11.2;-1.7;-2.2;;;;;;;;;;;;;;;;;;505.8;241;;;;;;
OTL;01.11.28 00:00;4.8;;7.7;-0.2;-0.6;;;;;;;;;;;;;;;;;;112.5;54;;;;;;
OTL;01.12.28 00:00;-0.7;;3.4;-1;-2.7;;;;;;;;;;;;;;;;;;45.8;52;;;;;;
OTL;01.01.29 00:00;-3.2;;0.6;-3.3;-4.4;;;;;;;;;;;;;;;;;;44.4;64;;;;;;
OTL;01.02.29 00:00;-4.5;;0;-5.2;-6.5;;;;;;;;;;;;;;;;;;0.4;1;;;;;;
OTL;01.03.29 00:00;3;;8.3;-1;-2.4;;;;;;;;;;;;;;;;;;17.4;18;;;;;;
OTL;01.04.29 00:00;5.7;;9.9;-2.7;-2.8;;;;;;;;;;;;;;;;;;284.6;171;;;;;;
OTL;01.05.29 00:00;11.3;;15.4;-1;-0.9;;;;;;;;;;;;;;;;;;213.4;113;;;;;;
OTL;01.06.29 00:00;15.4;;19.8;-0.4;-0.5;;;;;;;;;;;;;;;;;;102.7;55;;;;;;
OTL;01.07.29 00:00;17.1;;21.5;-0.8;-0.7;;;;;;;;;;;;;;;;;;155.2;95;;;;;;
OTL;01.08.29 00:00;16.3;;19.7;-2.1;-1.2;;;;;;;;;;;;;;;;;;253.5;120;;;;;;
OTL;01.09.29 00:00;15.2;;19.3;1.7;1.2;;;;;;;;;;;;;;;;;;8.2;4;;;;;;
OTL;01.10.29 00:00;8.8;;11.9;-1;-1.1;;;;;;;;;;;;;;;;;;317.6;152;;;;;;
OTL;01.11.29 00:00;4.1;;7.4;-0.5;-1.3;;;;;;;;;;;;;;;;;;104.3;50;;;;;;
OTL;01.12.29 00:00;1.9;;5.4;1;-0.1;;;;;;;;;;;;;;;;;;90.4;102;;;;;;
OTL;01.01.30 00:00;0.4;;2.9;-1;-0.8;;;;;;;;;;;;;;;;;;114.5;165;;;;;;
OTL;01.02.30 00:00;0.4;;3.6;-1.6;-1.6;;;;;;;;;;;;;;;;;;25.7;40;;;;;;
OTL;01.03.30 00:00;3.8;;8.3;-1;-1.6;;;;;;;;;;;;;;;;;;82.8;87;;;;;;
OTL;01.04.30 00:00;7.5;;11;-1.6;-1;;;;;;;;;;;;;;;;;;288.5;173;;;;;;
OTL;01.05.30 00:00;10;;13.6;-2.8;-2.2;;;;;;;;;;;;;;;;;;221.6;117;;;;;;
OTL;01.06.30 00:00;15.7;;18.9;-1.3;-0.2;;;;;;;;;;;;;;;;;;344.8;185;;;;;;
OTL;01.07.30 00:00;15.2;;19.1;-3.2;-2.6;;;;;;;;;;;;;;;;;;332.7;204;;;;;;
OTL;01.08.30 00:00;15.7;;19.2;-2.6;-1.8;;;;;;;;;;;;;;;;;;113;53;;;;;;
OTL;01.09.30 00:00;13.8;;16.7;-0.9;-0.2;;;;;;;;;;;;;;;;;;272.2;134;;;;;;
OTL;01.10.30 00:00;7.7;;11;-1.9;-2.2;;;;;;;;;;;;;;;;;;59.3;28;;;;;;
OTL;01.11.30 00:00;4.7;;8.2;0.3;-0.7;;;;;;;;;;;;;;;;;;144.5;70;;;;;;
OTL;01.12.30 00:00;1;;4.1;-0.3;-1;;;;;;;;;;;;;;;;;;23.9;27;;;;;;
OTL;01.01.31 00:00;-1;;2.9;-1;-2.2;;;;;;;;;;;;;;;;;;9.9;14;;;;;;
OTL;01.02.31 00:00;-0.5;;3.3;-1.9;-2.5;;;;;;;;;;;;;;;;;;192.5;298;;;;;;
OTL;01.03.31 00:00;2.3;;6.3;-3;-3.1;;;;;;;;;;;;;;;;;;58.7;62;;;;;;
OTL;01.04.31 00:00;6.3;;10.4;-2.2;-2.2;;;;;;;;;;;;;;;;;;61.4;37;;;;;;
OTL;01.05.31 00:00;12;;15.4;-1;-0.2;;;;;;;;;;;;;;;;;;294.9;156;;;;;;
OTL;01.06.31 00:00;16.3;;20.3;0.1;0.4;;;;;;;;;;;;;;;;;;164.5;88;;;;;;
OTL;01.07.31 00:00;15.1;;19.2;-3.1;-2.7;;;;;;;;;;;;;;;;;;279.4;172;;;;;;
OTL;01.08.31 00:00;14.8;;18;-3.8;-2.7;;;;;;;;;;;;;;;;;;390.5;185;;;;;;
OTL;01.09.31 00:00;10;;13.6;-4;-4;;;;;;;;;;;;;;;;;;114.2;56;;;;;;
OTL;01.10.31 00:00;8.1;;11.9;-1;-1.8;;;;;;;;;;;;;;;;;;183.1;87;;;;;;
OTL;01.11.31 00:00;5.2;;7.6;-0.3;-0.2;;;;;;;;;;;;;;;;;;200.6;97;;;;;;
OTL;01.12.31 00:00;-0.8;;2.8;-1.6;-2.8;;;;;;;;;;;;;;;;;;12.3;14;;;;;;
OTL;01.01.32 00:00;0.2;;4.2;0.3;-1;;;;;;;;;;;;;;;;;;27.3;39;;;;;;
OTL;01.02.32 00:00;-2.7;;1.3;-3.9;-4.7;;;;;;;;;;;;;;;;;;12.1;19;;;;;;
OTL;01.03.32 00:00;1.1;;5.4;-3.9;-4.3;;;;;;;;;;;;;;;;;;65.2;69;;;;;;
OTL;01.04.32 00:00;5.5;;9;-3.6;-3;;;;;;;;;;;;;;;;;;164;99;;;;;;
OTL;01.05.32 00:00;9.6;;13.6;-2.8;-2.6;;;;;;;;;;;;;;;;;;429.2;226;;;;;;
OTL;01.06.32 00:00;13.3;;17.1;-3.1;-2.6;;;;;;;;;;;;;;;;;;283.9;152;;;;;;
OTL;01.07.32 00:00;15.5;;18.9;-3.4;-2.3;;;;;;;;;;;;;;;;;;247.7;152;;;;;;
OTL;01.08.32 00:00;17.7;;21.4;-0.4;0.2;;;;;;;;;;;;;;;;;;124.4;59;;;;;;
OTL;01.09.32 00:00;15.8;;18.2;0.6;1.8;;;;;;;;;;;;;;;;;;548.8;270;;;;;;
OTL;01.10.32 00:00;7.6;;10.5;-2.4;-2.3;;;;;;;;;;;;;;;;;;90.5;43;;;;;;
OTL;01.11.32 00:00;4.6;;7.5;-0.4;-0.8;;;;;;;;;;;;;;;;;;49.8;24;;;;;;
OTL;01.12.32 00:00;2.6;;5.1;0.7;0.6;;;;;;;;;;;;;;;;;;135.3;153;;;;;;
OTL;01.01.33 00:00;-1.3;;1.9;-2;-2.5;;;;;;;;;;;;;;;;;;68.9;99;;;;;;
OTL;01.02.33 00:00;-0.1;;3.6;-1.6;-2.1;;;;;;;;;;;;;;;;;;6.3;10;;;;;;
OTL;01.03.33 00:00;3.3;;7.6;-1.7;-2.1;;;;;;;;;;;;;;;;;;77.9;82;;;;;;
OTL;01.04.33 00:00;8.3;;12.3;-0.3;-0.2;;;;;;;;;;;;;;;;;;71.6;43;;;;;;
OTL;01.05.33 00:00;10.7;;14.7;-1.7;-1.5;;;;;;;;;;;;;;;;;;127.4;67;;;;;;
OTL;01.06.33 00:00;12.1;;16;-4.2;-3.8;;;;;;;;;;;;;;;;;;353.9;189;;;;;;
OTL;01.07.33 00:00;17.1;;21.4;-0.9;-0.7;;;;;;;;;;;;;;;;;;116.7;72;;;;;;
OTL;01.08.33 00:00;16.8;;21;-0.8;-0.7;;;;;;;;;;;;;;;;;;143.5;68;;;;;;
OTL;01.09.33 00:00;13.4;;16.7;-0.9;-0.6;;;;;;;;;;;;;;;;;;194.5;96;;;;;;
OTL;01.10.33 00:00;9;;11.7;-1.2;-0.9;;;;;;;;;;;;;;;;;;295.2;141;;;;;;
OTL;01.11.33 00:00;2.8;;5.2;-2.7;-2.6;;;;;;;;;;;;;;;;;;289.2;139;;;;;;
OTL;01.12.33 00:00;-1.1;;1.8;-2.6;-3.1;;;;;;;;;;;;;;;;;;83.4;94;;;;;;
OTL;01.01.34 00:00;-0.8;;2.3;-1.6;-2;;;;;;;;;;;;;;;;;;19.4;28;;;;;;
OTL;01.02.34 00:00;0.7;;5.4;0.2;-1.3;;;;;;;;;;;;;;;;;;46.2;72;;;;;;
OTL;01.03.34 00:00;2.8;;6.8;-2.5;-2.6;;;;;;;;;;;;;;;;;;238;251;;;;;;
OTL;01.04.34 00:00;8.1;;11.2;-1.4;-0.4;;;;;;;;;;;;;;;;;;284.8;171;;;;;;
OTL;01.05.34 00:00;12.8;;16.4;0;0.6;;;;;;;;;;;;;;;;;;143.4;76;;;;;;
OTL;01.06.34 00:00;14;;18.1;-2.1;-1.9;;;;;;;;;;;;;;;;;;114.1;61;;;;;;
OTL;01.07.34 00:00;17.3;;21.3;-1;-0.5;;;;;;;;;;;;;;;;;;142.1;87;;;;;;
OTL;01.08.34 00:00;15;;18.1;-3.7;-2.5;;;;;;;;;;;;;;;;;;546.4;258;;;;;;
OTL;01.09.34 00:00;14;;17.4;-0.2;0;;;;;;;;;;;;;;;;;;49.8;25;;;;;;
OTL;01.10.34 00:00;7.2;;10.8;-2.1;-2.7;;;;;;;;;;;;;;;;;;86.5;41;;;;;;
OTL;01.11.34 00:00;2.7;;5.5;-2.4;-2.7;;;;;;;;;;;;;;;;;;411.6;198;;;;;;
OTL;01.12.34 00:00;2;;5;0.6;0;;;;;;;;;;;;;;;;;;145;164;;;;;;
OTL;01.01.35 00:00;-1.4;;1.9;-2;-2.6;;;;;;;;;;;;;;;;;;8.7;13;;;;;;
OTL;01.02.35 00:00;1.1;;5.2;0;-0.9;;;;;;;;;;;;;;;;;;118.3;183;;;;;;
OTL;01.03.35 00:00;2.7;;7.5;-1.8;-2.7;;;;;;;;;;;;;;;;;;5.3;6;;;;;;
OTL;01.04.35 00:00;6.1;;10.3;-2.3;-2.4;;;;;;;;;;;;;;;;;;102;61;;;;;;
OTL;01.05.35 00:00;9.4;16.6;12.1;-4.3;-2.8;-4.5;;;;;;;;;;;;;;;;;247.9;131;;;;;;
OTL;01.06.35 00:00;16;25.6;20.1;-0.1;0.1;0.5;;;;;;;;;;;;;;;;;163;87;;;;;;
OTL;01.07.35 00:00;17.8;27;21.4;-0.9;0;-0.5;;;;;;;;;;;;;;;;;108.7;67;;;;;;
OTL;01.08.35 00:00;15.5;24.1;18.8;-3;-2;-2.8;;;;;;;;;;;;;;;;;329.7;156;;;;;;
OTL;01.09.35 00:00;13.2;21.8;16.6;-1;-0.8;-0.3;;;;;;;;;;;;;;;;;149.7;74;;;;;;
OTL;01.10.35 00:00;9.2;15.4;11.5;-1.4;-0.7;-1.3;;;;;;;;;;;;;;;;;489.2;234;;;;;;
OTL;01.11.35 00:00;5.1;10.5;7.1;-0.8;-0.3;-0.7;;;;;;;;;;;;;;;;;482.7;232;;;;;;
OTL;01.12.35 00:00;-0.9;4.9;1.8;-2.6;-2.9;-2.7;;;;;;;;;;;;;;;;;295.6;334;;;;;;
OTL;01.01.36 00:00;1.5;6.8;3.7;-0.2;0.3;-0.5;;;;;;;;;;;;;;;;;141.7;204;;;;;;
OTL;01.02.36 00:00;0.9;7.7;4;-1.2;-1.1;-1.7;;;;;;;;;;;;;;;;;78.4;122;;;;;;
OTL;01.03.36 00:00;4.6;12.1;8.2;-1.1;-0.8;-1.9;;;;;;;;;;;;;;;;;190.7;201;;;;;;
OTL;01.04.36 00:00;7.1;13.8;10.3;-2.3;-1.4;-3.7;;;;;;;;;;;;;;;;;238.8;144;;;;;;
OTL;01.05.36 00:00;11.5;19.4;14.8;-1.6;-0.7;-1.7;;;;;;;;;;;;;;;;;196.2;103;;;;;;
OTL;01.06.36 00:00;14.4;23.2;18.2;-2;-1.5;-1.9;;;;;;;;;;;;;;;;;156.3;84;;;;;;
OTL;01.07.36 00:00;15.6;23.7;18.6;-3.7;-2.2;-3.8;;;;;;;;;;;;;;;;;514.2;316;;;;;;
OTL;01.08.36 00:00;16;25;19.7;-2.1;-1.5;-1.9;;;;;;;;;;;;;;;;;25.6;12;;;;;;
OTL;01.09.36 00:00;13.1;20.7;15.9;-1.7;-0.9;-1.4;;;;;;;;;;;;;;;;;206.1;101;;;;;;
OTL;01.10.36 00:00;5.4;13.9;8.9;-4;-4.5;-2.8;;;;;;;;;;;;;;;;;16.8;8;;;;;;
OTL;01.11.36 00:00;3.2;9.8;6.1;-1.8;-2.2;-1.4;;;;;;;;;;;;;;;;;114.7;55;;;;;;
OTL;01.12.36 00:00;0.9;8.5;4.5;0.1;-1.1;0.9;;;;;;;;;;;;;;;;;99.5;112;;;;;;
OTL;01.01.37 00:00;-0.2;6.2;2.6;-1.3;-1.4;-1.1;;;;;;;;;;;;;;;;;34.3;49;;;;;;
OTL;01.02.37 00:00;2.5;10.4;6.1;0.9;0.5;1;;;;;;;;;;;;;;;;;125.2;194;;;;;;
OTL;01.03.37 00:00;1.8;9.1;5.1;-4.2;-3.6;-4.9;;;;;;;;;;;;;;;;;336.7;355;;;;;;
OTL;01.04.37 00:00;7.3;15.9;11.4;-1.2;-1.2;-1.6;;;;;;;;;;;;;;;;;133;80;;;;;;
OTL;01.05.37 00:00;11.9;20.2;15.6;-0.8;-0.3;-0.9;;;;;;;;;;;;;;;;;297.5;157;;;;;;
OTL;01.06.37 00:00;15.7;23.8;18.9;-1.3;-0.2;-1.3;;;;;;;;;;;;;;;;;166.3;89;;;;;;
OTL;01.07.37 00:00;16.6;26;20.5;-1.8;-1.2;-1.5;;;;;;;;;;;;;;;;;216.2;133;;;;;;
OTL;01.08.37 00:00;16;25.4;19.9;-1.9;-1.5;-1.5;;;;;;;;;;;;;;;;;62.9;30;;;;;;
OTL;01.09.37 00:00;12.5;20.6;15.5;-2.1;-1.5;-1.5;;;;;;;;;;;;;;;;;241.2;119;;;;;;
OTL;01.10.37 00:00;8.6;14.9;11;-1.9;-1.3;-1.8;;;;;;;;;;;;;;;;;325.2;155;;;;;;
OTL;01.11.37 00:00;3.7;10.6;6.6;-1.3;-1.7;-0.6;;;;;;;;;;;;;;;;;140.7;68;;;;;;
OTL;01.12.37 00:00;-0.6;6.3;2.6;-1.8;-2.6;-1.3;;;;;;;;;;;;;;;;;79.8;90;;;;;;
OTL;01.01.38 00:00;-1;6.8;2.6;-1.3;-2.2;-0.5;;;;;;;;;;;;;;;;;25;36;;;;;;
OTL;01.02.38 00:00;0.2;8.5;4.1;-1.1;-1.8;-0.9;;;;;;;;;;;;;;;;;23.9;37;;;;;;
OTL;01.03.38 00:00;5.5;16.7;11.5;2.2;0.1;2.7;;;;;;;;;;;;;;;;;3.3;3;;;;;;
OTL;01.04.38 00:00;5.3;15.2;10.3;-2.3;-3.2;-2.3;;;;;;;;;;;;;;;;;53.4;32;;;;;;
OTL;01.05.38 00:00;8.9;16.7;12.4;-4;-3.3;-4.4;;;;;;;;;;;;;;;;;295.2;156;;;;;;
OTL;01.06.38 00:00;15.6;24.6;19.5;-0.7;-0.3;-0.5;;;;;;;;;;;;;;;;;223.8;120;;;;;;
OTL;01.07.38 00:00;16.1;25.2;19.7;-2.6;-1.7;-2.3;;;;;;;;;;;;;;;;;349;214;;;;;;
OTL;01.08.38 00:00;15.6;24.6;19.2;-2.6;-1.9;-2.3;;;;;;;;;;;;;;;;;180.8;85;;;;;;
OTL;01.09.38 00:00;12.5;20;15.3;-2.3;-1.5;-2.1;;;;;;;;;;;;;;;;;182.3;90;;;;;;
OTL;01.10.38 00:00;8.2;16.1;11.5;-1.4;-1.7;-0.6;;;;;;;;;;;;;;;;;172;82;;;;;;
OTL;01.11.38 00:00;4.2;12.1;7.8;-0.1;-1.2;0.9;;;;;;;;;;;;;;;;;166.6;80;;;;;;
OTL;01.12.38 00:00;-0.7;5.7;2.3;-2.1;-2.7;-1.9;;;;;;;;;;;;;;;;;107.5;121;;;;;;
OTL;01.01.39 00:00;0.1;6.2;2.9;-1;-1.1;-1.1;;;;;;;;;;;;;;;;;229.7;330;;;;;;
OTL;01.02.39 00:00;2.1;10.4;6.3;1.1;0.1;1;;;;;;;;;;;;;;;;;85.1;132;;;;;;
OTL;01.03.39 00:00;1.4;10;5.5;-3.8;-4;-4;;;;;;;;;;;;;;;;;10.2;11;;;;;;
OTL;01.04.39 00:00;8.1;15.6;11.8;-0.8;-0.4;-1.9;;;;;;;;;;;;;;;;;373.8;225;;;;;;
OTL;01.05.39 00:00;8.6;16.1;11.9;-4.5;-3.6;-5;;;;;;;;;;;;;;;;;320.3;169;;;;;;
OTL;01.06.39 00:00;13.5;22.9;17.6;-2.6;-2.4;-2.2;;;;;;;;;;;;;;;;;353.4;189;;;;;;
OTL;01.07.39 00:00;15;24.6;18.8;-3.5;-2.8;-2.9;;;;;;;;;;;;;;;;;388.3;238;;;;;;
OTL;01.08.39 00:00;15.5;23.6;18.5;-3.3;-2;-3.3;;;;;;;;;;;;;;;;;266.1;126;;;;;;
OTL;01.09.39 00:00;12.5;20.4;15.4;-2.2;-1.5;-1.7;;;;;;;;;;;;;;;;;137.8;68;;;;;;
OTL;01.10.39 00:00;7.8;14.4;10.3;-2.6;-2.1;-2.3;;;;;;;;;;;;;;;;;257.8;123;;;;;;
OTL;01.11.39 00:00;4.7;12;8;0.1;-0.7;0.8;;;;;;;;;;;;;;;;;113.4;55;;;;;;
OTL;01.12.39 00:00;-0.1;5.9;2.7;-1.7;-2.1;-1.7;;;;;;;;;;;;;;;;;99;112;;;;;;
OTL;01.01.40 00:00;-2.7;4.2;0.6;-3.3;-3.9;-3.1;;;;;;;;;;;;;;;;;2.1;3;;;;;;
OTL;01.02.40 00:00;-0.9;7.4;3.2;-2;-2.9;-2;;;;;;;;;;;;;;;;;12.8;20;;;;;;
OTL;01.03.40 00:00;2.7;11.5;6.9;-2.4;-2.7;-2.5;;;;;;;;;;;;;;;;;97;102;;;;;;
OTL;01.04.40 00:00;7;15.4;11.1;-1.5;-1.5;-2.1;;;;;;;;;;;;;;;;;226.9;136;;;;;;
OTL;01.05.40 00:00;10.5;19.5;14.8;-1.6;-1.7;-1.6;;;;;;;;;;;;;;;;;160.3;85;;;;;;
OTL;01.06.40 00:00;13.4;22;16.9;-3.3;-2.5;-3.1;;;;;;;;;;;;;;;;;264.6;142;;;;;;
OTL;01.07.40 00:00;15;24;18.8;-3.5;-2.8;-3.5;;;;;;;;;;;;;;;;;475.7;292;;;;;;
OTL;01.08.40 00:00;15.4;24.8;19.5;-2.3;-2.1;-2.1;;;;;;;;;;;;;;;;;59;28;;;;;;
OTL;01.09.40 00:00;13.4;21.6;16.6;-1;-0.6;-0.5;;;;;;;;;;;;;;;;;177;87;;;;;;
OTL;01.10.40 00:00;8.2;14.6;10.7;-2.2;-1.7;-2.1;;;;;;;;;;;;;;;;;214.8;103;;;;;;
OTL;01.11.40 00:00;4.3;11.6;7.6;-0.3;-1.1;0.4;;;;;;;;;;;;;;;;;153.2;74;;;;;;
OTL;01.12.40 00:00;-3.3;4;0.3;-4.1;-5.3;-3.6;;;;;;;;;;;;;;;;;11;12;;;;;;
OTL;01.01.41 00:00;-1.2;4.4;1.4;-2.5;-2.4;-2.9;;;;;;;;;;;;;;;;;136.9;197;;;;;;
OTL;01.02.41 00:00;-0.3;7.2;3.3;-1.9;-2.3;-2.2;;;;;;;;;;;;;;;;;91.7;142;;;;;;
OTL;01.03.41 00:00;2.9;11.5;7.1;-2.2;-2.5;-2.5;;;;;;;;;;;;;;;;;191.4;202;;;;;;
OTL;01.04.41 00:00;5.6;13;9.2;-3.4;-2.9;-4.5;;;;;;;;;;;;;;;;;362.8;218;;;;;;
OTL;01.05.41 00:00;8;16;11.7;-4.7;-4.2;-5.1;;;;;;;;;;;;;;;;;461.4;243;;;;;;
OTL;01.06.41 00:00;14.1;23.6;18.4;-1.8;-1.8;-1.5;;;;;;;;;;;;;;;;;220.1;118;;;;;;
OTL;01.07.41 00:00;16.6;25.6;20.3;-2;-1.2;-1.9;;;;;;;;;;;;;;;;;231.6;142;;;;;;
OTL;01.08.41 00:00;14.3;23.6;18.2;-3.6;-3.2;-3.3;;;;;;;;;;;;;;;;;211.2;100;;;;;;
OTL;01.09.41 00:00;12.1;21.2;15.8;-1.8;-1.9;-0.9;;;;;;;;;;;;;;;;;82.8;41;;;;;;
OTL;01.10.41 00:00;7.3;15.9;10.9;-2;-2.6;-0.8;;;;;;;;;;;;;;;;;59;28;;;;;;
OTL;01.11.41 00:00;2.9;8.5;5.4;-2.5;-2.5;-2.7;;;;;;;;;;;;;;;;;155.1;75;;;;;;
OTL;01.12.41 00:00;-0.4;8;3.9;-0.5;-2.4;0.4;;;;;;;;;;;;;;;;;2.9;3;;;;;;
OTL;01.01.42 00:00;-3.2;3.3;0;-3.9;-4.4;-4;;;;;;;;;;;;;;;;;9.2;13;;;;;;
OTL;01.02.42 00:00;-1.6;5.8;2.2;-3;-3.6;-3.6;;;;;;;;;;;;;;;;;35.8;56;;;;;;
OTL;01.03.42 00:00;4.5;12.1;8.4;-0.9;-0.9;-1.9;;;;;;;;;;;;;;;;;64.2;68;;;;;;
OTL;01.04.42 00:00;7.4;14.3;10.7;-1.9;-1.1;-3.2;;;;;;;;;;;;;;;;;129.1;78;;;;;;
OTL;01.05.42 00:00;11;19.3;15;-1.4;-1.2;-1.8;;;;;;;;;;;;;;;;;177.9;94;;;;;;
OTL;01.06.42 00:00;14.6;23.3;18.3;-1.9;-1.3;-1.8;;;;;;;;;;;;;;;;;218.3;117;;;;;;
OTL;01.07.42 00:00;16.6;25.9;20.7;-1.6;-1.2;-1.6;;;;;;;;;;;;;;;;;157.2;97;;;;;;
OTL;01.08.42 00:00;15.6;25;19.4;-2.4;-1.9;-1.9;;;;;;;;;;;;;;;;;221.8;105;;;;;;
OTL;01.09.42 00:00;14.7;22.7;17.5;-0.1;0.7;0.6;;;;;;;;;;;;;;;;;318.3;157;;;;;;
OTL;01.10.42 00:00;10.4;18.4;13.8;0.9;0.5;1.7;;;;;;;;;;;;;;;;;296.7;142;;;;;;
OTL;01.11.42 00:00;3.1;10.3;6.3;-1.6;-2.3;-0.9;;;;;;;;;;;;;;;;;50.8;24;;;;;;
OTL;01.12.42 00:00;0.9;7.5;4;-0.4;-1.1;-0.1;;;;;;;;;;;;;;;;;138.1;156;;;;;;
OTL;01.01.43 00:00;-1.5;5.6;2;-1.9;-2.7;-1.7;;;;;;;;;;;;;;;;;22.8;33;;;;;;
OTL;01.02.43 00:00;2;10.6;6.3;1.1;0;1.2;;;;;;;;;;;;;;;;;10.2;16;;;;;;
OTL;01.03.43 00:00;4.5;13;8.9;-0.4;-0.9;-1;;;;;;;;;;;;;;;;;75.1;79;;;;;;
OTL;01.04.43 00:00;9.1;17.9;13.8;1.2;0.6;0.4;;;;;;;;;;;;;;;;;66.6;40;;;;;;
OTL;01.05.43 00:00;11.9;20.2;15.7;-0.7;-0.3;-0.9;;;;;;;;;;;;;;;;;232.2;122;;;;;;
OTL;01.06.43 00:00;15.1;24.4;19;-1.2;-0.8;-0.7;;;;;;;;;;;;;;;;;42;22;;;;;;
OTL;01.07.43 00:00;16.2;26.2;20.5;-1.8;-1.6;-1.3;;;;;;;;;;;;;;;;;145.9;90;;;;;;
OTL;01.08.43 00:00;18;28.5;22.3;0.5;0.5;1.6;;;;;;;;;;;;;;;;;48;23;;;;;;
OTL;01.09.43 00:00;14.2;22.3;17.4;-0.2;0.2;0.2;;;;;;;;;;;;;;;;;514.7;253;;;;;;
OTL;01.10.43 00:00;10.5;16.9;13;0.1;0.6;0.2;;;;;;;;;;;;;;;;;113.2;54;;;;;;
OTL;01.11.43 00:00;3.4;10.1;6.3;-1.6;-2;-1.1;;;;;;;;;;;;;;;;;34.3;17;;;;;;
OTL;01.12.43 00:00;1.6;7.9;4.8;0.4;-0.4;0.3;;;;;;;;;;;;;;;;;74.8;84;;;;;;
OTL;01.01.44 00:00;0.7;8.9;4.7;0.8;-0.5;1.6;;;;;;;;;;;;;;;;;0.3;0;;;;;;
OTL;01.02.44 00:00;-0.1;7;3.3;-1.9;-2.1;-2.4;;;;;;;;;;;;;;;;;58.4;91;;;;;;
OTL;01.03.44 00:00;1.6;11.5;6.8;-2.5;-3.8;-2.5;;;;;;;;;;;;;;;;;1.6;2;;;;;;
OTL;01.04.44 00:00;8;16.9;12.6;0;-0.5;-0.6;;;;;;;;;;;;;;;;;78.5;47;;;;;;
OTL;01.05.44 00:00;11.1;19.6;15.2;-1.2;-1.1;-1.5;;;;;;;;;;;;;;;;;141.8;75;;;;;;
OTL;01.06.44 00:00;14.1;22.4;17.9;-2.3;-1.8;-2.7;;;;;;;;;;;;;;;;;123.4;66;;;;;;
OTL;01.07.44 00:00;16.3;25.1;20.1;-2.2;-1.5;-2.4;;;;;;;;;;;;;;;;;441.8;271;;;;;;
OTL;01.08.44 00:00;17.5;26.4;21.4;-0.4;0;-0.5;;;;;;;;;;;;;;;;;84.8;40;;;;;;
OTL;01.09.44 00:00;12.4;20.3;15.6;-2;-1.6;-1.8;;;;;;;;;;;;;;;;;165.4;81;;;;;;
OTL;01.10.44 00:00;7.2;14.1;10.1;-2.8;-2.7;-2.6;;;;;;;;;;;;;;;;;421.6;201;;;;;;
OTL;01.11.44 00:00;2.1;9.5;5.3;-2.6;-3.3;-1.7;;;;;;;;;;;;;;;;;48.6;23;;;;;;
OTL;01.12.44 00:00;-0.9;5.8;2.3;-2.1;-2.9;-1.8;;;;;;;;;;;;;;;;;33.9;38;;;;;;
OTL;01.01.45 00:00;-5.3;2.7;-0.8;-4.7;-6.5;-4.6;;;;;;;;;;;;;;;;;59.5;85;;;;;;
OTL;01.02.45 00:00;0.6;8.8;4.8;-0.4;-1.4;-0.6;;;;;;;;;;;;;;;;;3.3;5;;;;;;
OTL;01.03.45 00:00;5.6;15.3;10.5;1.2;0.2;1.3;;;;;;;;;;;;;;;;;113.4;119;;;;;;
OTL;01.04.45 00:00;9.5;18.2;13.8;1.2;1;0.7;;;;;;;;;;;;;;;;;67.6;41;;;;;;
OTL;01.05.45 00:00;12;21.3;16.1;-0.3;-0.2;0.2;;;;;;;;;;;;;;;;;329.7;174;;;;;;
OTL;01.06.45 00:00;16.3;26.4;20.6;0.4;0.4;1.3;;;;;;;;;;;;;;;;;26.4;14;;;;;;
OTL;01.07.45 00:00;19.1;29.7;23.7;1.4;1.3;2.2;;;;;;;;;;;;;;;;;24.8;15;;;;;;
OTL;01.08.45 00:00;16;25.1;19.7;-2.1;-1.5;-1.8;;;;;;;;;;;;;;;;;399.4;189;;;;;;
OTL;01.09.45 00:00;13.6;22.7;17.1;-0.5;-0.4;0.6;;;;;;;;;;;;;;;;;189.7;93;;;;;;
OTL;01.10.45 00:00;8.4;16.9;12.2;-0.7;-1.5;0.2;;;;;;;;;;;;;;;;;267;127;;;;;;
OTL;01.11.45 00:00;2.9;10.1;5.9;-2;-2.5;-1.1;;;;;;;;;;;;;;;;;56.5;27;;;;;;
OTL;01.12.45 00:00;0.2;7.4;4;-0.4;-1.8;-0.2;;;;;;;;;;;;;;;;;199.1;225;;;;;;
OTL;01.01.46 00:00;-1.7;4.7;1.4;-2.5;-2.9;-2.6;;;;;;;;;;;;;;;;;120.6;173;;;;;;
OTL;01.02.46 00:00;2;10.8;6.5;1.3;0;1.4;;;;;;;;;;;;;;;;;18.4;29;;;;;;
OTL;01.03.46 00:00;3.9;11.4;7.8;-1.5;-1.5;-2.6;;;;;;;;;;;;;;;;;183.8;194;;;;;;
OTL;01.04.46 00:00;9.5;17.6;13.3;0.7;1;0.1;;;;;;;;;;;;;;;;;83.8;50;;;;;;
OTL;01.05.46 00:00;10.7;17.7;13.5;-2.9;-1.5;-3.4;;;;;;;;;;;;;;;;;434;229;;;;;;
OTL;01.06.46 00:00;13.6;21.7;17;-3.2;-2.3;-3.4;;;;;;;;;;;;;;;;;469.9;252;;;;;;
OTL;01.07.46 00:00;17.9;26.8;21.7;-0.6;0.1;-0.7;;;;;;;;;;;;;;;;;88.3;54;;;;;;
OTL;01.08.46 00:00;16;24.6;19.3;-2.5;-1.5;-2.3;;;;;;;;;;;;;;;;;273.6;129;;;;;;
OTL;01.09.46 00:00;14;22.6;17.5;-0.1;0;0.5;;;;;;;;;;;;;;;;;159.4;78;;;;;;
OTL;01.10.46 00:00;8.1;15.7;11.2;-1.7;-1.8;-1;;;;;;;;;;;;;;;;;39.7;19;;;;;;
OTL;01.11.46 00:00;3.1;9.7;6;-1.9;-2.3;-1.5;;;;;;;;;;;;;;;;;76.4;37;;;;;;
OTL;01.12.46 00:00;-0.9;5.5;2.3;-2.1;-2.9;-2.1;;;;;;;;;;;;;;;;;13.9;16;;;;;;
OTL;01.01.47 00:00;-3.2;3.3;-0.1;-4;-4.4;-4;;;;;;;;;;;;;;;;;7.9;11;;;;;;
OTL;01.02.47 00:00;-0.9;4.6;1.9;-3.3;-2.9;-4.8;;;;;;;;;;;;;;;;;129.9;201;;;;;;
OTL;01.03.47 00:00;3.6;10.3;6.8;-2.5;-1.8;-3.7;;;;;;;;;;;;;;;;;249.3;263;;;;;;
OTL;01.04.47 00:00;8.7;18.5;13.6;1;0.2;1;;;;;;;;;;;;;;;;;61.9;37;;;;;;
OTL;01.05.47 00:00;13.2;20.1;16.2;-0.2;1;-1;;;;;;;;;;;;;;;;;185.7;98;;;;;;
OTL;01.06.47 00:00;16.1;25.3;20;-0.2;0.2;0.2;;;;;;;;;;;;;;;;;138.7;74;;;;;;
OTL;01.07.47 00:00;17.9;26.9;21.6;-0.7;0.1;-0.6;;;;;;;;;;;;;;;;;413.9;254;;;;;;
OTL;01.08.47 00:00;17.6;26.5;21.2;-0.6;0.1;-0.4;;;;;;;;;;;;;;;;;184.7;87;;;;;;
OTL;01.09.47 00:00;14.1;23.9;18.1;0.5;0.1;1.8;;;;;;;;;;;;;;;;;254.8;125;;;;;;
OTL;01.10.47 00:00;9.1;16.2;11.9;-1;-0.8;-0.5;;;;;;;;;;;;;;;;;95.5;46;;;;;;
OTL;01.11.47 00:00;4.6;12;8;0.1;-0.8;0.8;;;;;;;;;;;;;;;;;104.5;50;;;;;;
OTL;01.12.47 00:00;-0.2;6.7;3.3;-1.1;-2.2;-0.9;;;;;;;;;;;;;;;;;89.6;101;;;;;;
OTL;01.01.48 00:00;0.9;7.2;3.8;-0.1;-0.3;-0.1;;;;;;;;;;;;;;;;;168.1;242;;;;;;
OTL;01.02.48 00:00;0.6;8.8;4.7;-0.5;-1.4;-0.6;;;;;;;;;;;;;;;;;16.3;25;;;;;;
OTL;01.03.48 00:00;6.5;16.7;11.6;2.3;1.1;2.7;;;;;;;;;;;;;;;;;5.5;6;;;;;;
OTL;01.04.48 00:00;7.5;15.4;11.6;-1;-1;-2.1;;;;;;;;;;;;;;;;;208.2;125;;;;;;
OTL;01.05.48 00:00;11.5;18.9;14.8;-1.6;-0.7;-2.2;;;;;;;;;;;;;;;;;282.8;149;;;;;;
OTL;01.06.48 00:00;14.5;23.1;18;-2.2;-1.4;-2;;;;;;;;;;;;;;;;;325.3;174;;;;;;
OTL;01.07.48 00:00;14.7;24.2;18.8;-3.5;-3.1;-3.3;;;;;;;;;;;;;;;;;156.6;96;;;;;;
OTL;01.08.48 00:00;15.7;24;19.1;-2.7;-1.8;-2.9;;;;;;;;;;;;;;;;;281.5;133;;;;;;
OTL;01.09.48 00:00;12.6;21.9;16.3;-1.3;-1.4;-0.2;;;;;;;;;;;;;;;;;279.8;138;;;;;;
OTL;01.10.48 00:00;9.6;16.3;12.4;-0.5;-0.3;-0.4;;;;;;;;;;;;;;;;;167.6;80;;;;;;
OTL;01.11.48 00:00;4.8;12.2;8.1;0.2;-0.6;1;;;;;;;;;;;;;;;;;3.6;2;;;;;;
OTL;01.12.48 00:00;0.1;6.3;3.1;-1.3;-1.9;-1.3;;;;;;;;;;;;;;;;;26.5;30;;;;;;
OTL;01.01.49 00:00;0.4;8.4;4.4;0.5;-0.8;1.1;;;;;;;;;;;;;;;;;93.9;135;;;;;;
OTL;01.02.49 00:00;1.2;11;6;0.8;-0.8;1.6;;;;;;;;;;;;;;;;;0;0;;;;;;
OTL;01.03.49 00:00;1.5;10.9;6.3;-3;-3.9;-3.1;;;;;;;;;;;;;;;;;12.3;13;;;;;;
OTL;01.04.49 00:00;9.2;18.8;14.3;1.7;0.7;1.3;;;;;;;;;;;;;;;;;231.5;139;;;;;;
OTL;01.05.49 00:00;10.5;17.7;13.4;-3;-1.7;-3.4;;;;;;;;;;;;;;;;;369.4;195;;;;;;
OTL;01.06.49 00:00;14.9;24.8;19.4;-0.8;-1;-0.3;;;;;;;;;;;;;;;;;32.5;17;;;;;;
OTL;01.07.49 00:00;17.4;27.1;21.6;-0.7;-0.4;-0.4;;;;;;;;;;;;;;;;;144.3;89;;;;;;
OTL;01.08.49 00:00;17.1;26.4;20.7;-1.1;-0.4;-0.5;;;;;;;;;;;;;;;;;107.8;51;;;;;;
OTL;01.09.49 00:00;14.8;23.2;18.2;0.6;0.8;1.1;;;;;;;;;;;;;;;;;33.1;16;;;;;;
OTL;01.10.49 00:00;10.8;18.3;14;1.1;0.9;1.6;;;;;;;;;;;;;;;;;88.3;42;;;;;;
OTL;01.11.49 00:00;4.2;10.5;6.9;-1;-1.2;-0.7;;;;;;;;;;;;;;;;;240.4;116;;;;;;
OTL;01.12.49 00:00;0.7;7.5;3.9;-0.5;-1.3;-0.1;;;;;;;;;;;;;;;;;70.6;80;;;;;;
OTL;01.01.50 00:00;-0.5;6.2;2.6;-1.3;-1.7;-1.1;;;;;;;;;;;;;;;;;20.6;30;;;;;;
OTL;01.02.50 00:00;1.2;9.1;5.1;-0.1;-0.8;-0.3;;;;;;;;;;;;;;;;;148.1;230;;;;;;
OTL;01.03.50 00:00;4.9;14.7;9.8;0.5;-0.5;0.7;;;;;;;;;;;;;;;;;34.6;36;;;;;;
OTL;01.04.50 00:00;5.9;13.7;9.9;-2.7;-2.6;-3.8;;;;;;;;;;;;;;;;;288.7;174;;;;;;
OTL;01.05.50 00:00;11.6;20.2;15.6;-0.8;-0.6;-0.9;;;;;;;;;;;;;;;;;214.4;113;;;;;;
OTL;01.06.50 00:00;16.1;25.6;20.2;0;0.2;0.5;;;;;;;;;;;;;;;;;109.3;59;;;;;;
OTL;01.07.50 00:00;18.7;28.8;22.9;0.6;0.9;1.3;;;;;;;;;;;;;;;;;176.7;108;;;;;;
OTL;01.08.50 00:00;16.6;25.5;20;-1.8;-0.9;-1.4;;;;;;;;;;;;;;;;;253.3;120;;;;;;
OTL;01.09.50 00:00;12.3;20.9;15.8;-1.8;-1.7;-1.2;;;;;;;;;;;;;;;;;240.5;118;;;;;;
OTL;01.10.50 00:00;9.1;17;12.5;-0.4;-0.8;0.3;;;;;;;;;;;;;;;;;0.2;0;;;;;;
OTL;01.11.50 00:00;2.9;9.9;6;-1.9;-2.5;-1.3;;;;;;;;;;;;;;;;;243.6;117;;;;;;
OTL;01.12.50 00:00;0.1;5.2;2.6;-1.8;-1.9;-2.4;;;;;;;;;;;;;;;;;157.9;178;;;;;;
OTL;01.01.51 00:00;0.7;7.2;3.8;-0.1;-0.5;-0.1;;;;;;;;;;;;;;;;;187.9;270;;;;;;
OTL;01.02.51 00:00;1;7.2;3.8;-1.4;-1;-2.2;;;;;;;;;;;;;;;;;376.1;583;;;;;;
OTL;01.03.51 00:00;1.9;9.8;5.8;-3.5;-3.5;-4.2;;;;;;;;;;;;;;;;;154.6;163;;;;;;
OTL;01.04.51 00:00;6;15.2;10.6;-2;-2.5;-2.3;;;;;;;;;;;;;;;;;221.5;133;;;;;;
OTL;01.05.51 00:00;9.8;17.6;13.3;-3.1;-2.4;-3.5;;;;;;;;;;;;;;;;;202.2;107;;;;;;
OTL;01.06.51 00:00;13.9;23.1;17.8;-2.4;-2;-2;;;;;;;;;;;;;;;;;254.8;136;;;;;;
OTL;01.07.51 00:00;16.2;25.8;20.2;-2.1;-1.6;-1.7;;;;;;;;;;;;;;;;;115;71;;;;;;
OTL;01.08.51 00:00;15.8;24.1;18.9;-2.9;-1.7;-2.8;;;;;;;;;;;;;;;;;420.7;199;;;;;;
OTL;01.09.51 00:00;14.3;22.7;17.6;0;0.3;0.6;;;;;;;;;;;;;;;;;110.8;55;;;;;;
OTL;01.10.51 00:00;8;14.1;10.4;-2.5;-1.9;-2.6;;;;;;;;;;;;;;;;;252.6;121;;;;;;
OTL;01.11.51 00:00;5.1;11.3;7.7;-0.2;-0.3;0.1;;;;;;;;;;;;;;;;;634.5;305;;;;;;
OTL;01.12.51 00:00;1.1;8.2;4.8;0.4;-0.9;0.6;;;;;;;;;;;;;;;;;25.9;29;;;;;;
OTL;01.01.52 00:00;-1.4;5.7;1.9;-2;-2.6;-1.6;;;;;;;;;;;;;;;;;31.4;45;;;;;;
OTL;01.02.52 00:00;-0.4;8.4;4.1;-1.1;-2.4;-1;;;;;;;;;;;;;;;;;4.7;7;;;;;;
OTL;01.03.52 00:00;3.1;11.9;7.7;-1.6;-2.3;-2.1;;;;;;;;;;;;;;;;;72.7;77;;;;;;
OTL;01.04.52 00:00;8.7;16.5;12.8;0.2;0.2;-1;;;;;;;;;;;;;;;;;328.5;198;;;;;;
OTL;01.05.52 00:00;11.6;20.1;15.4;-1;-0.6;-1;;;;;;;;;;;;;;;;;238.7;126;;;;;;
OTL;01.06.52 00:00;16;25;19.8;-0.4;0.1;-0.1;;;;;;;;;;;;;;;;;141;75;;;;;;
OTL;01.07.52 00:00;18.9;28.3;22.6;0.3;1.1;0.8;;;;;;;;;;;;;;;;;106.1;65;;;;;;
OTL;01.08.52 00:00;16.5;25.3;19.9;-1.9;-1;-1.6;;;;;;;;;;;;;;;;;111.5;53;;;;;;
OTL;01.09.52 00:00;10.6;18.6;13.6;-4;-3.4;-3.5;;;;;;;;;;;;;;;;;487.5;240;;;;;;
OTL;01.10.52 00:00;7.1;14.7;10.3;-2.6;-2.8;-2;;;;;;;;;;;;;;;;;132;63;;;;;;
OTL;01.11.52 00:00;2.1;9.2;5.2;-2.7;-3.3;-2;;;;;;;;;;;;;;;;;127.5;61;;;;;;
OTL;01.12.52 00:00;-0.1;6.1;2.8;-1.6;-2.1;-1.5;;;;;;;;;;;;;;;;;47.9;54;;;;;;
OTL;01.01.53 00:00;-1.4;6;2.1;-1.8;-2.6;-1.3;;;;;;;;;;;;;;;;;4.1;6;;;;;;
OTL;01.02.53 00:00;-0.5;8.3;3.8;-1.4;-2.5;-1.1;;;;;;;;;;;;;;;;;5.4;8;;;;;;
OTL;01.03.53 00:00;3.8;14.6;9.3;0;-1.6;0.6;;;;;;;;;;;;;;;;;0;0;;;;;;
OTL;01.04.53 00:00;8.5;15.9;12.3;-0.3;0;-1.6;;;;;;;;;;;;;;;;;168.5;101;;;;;;
OTL;01.05.53 00:00;12.4;22.5;17.3;0.9;0.2;1.4;;;;;;;;;;;;;;;;;10.1;5;;;;;;
OTL;01.06.53 00:00;12.8;20.7;16.4;-3.8;-3.1;-4.4;;;;;;;;;;;;;;;;;395.7;212;;;;;;
OTL;01.07.53 00:00;16.3;25.2;20.1;-2.2;-1.5;-2.3;;;;;;;;;;;;;;;;;261.6;161;;;;;;
OTL;01.08.53 00:00;16.3;25.6;20.1;-1.7;-1.2;-1.3;;;;;;;;;;;;;;;;;125.5;59;;;;;;
OTL;01.09.53 00:00;14.1;21.4;16.8;-0.8;0.1;-0.7;;;;;;;;;;;;;;;;;315;155;;;;;;
OTL;01.10.53 00:00;10;16.2;12.4;-0.5;0.1;-0.5;;;;;;;;;;;;;;;;;456.1;218;;;;;;
OTL;01.11.53 00:00;3.3;10.7;6.8;-1.1;-2.1;-0.5;;;;;;;;;;;;;;;;;16.7;8;;;;;;
OTL;01.12.53 00:00;3.5;8.6;5.9;1.5;1.5;1;;;;;;;;;;;;;;;;;20.9;24;;;;;;
OTL;01.01.54 00:00;-1.7;5.3;1.7;-2.2;-2.9;-2;;;;;;;;;;;;;;;;;21.1;30;;;;;;
OTL;01.02.54 00:00;-1.1;5.1;2.1;-3.1;-3.1;-4.3;;;;;;;;;;;;;;;;;53.4;83;;;;;;
OTL;01.03.54 00:00;3.4;11.4;7.6;-1.7;-2;-2.6;;;;;;;;;;;;;;;;;117.5;124;;;;;;
OTL;01.04.54 00:00;6.5;14.7;10.7;-1.9;-2;-2.8;;;;;;;;;;;;;;;;;144.3;87;;;;;;
OTL;01.05.54 00:00;10.4;18.9;14.2;-2.2;-1.8;-2.2;;;;;;;;;;;;;;;;;275.1;145;;;;;;
OTL;01.06.54 00:00;14.2;22.8;17.9;-2.3;-1.7;-2.3;;;;;;;;;;;;;;;;;251;134;;;;;;
OTL;01.07.54 00:00;15.1;23.9;19;-3.3;-2.7;-3.6;;;;;;;;;;;;;;;;;105.5;65;;;;;;
OTL;01.08.54 00:00;13.9;22.8;17.6;-4.2;-3.6;-4.1;;;;;;;;;;;;;;;;;370.6;175;;;;;;
OTL;01.09.54 00:00;12.9;21.7;16.5;-1.1;-1.1;-0.4;;;;;;;;;;;;;;;;;181.7;89;;;;;;
OTL;01.10.54 00:00;7.8;16.3;11.4;-1.5;-2.1;-0.4;;;;;;;;;;;;;;;;;51.1;24;;;;;;
OTL;01.11.54 00:00;3.9;11.2;7.2;-0.7;-1.5;0;;;;;;;;;;;;;;;;;141.5;68;;;;;;
OTL;01.12.54 00:00;2.2;9.3;5.7;1.3;0.2;1.7;;;;;;;;;;;;;;;;;266.6;301;;;;;;
OTL;01.01.55 00:00;0.9;7.4;4;0.1;-0.3;0.1;;;;;;;;;;;;;;;;;68.3;98;;;;;;
OTL;01.02.55 00:00;0.6;7;3.6;-1.6;-1.4;-2.4;;;;;;;;;;;;;;;;;128.9;200;;;;;;
OTL;01.03.55 00:00;1.9;10.1;6.1;-3.2;-3.5;-3.9;;;;;;;;;;;;;;;;;51;54;;;;;;
OTL;01.04.55 00:00;7.5;17.9;13;0.4;-1;0.4;;;;;;;;;;;;;;;;;0;0;;;;;;
OTL;01.05.55 00:00;10.9;19.3;14.5;-1.9;-1.3;-1.8;;;;;;;;;;;;;;;;;172.3;91;;;;;;
OTL;01.06.55 00:00;13.9;22.4;17.6;-2.6;-2;-2.7;;;;;;;;;;;;;;;;;336.3;180;;;;;;
OTL;01.07.55 00:00;16.5;25.6;20.2;-2.1;-1.3;-1.9;;;;;;;;;;;;;;;;;147.4;90;;;;;;
OTL;01.08.55 00:00;15.2;24.3;18.9;-2.9;-2.3;-2.6;;;;;;;;;;;;;;;;;40.2;19;;;;;;
OTL;01.09.55 00:00;13.2;21.8;16.5;-1.1;-0.8;-0.3;;;;;;;;;;;;;;;;;108.5;53;;;;;;
OTL;01.10.55 00:00;8;16;11.4;-1.5;-1.9;-0.7;;;;;;;;;;;;;;;;;209.1;100;;;;;;
OTL;01.11.55 00:00;3;10.2;6.2;-1.7;-2.4;-1;;;;;;;;;;;;;;;;;36.4;18;;;;;;
OTL;01.12.55 00:00;1.7;8.5;5.1;0.7;-0.3;0.9;;;;;;;;;;;;;;;;;28.7;32;;;;;;
OTL;01.01.56 00:00;0.6;6.8;3.3;-0.6;-0.6;-0.5;;;;;;;;;;;;;;;;;48.4;70;;;;;;
OTL;01.02.56 00:00;-4.6;2.5;-1.1;-6.3;-6.6;-6.9;;;;;;;;;;;;;;;;;8.1;13;;;;;;
OTL;01.03.56 00:00;2.4;10.5;6.4;-2.9;-3;-3.5;;;;;;;;;;;;;;;;;245.9;259;;;;;;
OTL;01.04.56 00:00;5.5;13.1;9.4;-3.2;-3;-4.4;;;;;;;;;;;;;;;;;278.2;167;;;;;;
OTL;01.05.56 00:00;12;21;16.1;-0.3;-0.2;-0.1;;;;;;;;;;;;;;;;;140.8;74;;;;;;
OTL;01.06.56 00:00;13.1;22.1;17;-3.2;-2.8;-3;;;;;;;;;;;;;;;;;144.2;77;;;;;;
OTL;01.07.56 00:00;15.7;25;19.5;-2.8;-2.1;-2.5;;;;;;;;;;;;;;;;;429.4;264;;;;;;
OTL;01.08.56 00:00;15.4;23.8;18.8;-3;-2.1;-3.1;;;;;;;;;;;;;;;;;556.4;263;;;;;;
OTL;01.09.56 00:00;13.6;21.3;16.5;-1.1;-0.4;-0.8;;;;;;;;;;;;;;;;;187;92;;;;;;
OTL;01.10.56 00:00;7.1;15.6;10.5;-2.4;-2.8;-1.1;;;;;;;;;;;;;;;;;101.8;49;;;;;;
OTL;01.11.56 00:00;3.8;9.9;6.6;-1.3;-1.6;-1.3;;;;;;;;;;;;;;;;;23.5;11;;;;;;
OTL;01.12.56 00:00;1.2;8.3;4.4;0;-0.8;0.7;;;;;;;;;;;;;;;;;16.4;19;;;;;;
OTL;01.01.57 00:00;-0.3;6.6;2.8;-1.1;-1.5;-0.7;;;;;;;;;;;;;;;;;102.3;147;;;;;;
OTL;01.02.57 00:00;2.1;8.9;5.3;0.1;0.1;-0.5;;;;;;;;;;;;;;;;;89.4;139;;;;;;
OTL;01.03.57 00:00;5.8;13.4;9.5;0.2;0.4;-0.6;;;;;;;;;;;;;;;;;95.9;101;;;;;;
OTL;01.04.57 00:00;8;15.9;11.7;-0.9;-0.5;-1.6;;;;;;;;;;;;;;;;;84.8;51;;;;;;
OTL;01.05.57 00:00;9.2;17.2;12.7;-3.7;-3;-3.9;;;;;;;;;;;;;;;;;196.9;104;;;;;;
OTL;01.06.57 00:00;13.6;21.9;17.1;-3.1;-2.3;-3.2;;;;;;;;;;;;;;;;;528.1;283;;;;;;
OTL;01.07.57 00:00;16.3;26.4;20.3;-2;-1.5;-1.1;;;;;;;;;;;;;;;;;125.4;77;;;;;;
OTL;01.08.57 00:00;15.3;23.8;18.5;-3.3;-2.2;-3.1;;;;;;;;;;;;;;;;;391.4;185;;;;;;
OTL;01.09.57 00:00;12.5;21.7;16.2;-1.4;-1.5;-0.4;;;;;;;;;;;;;;;;;22.5;11;;;;;;
OTL;01.10.57 00:00;9.2;16.9;12.2;-0.7;-0.7;0.2;;;;;;;;;;;;;;;;;53.3;25;;;;;;
OTL;01.11.57 00:00;5.1;11.7;8;0.1;-0.3;0.5;;;;;;;;;;;;;;;;;302.4;146;;;;;;
OTL;01.12.57 00:00;0;6.8;3.2;-1.2;-2;-0.8;;;;;;;;;;;;;;;;;236.5;267;;;;;;
OTL;01.01.58 00:00;-0.4;6.9;2.9;-1;-1.6;-0.4;;;;;;;;;;;;;;;;;8.5;12;;;;;;
OTL;01.02.58 00:00;2.8;10.1;6.2;1;0.8;0.7;;;;;;;;;;;;;;;;;96.1;149;;;;;;
OTL;01.03.58 00:00;1.7;9.5;5.4;-3.9;-3.7;-4.5;;;;;;;;;;;;;;;;;13.3;14;;;;;;
OTL;01.04.58 00:00;5.3;13.3;9;-3.6;-3.2;-4.2;;;;;;;;;;;;;;;;;203.6;122;;;;;;
OTL;01.05.58 00:00;12.9;21.6;16.8;0.4;0.7;0.5;;;;;;;;;;;;;;;;;245;129;;;;;;
OTL;01.06.58 00:00;14;22.3;17.6;-2.6;-1.9;-2.8;;;;;;;;;;;;;;;;;124.8;67;;;;;;
OTL;01.07.58 00:00;16.4;25.6;20.3;-2;-1.4;-1.9;;;;;;;;;;;;;;;;;118.8;73;;;;;;
OTL;01.08.58 00:00;16.2;25.1;19.8;-2;-1.3;-1.8;;;;;;;;;;;;;;;;;479.3;227;;;;;;
OTL;01.09.58 00:00;14.3;22.2;17.3;-0.3;0.3;0.1;;;;;;;;;;;;;;;;;145.8;72;;;;;;
OTL;01.10.58 00:00;8.7;16.5;11.7;-1.2;-1.2;-0.2;;;;;;;;;;;;;;;;;299.9;143;;;;;;
OTL;01.11.58 00:00;5.6;11.6;8.2;0.3;0.2;0.4;;;;;;;;;;;;;;;;;83.7;40;;;;;;
OTL;01.12.58 00:00;0.7;6.7;3.6;-0.8;-1.3;-0.9;;;;;;;;;;;;;;;;;230.3;260;;;;;;
OTL;01.01.59 00:00;0;6.5;3;-0.9;-1.2;-0.8;18;4.5;0;-0.8;0;0;13.2;969.4;-5.1;-4.9;0;528.4;;;3;;23.2;33;;;9708;121;0;
OTL;01.02.59 00:00;2.6;10.7;6.2;1;0.6;1.3;4;5.6;0;0.3;0;0;20;983.5;-1;10.8;0;372.2;;;2;;8.2;13;;;12145;132;0;
OTL;01.03.59 00:00;6.4;12.8;9.4;0.1;1;-1.2;0;8;0;1.6;0;0;18.2;971.6;3.3;0.3;0;307.7;;;10;;172.8;182;;;6901;57;0;
OTL;01.04.59 00:00;7.3;15.8;11.4;-1.2;-1.2;-1.7;0;8.7;0;0.4;0;0;21.6;966.8;3.1;-2.7;0;177.4;;;8;;218.7;132;;;14562;125;0;
OTL;01.05.59 00:00;11.2;19.7;15.2;-1.2;-1;-1.4;0;11.6;0;-0.1;0;0;23.5;968.4;6.6;-2.3;0;16.7;;;11;;78.2;41;;;13981;111;0.1;
OTL;01.06.59 00:00;15.1;23.7;19;-1.2;-0.8;-1.4;0;14.8;9;-0.2;0;0;28;971.1;11.2;-0.2;0;0;;;9;;106.3;57;;;14097;99;35.9;
OTL;01.07.59 00:00;17.6;27;22.1;-0.2;-0.2;-0.5;0;16.7;27;0.1;0;4;30.8;970.3;12.6;-0.9;1;0;;;11;;145.6;89;;;17130;107;118.3;
OTL;01.08.59 00:00;15.7;24.5;19.7;-2.1;-1.8;-2.4;0;15.8;15;-1.2;0;0;27.8;970.7;12.6;-1;0;0;;;10;;163;77;;;15182;102;53.7;
OTL;01.09.59 00:00;13.6;21.1;16.7;-0.9;-0.4;-1;0;14.7;0;0.7;0;0;23.9;973.6;10.1;1.2;0;0;;;4;;57.3;28;;;11017;93;4.3;
OTL;01.10.59 00:00;8.1;15.3;11.4;-1.5;-1.8;-1.4;0;9.6;0;-1.6;0;0;22.3;973.5;3.7;0.4;0;184.6;;;7;;235.8;113;;;9972;110;0;
OTL;01.11.59 00:00;3.7;9.4;6.1;-1.8;-1.7;-1.8;0;7.1;0;-0.7;0;0;14.4;970.3;0.2;-1.9;0;416.5;;;13;;274.3;132;;;6510;96;0;
OTL;01.12.59 00:00;1.4;7.1;4.2;-0.2;-0.6;-0.5;8;5.6;0;-0.1;0;0;13.3;964.9;-1.7;-9.1;0;490.9;;;12;;217.8;246;;;5764;81;0;
OTL;01.01.60 00:00;-0.4;6.2;2.8;-1.1;-1.6;-1.1;11;4.9;0;-0.4;1;0;13.1;969.6;-8.1;-4.7;0;534.4;;;6;;118.8;171;;;8026;100;0;
OTL;01.02.60 00:00;0.3;5.9;2.9;-2.3;-1.7;-3.5;16;5.2;0;-0.1;1;0;15.9;968.2;-5.6;-4.5;0;494.6;;;8;;104.6;162;;;6689;73;0;
OTL;01.03.60 00:00;4.5;11;7.3;-2;-0.9;-3;3;6.7;0;0.3;0;0;18.3;967.3;-0.6;-4;0;385.4;;;15;;115.5;122;;;6857;57;0;
OTL;01.04.60 00:00;7.7;17.1;12.1;-0.5;-0.8;-0.4;0;7.6;0;-0.7;0;0;22.8;968.7;3;-0.8;0;137.1;;;4;;64.8;39;;;14614;125;0;
OTL;01.05.60 00:00;11.4;20.7;16;-0.4;-0.8;-0.4;0;11.4;2;-0.3;0;0;26.9;970.8;2.6;0.1;0;34.9;;;10;;187.4;99;;;15599;124;9.4;
OTL;01.06.60 00:00;14.9;22.9;18.5;-1.7;-1;-2.2;0;14;5;-1;0;0;27.6;972.1;11.7;0.8;0;0;;;14;;291.1;156;;;12814;90;28.8;
OTL;01.07.60 00:00;14.6;23.2;18.5;-3.8;-3.2;-4.3;0;13.4;4;-3.2;0;0;27.9;969;11.1;-2.2;0;0;;;10;;370.8;228;;;13277;83;22.6;
OTL;01.08.60 00:00;14.5;23.4;18.4;-3.4;-3;-3.5;0;14.3;10;-2.7;0;0;27.3;968.9;11.9;-2.8;0;0;;;13;;456;216;;;14884;100;27.3;
OTL;01.09.60 00:00;11.3;18.7;14.4;-3.2;-2.7;-3.4;0;12.2;0;-1.8;0;0;24.3;970;6.8;-2.4;0;36.2;;;12;;477.9;235;;;10222;86;0.1;
OTL;01.10.60 00:00;7.3;13.4;9.9;-3;-2.6;-3.3;0;9.2;0;-2;0;0;19.8;965.6;3.3;-7.5;0;283.9;;;17;;515.3;246;;;6299;69;0;
OTL;01.11.60 00:00;4.2;10.4;6.9;-1;-1.2;-0.8;0;6.7;0;-1.1;0;0;15.3;969.2;1.5;-3;0;390.6;;;10;;182.1;88;;;5927;88;0;
OTL;01.12.60 00:00;1.1;6.2;3.6;-0.8;-0.9;-1.4;9;5.4;0;-0.3;0;0;10.7;965;-3.3;-9;0;507.9;;;10;;150.1;169;;;5089;72;0;
OTL;01.01.61 00:00;-1.3;4;1.1;-2.8;-2.5;-3.3;25;4.9;0;-0.4;1;0;9.2;972;-4.6;-2.3;0;584.5;;;6;;73.9;106;;;7663;96;0;336.5
OTL;01.02.61 00:00;2.8;11.4;6.7;1.5;0.8;2;0;5.8;0;0.5;0;0;16.4;978.3;0;5.6;0;369.9;;;5;;59.4;92;;;11037;120;0;145.9
OTL;01.03.61 00:00;5.8;16.7;10.8;1.5;0.4;2.7;0;6.5;0;0.1;0;0;23;977.2;1.5;5.9;0;215.5;;;1;;3.3;3;;;18875;156;0;55.5
OTL;01.04.61 00:00;9.8;17.3;13.3;0.7;1.3;-0.2;0;10.2;0;1.9;0;0;24.4;966.6;6.1;-2.9;0;106.4;;;17;;207.2;125;;;9401;81;1.2;18.4
OTL;01.05.61 00:00;10.2;19.1;14.3;-2.1;-2;-2;0;10.2;1;-1.5;0;0;25.3;967.7;5.2;-3;0;64.2;;;10;;179;94;;;14201;113;1.4;8.2
OTL;01.06.61 00:00;14.5;23.6;18.7;-1.5;-1.4;-1.5;0;15.1;11;0.1;0;1;28.6;970.6;8.1;-0.7;0;18.7;;;8;;204.7;110;;;14737;103;48.6;2.7
OTL;01.07.61 00:00;15.6;24.4;19.5;-2.8;-2.2;-3.1;0;15.2;12;-1.4;0;1;28.6;970;12.2;-1.2;0;0;;;10;;121.9;75;;;16411;102;47;0
OTL;01.08.61 00:00;16.1;25.9;20.3;-1.5;-1.4;-1;0;15.8;17;-1.2;0;0;29.3;972.7;12;1;0;0;;;4;;75.9;36;;;18085;121;70.1;0
OTL;01.09.61 00:00;15.7;24.7;19.4;1.8;1.7;2.6;0;15.8;14;1.8;0;0;27.9;974;11.9;1.6;0;0;;;2;;77;38;;;14631;123;40.9;0
OTL;01.10.61 00:00;9.7;15.8;12.2;-0.7;-0.2;-0.9;0;11.1;0;-0.1;0;0;20.5;971.2;3.3;-1.9;0;165.7;;;11;;174.8;83;;;8049;88;0;37.7
OTL;01.11.61 00:00;4.1;9.3;6.3;-1.6;-1.3;-1.9;1;7.1;0;-0.7;0;0;15.3;968.3;-0.7;-3.9;0;410.3;;;10;;200.8;97;;;6824;101;0;170.3
OTL;01.12.61 00:00;1.2;7.4;4.1;-0.3;-0.8;-0.2;15;5.6;0;-0.1;2;0;18.4;969.2;-4.3;-4.8;0;470.8;;;5;;44.5;50;;;6495;91;0;246.8
OTL;01.01.62 00:00;1.4;7.4;4.1;0.2;0.2;0.1;10;5.2;0;-0.1;0;0;19.8;973.2;-3.7;-1.1;0;485.5;;;7;;45.6;66;;;7746;97;0;245.5
OTL;01.02.62 00:00;1.1;8.2;4.3;-0.9;-0.9;-1.2;9;4.6;0;-0.7;0;0;17.3;971.9;-4.3;-0.8;0;437;;;4;;26.2;41;;;9587;104;0;213
OTL;01.03.62 00:00;1.6;8.3;4.6;-4.7;-3.8;-5.7;6;4.7;0;-1.7;0;0;15.4;963.2;-2.6;-8.1;0;478.7;;;7;;44.8;47;;;10738;89;0;230.7
OTL;01.04.62 00:00;6.9;15.7;10.9;-1.7;-1.6;-1.8;0;6.9;2;-1.4;0;0;25.3;968.9;0.2;-0.6;0;236.7;;;11;;204.2;123;;;14042;120;1.4;76.7
OTL;01.05.62 00:00;9.8;18.7;14;-2.4;-2.4;-2.4;0;9.9;1;-1.8;0;0;25.9;968.9;3.6;-1.8;0;66.7;;;13;;138.8;73;;;12965;103;2.8;10.7
OTL;01.06.62 00:00;14;23.4;18.4;-1.8;-1.9;-1.7;0;13.6;11;-1.4;0;3;30.5;972.5;6.5;1.2;2;0;;;4;;46.5;25;;;17180;120;47.5;0
OTL;01.07.62 00:00;16.3;25.6;20.4;-1.9;-1.5;-1.9;0;15.1;24;-1.5;0;2;29.1;969.7;10.8;-1.5;0;0;;;7;;100.3;62;;;16624;103;80.3;0
OTL;01.08.62 00:00;17.8;27;21.7;-0.1;0.3;0.1;0;18;27;1;0;2;30.5;971.3;13.6;-0.4;2;0;;;6;;67.1;32;;;17092;115;108.2;0
OTL;01.09.62 00:00;13;21.9;16.6;-1;-1;-0.2;0;13.3;7;-0.7;0;0;29.8;971.5;7;-0.9;0;26.2;;;7;;225.4;111;;;13393;113;30;2.2
OTL;01.10.62 00:00;9.5;16.6;12.5;-0.4;-0.4;-0.1;0;11.2;0;0;0;0;23.2;974.1;3.8;1;0;161.9;;;4;;47;22;;;11284;124;0;25.9
OTL;01.11.62 00:00;3.5;8.6;5.5;-2.4;-1.9;-2.6;5;7;0;-0.8;0;0;13.5;967.8;-1.4;-4.4;0;434.5;;;12;;212;102;;;5407;80;0;194.5
OTL;01.12.62 00:00;-0.9;4.9;1.8;-2.6;-2.9;-2.7;16;4.5;0;-1.2;2;0;10.3;968.8;-6.1;-5.2;0;565.2;;;6;;45.8;52;;;7239;102;0;317.2
OTL;01.01.63 00:00;-2.6;2.3;-0.5;-4.4;-3.8;-5;19;4.4;0;-0.9;9;0;8.1;968.9;-8.1;-5.4;0;634.3;;;8;;73.8;106;;;7021;88;0;386.3
OTL;01.02.63 00:00;-1.5;4.7;1.2;-4;-3.5;-4.7;19;4.2;0;-1.1;2;0;11.6;962.9;-8.1;-9.8;0;524.3;;;4;;22.6;35;;;7560;82;0;300.3
OTL;01.03.63 00:00;3;11.1;6.5;-2.8;-2.4;-2.9;3;5.9;0;-0.5;0;0;16.2;970.2;-4.7;-1.1;0;418.2;;;6;;98.6;104;;;11086;92;0;170.2
OTL;01.04.63 00:00;7.5;15.2;10.9;-1.7;-1;-2.3;0;8.6;0;0.3;0;0;22.2;967.5;0.5;-2;0;204.1;;;11;;229.9;138;;;10099;87;0;68.1
OTL;01.05.63 00:00;10.9;19.3;14.6;-1.8;-1.3;-1.8;0;10.5;0;-1.2;0;0;24.5;968.8;4.6;-1.9;0;48.4;;;11;;218.1;115;;;11531;92;0.8;8.4
OTL;01.06.63 00:00;13.8;21.4;16.9;-3.3;-2.1;-3.7;0;14.7;5;-0.3;0;0;29.4;968.9;9.2;-2.4;0;16.5;;;17;;301.1;161;;;10278;72;22;0.5
OTL;01.07.63 00:00;17;25.9;20.9;-1.4;-0.8;-1.6;0;16.8;22;0.2;0;3;29.3;971.7;13.4;0.5;0;0;;;12;;125.2;77;;;16483;103;86.9;0
OTL;01.08.63 00:00;14.6;23.6;18.3;-3.5;-2.9;-3.3;0;15;10;-2;0;0;28.3;967.7;9.2;-4;0;0;;;14;;422.7;200;;;14119;95;31.6;0
OTL;01.09.63 00:00;13.2;20.6;16.2;-1.4;-0.8;-1.5;0;14.2;1;0.2;0;0;25.2;972.1;8.8;-0.3;0;0;;;10;;366;180;;;11019;93;1.8;0
OTL;01.10.63 00:00;8.7;16.4;11.8;-1.1;-1.2;-0.3;0;10.1;0;-1.1;0;0;21;974.5;3.2;1.4;0;173.7;;;5;;149.8;72;;;11689;128;0;29.7
OTL;01.11.63 00:00;5.9;10.6;8;0.1;0.5;-0.6;0;8.5;0;0.7;0;0;15.1;968.6;2.3;-3.6;0;357.9;;;15;;519.1;250;;;4275;63;0;117.9
OTL;01.12.63 00:00;0.2;5.2;2.6;-1.8;-1.8;-2.4;14;5.6;0;-0.1;0;0;10.6;971.5;-5.7;-2.5;0;539.3;;;3;;37.2;42;;;7066;99;0;291.3
OTL;01.01.64 00:00;-0.9;5.4;1.7;-2.2;-2.1;-1.9;22;4.7;0;-0.6;0;0;11;982.4;-4.4;8.1;0;568.1;;;4;;49.1;71;;;10571;132;0;320.1
OTL;01.02.64 00:00;2.1;8.9;5.3;0.1;0.1;-0.5;2;5.4;0;0.1;0;0;17.8;970.8;-3.2;-1.9;0;417;;;9;;55.9;87;;;8174;89;0;193
OTL;01.03.64 00:00;3.7;9.6;6.1;-3.2;-1.7;-4.4;2;7.1;0;0.7;0;0;18.1;965.7;-1.1;-5.6;0;430.5;;;13;;143.1;151;;;6177;51;0;182.5
OTL;01.04.64 00:00;8.1;15.9;11.5;-1.1;-0.4;-1.6;0;8.7;0;0.4;0;0;21.4;969.6;2.8;0.1;0;170.4;;;8;;191.1;115;;;10512;90;0;42.4
OTL;01.05.64 00:00;12.6;21.2;16.5;0.1;0.4;0.1;0;12.1;2;0.4;0;0;25;972;8.3;1.3;0;9.1;;;8;;71.4;38;;;14830;118;5.7;1.1
OTL;01.06.64 00:00;15.3;24.1;19.3;-0.9;-0.6;-1;0;14.8;16;-0.2;0;0;28.3;970.4;11.3;-0.9;0;0;;;8;;248.9;133;;;13414;94;49;0
OTL;01.07.64 00:00;17.3;27;21.5;-0.8;-0.5;-0.5;0;16.3;23;-0.3;0;4;32;971.7;13.5;0.5;5;0;;;9;;135.7;83;;;17867;111;101.2;0
OTL;01.08.64 00:00;15.4;24.9;19.5;-2.3;-2.1;-2;0;14.7;18;-2.3;0;0;31.4;969.7;11;-2;1;0;;;12;;115.8;55;;;15838;106;54;0
OTL;01.09.64 00:00;13.3;22.1;17.1;-0.5;-0.7;0;0;13.2;4;-0.8;0;0;26.4;975;8.5;2.6;0;0;;;4;;45.7;23;;;14248;120;13.4;0
OTL;01.10.64 00:00;8.4;14.8;11;-1.9;-1.5;-1.9;0;9.9;0;-1.3;0;0;20;969.5;3.6;-3.6;0;238.4;;;14;;144.6;69;;;7937;87;0;54.4
OTL;01.11.64 00:00;5.3;11.7;8;0.1;-0.1;0.5;0;8.2;0;0.4;0;0;23;972.8;0.7;0.6;0;336.5;;;7;;85.5;41;;;6553;97;0.6;128.5
OTL;01.12.64 00:00;1.3;6.4;3.6;-0.8;-0.7;-1.2;8;5.9;0;0.2;0;0;9.6;969.6;-3.6;-4.4;0;508.2;;;8;;48.7;55;;;5969;84;0;260.2
OTL;01.01.65 00:00;0.9;7;3.6;-0.3;-0.3;-0.3;8;5.2;0;-0.1;0;0;15.5;967.9;-1.5;-6.4;0;508.3;;;6;;57.8;83;;;6346;79;0;260.3
OTL;01.02.65 00:00;-1.1;7.7;2.8;-2.4;-3.1;-1.7;22;3.8;0;-1.5;0;0;14.7;970.7;-4.7;-2;0;479.7;;;0;;1;2;;;13617;148;0;255.7
OTL;01.03.65 00:00;3.4;11.2;6.9;-2.4;-2;-2.8;9;6.4;0;0;0;0;21.5;971.3;-4.9;0;0;374.4;;;7;;92.1;97;;;10836;90;0;166.4
OTL;01.04.65 00:00;7.6;16.7;11.8;-0.8;-0.9;-0.8;0;7;0;-1.3;0;0;20.1;964.3;4.4;-5.2;0;150.4;;;1;;7;4;;;13477;116;0;22.4
OTL;01.05.65 00:00;11;19.8;14.8;-1.6;-1.2;-1.3;0;10.2;2;-1.5;0;0;26;968.5;8;-2.2;0;37.4;;;10;;89.8;47;;;12563;100;4.4;5.4
OTL;01.06.65 00:00;14.5;23.5;18.7;-1.5;-1.4;-1.6;0;14;14;-1;0;2;32.9;970;8.5;-1.3;3;43.9;;;10;;92.9;50;;;12553;88;62.8;3.9
OTL;01.07.65 00:00;15.3;24.5;19.4;-2.9;-2.5;-3;0;14.4;11;-2.2;0;0;28.3;968.9;10.8;-2.3;0;0;;;14;;229.4;141;;;14547;91;45.6;0
OTL;01.08.65 00:00;14.9;23.8;18.8;-3;-2.6;-3.1;0;14.5;10;-2.5;0;0;29;970.1;10.2;-1.6;0;0;;;11;;244.3;115;;;15057;101;42.8;0
OTL;01.09.65 00:00;10.3;17.5;13.3;-4.3;-3.7;-4.6;0;12.4;0;-1.6;0;0;22.8;970;5.6;-2.4;0;102.9;;;16;;750.3;369;;;9423;79;0;14.9
OTL;01.10.65 00:00;8.5;16.1;11.5;-1.4;-1.4;-0.6;0;10.5;0;-0.7;0;0;21.1;976.6;2.8;3.5;0;193.1;;;1;;42;20;;;11811;130;0;41.1
OTL;01.11.65 00:00;3.7;9.1;6.1;-1.8;-1.7;-2.1;6;7.8;0;0;0;0;17.4;965.8;-1.2;-6.4;0;408.2;;;12;;90.4;44;;;5119;76;0;176.2
OTL;01.12.65 00:00;0.7;7.4;3.8;-0.6;-1.3;-0.2;15;5.6;0;-0.1;0;0;15.8;966.3;-2;-7.7;0;503.5;;;3;;20.1;23;;;8257;116;0;255.5
OTL;01.01.66 00:00;-1.7;4.9;1.2;-2.7;-2.9;-2.4;19;4.8;0;-0.5;1;0;14.2;968.1;-7.7;-6.2;0;581.3;;;1;;5.6;8;;;9538;119;0;333.3
OTL;01.02.66 00:00;3.3;9.8;6.1;0.9;1.3;0.4;1;7.4;0;2.1;0;0;16.3;966.6;-1.2;-6.1;0;387.6;;;10;;187.7;291;;;5526;60;0;163.6
OTL;01.03.66 00:00;3.4;13.5;8;-1.3;-2;-0.5;0;5.3;0;-1.1;0;0;18.7;971.7;0;0.4;0;365.1;;;0;;0;0;;;17122;141;0;125.1
OTL;01.04.66 00:00;8.2;16.6;12;-0.6;-0.3;-0.9;0;9.3;0;1;0;0;24.8;966.5;4.4;-3;0;170.3;;;13;;247.6;149;;;11039;95;1.6;34.3
OTL;01.05.66 00:00;11.4;20.6;15.7;-0.7;-0.8;-0.5;0;12.1;0;0.4;0;0;24.8;971.3;5.7;0.6;0;37.9;;;11;;216.2;114;;;15519;123;2.2;5.9
OTL;01.06.66 00:00;14.5;24;18.8;-1.4;-1.4;-1.1;0;15.7;13;0.7;0;0;28.2;970.5;8.8;-0.8;0;16.5;;;11;;180;96;;;15125;106;35.7;0.5
OTL;01.07.66 00:00;14.8;23.5;18.6;-3.7;-3;-4;0;15.5;12;-1.1;0;0;28.4;968.1;9.2;-3.1;0;18.3;;;12;;381;234;;;13358;83;43.4;2.3
OTL;01.08.66 00:00;14.9;23.1;18.1;-3.7;-2.6;-3.8;0;15.6;9;-1.4;0;0;29.3;969.1;9.8;-2.6;0;0;;;9;;110.5;52;;;13614;91;29.4;0
OTL;01.09.66 00:00;14.8;22.1;17.6;0;0.8;0;0;15.9;6;1.9;0;0;27.6;972.3;11.8;-0.1;0;0;;;6;;79.1;39;;;13285;112;15.7;0
OTL;01.10.66 00:00;11;15.9;12.9;0;1.1;-0.8;0;13.5;0;2.3;0;0;22.1;967;4.3;-6.1;0;126.7;;;22;;421.1;201;;;5464;60;0;30.7
OTL;01.11.66 00:00;2;8.4;4.5;-3.4;-3.4;-2.8;6;6.2;0;-1.6;0;0;15.1;969.3;-1;-2.9;0;462.4;;;10;;233.8;113;;;7488;111;0;222.4
OTL;01.12.66 00:00;0.5;7.1;3.5;-0.9;-1.5;-0.5;12;5;0;-0.7;0;0;15.3;967.1;-1.8;-6.9;0;512;;;4;;49.9;56;;;8741;123;0;264
OTL;01.01.67 00:00;-0.2;6.4;2.7;-1.2;-1.4;-0.9;9;4.9;0;-0.4;1;0;17.8;973.9;-7.3;-0.4;0;536.5;;;4;;9.8;14;;;9671;121;0;288.5
OTL;01.02.67 00:00;0.7;7.6;3.7;-1.5;-1.3;-1.8;12;5;0;-0.3;0;0;19.5;975.1;-5.4;2.4;0;446.6;;;6;;77.6;120;;;9255;101;0;230.6
OTL;01.03.67 00:00;6;13.6;9.2;-0.1;0.6;-0.4;0;6.3;0;-0.1;0;0;20.2;973;3;1.7;0;329.9;;;8;;180.4;190;;;12439;103;0;89.9
OTL;01.04.67 00:00;6.7;15.5;10.7;-1.9;-1.8;-2;0;7;0;-1.3;0;0;23.4;967.3;2.8;-2.2;0;226;;;5;;114.6;69;;;14878;128;0;66
OTL;01.05.67 00:00;10.6;19;14.4;-2;-1.6;-2.1;0;9.8;2;-1.9;0;0;25.8;968.8;2.7;-1.9;0;64.7;;;14;;279.7;148;;;11307;90;3.5;16.7
OTL;01.06.67 00:00;13.6;23.5;17.9;-2.3;-2.3;-1.6;0;12.1;10;-2.9;0;0;28.5;972.6;8;1.3;0;0;;;6;;69.2;37;;;15787;111;32.3;0
OTL;01.07.67 00:00;17.4;27;21.6;-0.7;-0.4;-0.5;0;16.6;25;0;0;3;31;972.6;13.3;1.4;2;0;;;12;;141.7;87;;;15663;98;104.8;0
OTL;01.08.67 00:00;15.7;24.3;19.3;-2.5;-1.8;-2.6;0;15.6;14;-1.4;0;1;29.1;971;11.7;-0.7;0;0;;;11;;233.1;110;;;14169;95;41.3;0
OTL;01.09.67 00:00;12.5;20.1;15.6;-2;-1.5;-2;0;13.1;0;-0.9;0;0;24.9;970.1;9.8;-2.3;0;17.3;;;11;;333.9;164;;;10609;89;4.1;1.3
OTL;01.10.67 00:00;9.6;17.4;12.6;-0.3;-0.3;0.7;0;10.6;0;-0.6;0;0;21.8;973.4;3.3;0.3;0;126.2;;;7;;205.8;98;;;12395;136;0;30.2
OTL;01.11.67 00:00;4.8;10.1;7.1;-0.8;-0.6;-1.1;0;7.9;0;0.1;0;0;15;972.8;1;0.6;0;379.2;;;12;;216.1;104;;;5356;79;0;147.2
OTL;01.12.67 00:00;0.5;7.1;3.4;-1;-1.5;-0.5;16;4.5;0;-1.2;2;0;20.9;968.8;-4.8;-5.2;0;508;;;4;;8.7;10;;;9368;132;0;268
OTL;01.01.68 00:00;-0.6;6.5;2.6;-1.3;-1.8;-0.8;18;4.6;0;-0.7;2;0;14.9;969.4;-5.4;-4.9;0;540.1;;;3;;13.1;19;;;9334;116;0;292.1
OTL;01.02.68 00:00;1.4;7;3.7;-1.5;-0.6;-2.4;1;5.7;0;0.4;0;0;12.7;968.2;-1.2;-4.5;0;470.2;;;13;;205.9;319;;;6717;73;0;238.2
OTL;01.03.68 00:00;4;13.7;8.3;-1;-1.4;-0.3;1;5.9;0;-0.5;0;0;21.4;971.4;-0.5;0.1;0;320.5;;;3;;42.7;45;;;15236;126;0;128.5
OTL;01.04.68 00:00;8.1;16.2;11.8;-0.8;-0.4;-1.3;0;9.2;1;0.9;0;0;25.7;970.9;3.4;1.4;0;193.9;;;13;;285.2;171;;;10890;93;0.7;57.9
OTL;01.05.68 00:00;10.4;17.8;13.5;-2.9;-1.8;-3.3;0;11.2;0;-0.5;0;0;24.6;969.6;5.7;-1.1;0;106.8;;;19;;308.4;163;;;9790;78;0;18.8
OTL;01.06.68 00:00;13.7;22.3;17.5;-2.7;-2.2;-2.8;0;14.4;9;-0.6;0;1;30.1;971;9.9;-0.3;1;8;;;12;;154.3;83;;;12909;91;29.4;0
OTL;01.07.68 00:00;16.2;24.8;19.9;-2.4;-1.6;-2.7;0;16.3;15;-0.3;0;4;29.5;971.7;10.8;0.5;0;0;;;11;;130;80;;;15211;95;64.2;0
OTL;01.08.68 00:00;14;22.4;17.4;-4.4;-3.5;-4.5;0;15.3;5;-1.7;0;0;26.5;968.2;10.7;-3.5;0;0;;;17;;213;101;;;11203;75;10.4;0
OTL;01.09.68 00:00;11.8;20.3;15.3;-2.3;-2.2;-1.8;0;13.2;0;-0.8;0;0;24.2;970;9.1;-2.4;0;9.1;;;13;;340.7;168;;;11934;100;0.3;1.1
OTL;01.10.68 00:00;9.4;17.2;12.7;-0.2;-0.5;0.5;0;11.5;0;0.3;0;0;21.7;975;5.4;1.9;0;134.1;;;5;;107.9;52;;;12243;135;0;22.1
OTL;01.11.68 00:00;4.6;10.7;6.9;-1;-0.8;-0.5;1;8;0;0.2;0;0;17.1;968.6;-0.8;-3.6;0;385.7;;;13;;397.4;191;;;6814;101;0;153.7
OTL;01.12.68 00:00;0.1;5.6;2.5;-1.9;-1.9;-2;15;4.9;0;-0.8;1;0;10.5;966.9;-6.5;-7.1;0;543.9;;;5;;30.6;35;;;6469;91;0;295.9
OTL;01.01.69 00:00;-0.4;6.2;2.4;-1.5;-1.6;-1.1;18;4.6;0;-0.7;0;0;14.4;970.4;-3.8;-3.9;0;546;;;6;;90.6;130;;;8668;108;0;298
OTL;01.02.69 00:00;-1.1;4.8;1.5;-3.7;-3.1;-4.6;17;4;0;-1.3;1;0;11.6;963.5;-5.7;-9.2;0;516.9;;;10;;85;132;;;6553;71;0;292.9
OTL;01.03.69 00:00;3.4;10.6;6.4;-2.9;-2;-3.4;0;6.2;0;-0.2;0;0;19.6;966.2;0.1;-5.1;0;422.8;;;11;;57.4;60;;;8207;68;0;174.8
OTL;01.04.69 00:00;6.8;14.9;10.3;-2.3;-1.7;-2.6;0;7.2;0;-1.1;0;0;22.9;970.1;1.9;0.6;0;222.3;;;7;;45.5;27;;;11670;100;0;78.3
OTL;01.05.69 00:00;11.7;20.3;15.3;-1.1;-0.5;-0.8;0;12.1;2;0.4;0;0;27;969.1;7.8;-1.6;0;25.3;;;15;;362.3;191;;;11439;91;9.3;1.3
OTL;01.06.69 00:00;12.7;22;17;-3.2;-3.2;-3.1;0;12.3;4;-2.7;0;0;26.1;967.2;6.1;-4.1;0;28.7;;;7;;232.3;124;;;13106;92;13.9;4.7
OTL;01.07.69 00:00;16.9;26.2;21.1;-1.2;-0.9;-1.3;0;16.4;22;-0.2;0;4;31.7;974;10.8;2.8;3;0;;;9;;218.4;134;;;16706;104;99.6;0
OTL;01.08.69 00:00;15.3;24.7;19.3;-2.5;-2.2;-2.2;0;15;16;-2;0;0;29.7;969.3;9;-2.4;0;0;;;11;;118.6;56;;;13998;94;57.9;0
OTL;01.09.69 00:00;13.3;21.2;16.4;-1.2;-0.7;-0.9;0;14.5;1;0.5;0;0;25.4;972.2;10.2;-0.2;0;0;;;12;;145.9;72;;;12085;102;4.4;0
OTL;01.10.69 00:00;9.6;18.5;13.1;0.2;-0.3;1.8;0;10.2;0;-1;0;0;20.3;976.6;6.7;3.5;0;87.2;;;0;;0;0;;;14436;159;0;7.2
OTL;01.11.69 00:00;4.2;10;6.6;-1.3;-1.2;-1.2;2;7;0;-0.8;0;0;16.6;968.1;-1.5;-4.1;0;399.2;;;14;;203.8;98;;;6273;93;0;159.2
OTL;01.12.69 00:00;-0.8;5.6;2;-2.4;-2.8;-2;23;3.7;0;-2;0;0;13.1;965.2;-4.6;-8.8;0;557.6;;;2;;14.4;16;;;7608;107;0;309.6
OTL;01.01.70 00:00;0;5;2.2;-1.7;-1.2;-2.3;16;5.3;0;0;0;0;11.4;966.5;-3.7;-7.8;0;550.8;;;9;0;176.3;253;;;5295;66;0;302.8
OTL;01.02.70 00:00;0.4;7.5;3.3;-1.9;-1.6;-1.9;11;4.2;0;-1.1;0;0;14;964.6;-2.8;-8.1;0;464.3;;;5;0;36.6;57;;;8085;88;0;240.3
OTL;01.03.70 00:00;2.5;9.9;5.7;-3.6;-2.9;-4.1;6;5.4;0;-1;0;0;17.7;965.3;-3.2;-6;0;442.9;;;10;0;103.8;109;;;10725;89;0;194.9
OTL;01.04.70 00:00;5.5;14.2;9.5;-3.1;-3;-3.3;1;5.9;0;-2.4;0;0;22.9;967.8;-0.8;-1.7;0;264.3;;;7;0;139.2;84;;;12422;106;0;96.3
OTL;01.05.70 00:00;9.7;18.7;13.8;-2.6;-2.5;-2.4;0;8.9;1;-2.8;0;0;25;969.7;5.5;-1;0;102.3;;;8;0;100.4;53;;;13895;110;2;22.3
OTL;01.06.70 00:00;14.9;24;18.7;-1.5;-1;-1.1;0;14.1;15;-0.9;0;0;29.5;971.4;8.8;0.1;0;9.4;;;14;0;215.2;115;;;12977;91;47.7;1.4
OTL;01.07.70 00:00;16.1;25.8;20.3;-2;-1.7;-1.7;0;14.5;18;-2.1;0;1;29.4;969.7;11.2;-1.5;0;0;;;7;0;76.2;47;;;17197;107;72.5;0
OTL;01.08.70 00:00;15.9;25.1;19.7;-2.1;-1.6;-1.8;0;16;14;-1;0;0;30.6;969.5;10.7;-2.2;1;0;;;10;0;259.7;123;;;13040;87;63.6;0
OTL;01.09.70 00:00;14.6;22.4;17.6;0;0.6;0.3;0;14.4;5;0.4;0;0;30.4;973.5;9.9;1.1;1;0;;;5;0;212.5;105;;;12048;101;19.7;0
OTL;01.10.70 00:00;8.5;15.9;11.2;-1.7;-1.4;-0.8;0;9.4;0;-1.8;0;0;21.8;974;3.8;0.9;0;179.5;;;6;0;114.4;55;;;11214;123;0;51.5
OTL;01.11.70 00:00;4.3;11.3;7.3;-0.6;-1.1;0.1;0;6.9;0;-0.9;0;0;17.3;971.5;0.5;-0.7;0;379.7;;;11;0;203.6;98;;;7913;117;0;139.7
OTL;01.12.70 00:00;-0.3;6.1;2.6;-1.8;-2.3;-1.5;16;4.7;0;-1;1;0;12.8;973.8;-6.8;-0.2;0;538.5;;;6;0;88.7;100;;;8795;124;0;290.5
OTL;01.01.71 00:00;-0.6;4.7;1.6;-2.3;-1.8;-2.6;12;5.4;0;0.1;1;0;9.5;969.9;-6.9;-4.4;0;571.4;;;10;0;95.9;138;;;6931;86;0;323.4
OTL;01.02.71 00:00;1.1;10.4;5.2;0;-0.9;1;5;4.3;0;-1;0;0;16;970.1;-2.5;-2.6;0;412.5;;;3;0;58.7;91;;;12067;131;0;188.5
OTL;01.03.71 00:00;1.1;9.2;4.6;-4.7;-4.3;-4.8;10;4.5;0;-1.9;1;0;16.1;965.9;-8.8;-5.4;0;477.1;;;6;0;144.2;152;;;12371;102;0;229.1
OTL;01.04.71 00:00;8.3;16.4;12.1;-0.5;-0.2;-1.1;0;9.3;0;1;0;0;22.1;967;4;-2.5;0;138.4;;;12;0;137.1;82;;;10770;92;0;34.4
OTL;01.05.71 00:00;11.3;18.6;14.2;-2.2;-0.9;-2.5;0;12.4;1;0.7;0;0;25.4;968.1;8;-2.6;0;84.5;;;16;0;220.2;116;;;8031;64;1.6;12.5
OTL;01.06.71 00:00;12.8;21.2;16.5;-3.7;-3.1;-3.9;0;12.9;5;-2.1;0;0;27.9;967.6;7.5;-3.7;0;25.5;;;15;0;316.8;170;;;11472;80;14.8;1.5
OTL;01.07.71 00:00;17.1;26.7;21.3;-1;-0.7;-0.8;0;17.3;23;0.7;0;4;29.7;971.9;11.7;0.7;0;0;;;10;0;184.6;113;;;17181;107;95.8;0
OTL;01.08.71 00:00;16.9;25.9;20.7;-1.1;-0.6;-1;0;17.6;24;0.6;0;1;29.4;970.9;13.3;-0.8;0;0;;;15;0;213.9;101;;;14789;99;79.7;0
OTL;01.09.71 00:00;12.3;21.2;16;-1.6;-1.7;-0.9;0;12.6;2;-1.4;0;0;26.1;974.7;5.9;2.3;0;17.1;;;3;0;52.1;26;;;14789;124;3.7;1.1
OTL;01.10.71 00:00;8.7;17.1;12.2;-0.7;-1.2;0.4;0;9.6;0;-1.6;0;0;24.7;979.6;3.3;6.5;0;151.3;;;2;0;20;10;;;13577;149;0;39.3
OTL;01.11.71 00:00;4;10.2;6.5;-1.4;-1.4;-1;5;7;0;-0.8;0;0;18;967.7;-2.8;-4.5;0;404.4;;;11;0;199.8;96;;;7348;109;0;164.4
OTL;01.12.71 00:00;2.2;9.5;5.3;0.9;0.2;1.9;5;5.7;0;0;0;0;16.7;978.4;-1.7;4.4;0;456;;;5;0;39.3;44;;;9453;133;0;208
OTL;01.01.72 00:00;0.9;4.6;2.4;-1.5;-0.3;-2.7;8;6.1;0;0.8;0;0;8.3;969.7;-2.1;-4.6;0;545.4;;;12;0;90.9;131;;;3030;38;0;297.4
OTL;01.02.72 00:00;3;7.3;4.9;-0.3;1;-2.1;0;6.7;0;1.4;0;0;13.2;969.4;0.2;-3.3;0;435.9;;;19;0;213.6;331;;;2550;28;0;203.9
OTL;01.03.72 00:00;4.6;12.5;8.1;-1.2;-0.8;-1.5;1;7;0;0.6;0;0;22.9;970.1;-0.2;-1.2;0;334.3;;;14;0;190.1;200;;;9929;82;0;126.3
OTL;01.04.72 00:00;7.2;15.2;10.9;-1.7;-1.3;-2.3;0;8;0;-0.3;0;0;22.3;964;2.8;-5.5;0;217;;;12;0;177.6;107;;;10296;88;0;49
OTL;01.05.72 00:00;9.9;18.5;13.7;-2.7;-2.3;-2.6;0;10.4;1;-1.3;0;0;25;968.3;5.1;-2.4;0;94;;;11;0;132.3;70;;;10073;80;1.6;22
OTL;01.06.72 00:00;13.2;21.4;16.8;-3.4;-2.7;-3.7;0;14.1;4;-0.9;0;0;26.4;969.5;9.5;-1.8;0;26;;;16;0;231.9;124;;;10362;73;14.2;2
OTL;01.07.72 00:00;16;25.5;20.2;-2.1;-1.8;-2;0;15.3;16;-1.3;0;0;30.5;970;12.5;-1.2;1;0;;;10;0;97.4;60;;;13470;84;64.9;0
OTL;01.08.72 00:00;14.8;24.4;19;-2.8;-2.7;-2.5;0;15;14;-2;0;1;29.9;971.1;10.3;-0.6;0;0;;;9;0;146.5;69;;;14133;95;44.2;0
OTL;01.09.72 00:00;9.7;17.1;12.7;-4.9;-4.3;-5;0;11.6;0;-2.4;0;0;23.3;972;4.8;-0.4;0;110.3;;;14;0;200.5;99;;;9255;78;0;22.3
OTL;01.10.72 00:00;7.9;14.7;10.9;-2;-2;-2;0;9.6;0;-1.6;0;0;19.2;973.1;3.5;0;0;197.2;;;5;0;95.6;46;;;9295;102;0;45.2
OTL;01.11.72 00:00;4.2;11;6.9;-1;-1.2;-0.2;4;6.9;0;-0.9;0;0;19.4;974.1;-1.6;1.9;0;376.6;;;5;0;38.9;19;;;8575;127;0;152.6
OTL;01.12.72 00:00;0.9;6.4;3.2;-1.2;-1.1;-1.2;8;5.8;0;0.1;0;0;13.8;981.1;-2.7;7.1;0;520.5;;;9;0;111.3;126;;;6517;92;0;272.5
OTL;01.01.73 00:00;0.7;6.5;3;-0.9;-0.5;-0.8;12;5.9;0;0.6;0;0;15;975.6;-2.6;1.3;0;527.4;;;6;0;66.8;96;;;6498;81;0;279.4
OTL;01.02.73 00:00;1.3;9.5;4.8;-0.4;-0.7;0.1;11;4.1;0;-1.2;0;0;16.8;967.2;-2.4;-5.5;0;422.8;;;3;0;9.1;14;;;10735;117;0;198.8
OTL;01.03.73 00:00;3.6;12.9;7.8;-1.5;-1.8;-1.1;5;5;0;-1.4;0;0;19.1;973.7;-2.2;2.4;0;373.2;;;1;0;2.8;3;;;11845;98;0;133.2
OTL;01.04.73 00:00;5;14;9.2;-3.4;-3.5;-3.5;0;5.6;0;-2.7;0;0;19.3;966.8;1.5;-2.7;0;288.9;;;7;0;106;64;;;13684;117;0;88.9
OTL;01.05.73 00:00;11.1;19.3;14.9;-1.5;-1.1;-1.8;0;11.8;2;0.1;0;0;25.7;972.7;6.3;2;0;69.9;;;10;0;183.7;97;;;10964;87;5.3;5.9
OTL;01.06.73 00:00;14.6;23.8;18.8;-1.4;-1.3;-1.3;0;15.1;16;0.1;0;0;29.9;971.3;10.4;0;0;8.2;;;13;0;224.1;120;;;12397;87;48.9;0.2
OTL;01.07.73 00:00;15.5;24.7;19.7;-2.6;-2.3;-2.8;0;16.1;18;-0.5;0;0;30.1;967.8;12.9;-3.4;2;0;;;15;0;350.4;215;;;13715;85;53.5;0
OTL;01.08.73 00:00;17.2;26;21;-0.8;-0.3;-0.9;0;18.2;22;1.2;0;2;29.5;973.2;14;1.5;0;0;;;9;0;104.7;49;;;12225;82;87.6;0
OTL;01.09.73 00:00;14.1;22.7;17.9;0.3;0.1;0.6;0;14.5;10;0.5;0;0;28.4;970.7;9.1;-1.7;0;25.3;;;7;0;77.8;38;;;12277;103;34;1.3
OTL;01.10.73 00:00;7.8;16.1;11.3;-1.6;-2.1;-0.6;0;9.8;0;-1.4;0;0;21.4;972.6;2.3;-0.5;0;184.7;;;8;0;142.7;68;;;12109;133;0;48.7
OTL;01.11.73 00:00;4;11.5;7;-0.9;-1.4;0.3;4;6.8;0;-1;0;0;19.9;974.4;-2.6;2.2;0;368.5;;;2;0;22.8;11;;;9783;145;0;152.5
OTL;01.12.73 00:00;-0.1;6.5;2.7;-1.7;-2.1;-1.1;13;5.1;0;-0.6;0;0;17.2;971.4;-7.9;-2.6;0;535.5;;;9;0;152.3;172;;;8247;116;0;287.5
OTL;01.01.74 00:00;2.7;8.4;5;1.1;1.5;1.1;0;6.4;0;1.1;0;0;21.6;976.4;0.2;2.1;0;452.2;;;9;0;78;112;;;6596;82;0;220.2
OTL;01.02.74 00:00;2.3;7.5;4.6;-0.6;0.3;-1.9;0;6.5;0;1.2;0;0;14.1;966.9;0;-5.8;0;429;;;16;0;242.8;376;;;5076;55;0;205
OTL;01.03.74 00:00;5;11.4;7.8;-1.5;-0.4;-2.6;1;7.6;0;1.2;0;0;20.5;970.6;-0.9;-0.7;0;351.3;;;11;0;120.5;127;;;6146;51;0;135.3
OTL;01.04.74 00:00;7.4;15.1;10.6;-2;-1.1;-2.4;0;7.9;0;-0.4;0;0;20.3;965.8;3.3;-3.7;0;224.3;;;9;0;109.6;66;;;11365;97;0;48.3
OTL;01.05.74 00:00;10.6;19.9;14.7;-1.7;-1.6;-1.2;0;9.9;3;-1.8;0;0;28.5;967.1;5.9;-3.6;0;77.9;;;10;0;107.2;57;;;13704;109;7.8;13.9
OTL;01.06.74 00:00;13.4;22.5;17.4;-2.8;-2.5;-2.6;0;12.3;8;-2.7;0;0;27.5;968;8.6;-3.3;0;8.1;;;10;0;171.6;92;;;12867;90;14.8;0.1
OTL;01.07.74 00:00;16.7;26.2;20.9;-1.4;-1.1;-1.3;0;14.8;22;-1.8;0;1;29.6;970.4;12.9;-0.8;0;0;;;7;0;200.7;123;;;15841;99;82.9;0
OTL;01.08.74 00:00;16.8;26.5;20.9;-0.9;-0.7;-0.4;0;16;23;-1;0;2;31.7;971;12.8;-0.7;7;0;;;10;0;138;65;;;14305;96;89.7;0
OTL;01.09.74 00:00;12.5;20.8;15.9;-1.7;-1.5;-1.3;0;13.1;3;-0.9;0;0;26.4;969.8;5.4;-2.6;0;55.6;;;12;0;146.3;72;;;11348;95;5.6;7.6
OTL;01.10.74 00:00;4.3;13;8;-4.9;-5.6;-3.7;0;6.5;0;-4.7;0;0;16.9;965.2;1.4;-7.9;0;373.3;;;8;0;90.5;43;;;11926;131;0;125.3
OTL;01.11.74 00:00;3.9;9.9;6.3;-1.6;-1.5;-1.3;0;7.2;0;-0.6;0;0;13.7;972;0.2;-0.2;0;410.9;;;9;0;183.5;88;;;7129;106;0;170.9
OTL;01.12.74 00:00;3.7;11.4;7.1;2.7;1.7;3.8;0;5.3;0;-0.4;0;0;19.9;976;0.4;2;0;390.4;;;1;0;1.9;2;;;10135;142;0;158.4
OTL;01.01.75 00:00;2.2;8.4;4.7;0.8;1;1.1;3;6.1;0;0.8;0;0;17;976.5;-0.5;2.2;0;473.3;;;9;0;168.1;242;;;6966;87;0;225.3
OTL;01.02.75 00:00;1.7;9.8;4.9;-0.3;-0.3;0.4;3;5;0;-0.3;0;0;15.3;977.5;-0.8;4.8;0;420.3;;;4;0;51.1;79;;;10006;109;0;196.3
OTL;01.03.75 00:00;3.2;9.7;5.8;-3.5;-2.2;-4.3;1;6.4;0;0;0;0;15;963.3;-0.3;-8;0;440.4;;;15;0;232.4;245;;;7285;60;0;192.4
OTL;01.04.75 00:00;7.3;16.9;11.5;-1.1;-1.2;-0.6;0;7.5;0;-0.8;0;0;23;968.2;0.6;-1.3;0;171.5;;;9;0;251.5;151;;;14770;127;0.2;67.5
OTL;01.05.75 00:00;10.7;18.8;14;-2.4;-1.5;-2.3;0;11.1;4;-0.6;0;0;27.8;968.8;5.6;-1.9;0;106.3;;;20;0;286.1;151;;;10502;83;10.1;26.3
OTL;01.06.75 00:00;13.5;22.2;17.3;-2.9;-2.4;-2.9;0;12.6;7;-2.4;0;1;28.3;969.4;9;-1.9;0;9.9;;;9;0;150.9;81;;;14912;105;25.7;1.9
OTL;01.07.75 00:00;16.5;26.4;21;-1.3;-1.3;-1.1;0;14.9;23;-1.7;0;0;29.8;970.2;12.3;-1;0;0;;;7;0;107.1;66;;;16879;105;88.8;0
OTL;01.08.75 00:00;16.8;24.9;20.1;-1.7;-0.7;-2;0;15.7;17;-1.3;0;3;29.6;971.1;11;-0.6;0;0;;;10;0;87.1;41;;;12601;84;73.8;0
OTL;01.09.75 00:00;14.6;21.3;17.1;-0.5;0.6;-0.8;0;16;2;2;0;0;27;973.8;10.4;1.4;0;8;;;15;0;295.1;145;;;8547;72;6.8;0
OTL;01.10.75 00:00;7.9;15.9;11.1;-1.8;-2;-0.8;0;9.7;0;-1.5;0;0;22.7;974;2.6;0.9;0;211.8;;;7;0;133.4;64;;;12401;136;0;59.8
OTL;01.11.75 00:00;3.8;8.8;5.8;-2.1;-1.6;-2.4;3;7.5;0;-0.3;0;0;16;971.5;-1.8;-0.7;0;425.8;;;14;0;253.5;122;;;6109;91;0;185.8
OTL;01.12.75 00:00;1.8;7.6;4.4;0;-0.2;0;6;5.9;0;0.2;0;0;13.8;975.9;-1.4;1.9;0;484.3;;;6;0;37.3;42;;;8479;119;0;236.3
OTL;01.01.76 00:00;1.7;10.1;5.2;1.3;0.5;2.8;10;4.4;0;-0.9;0;0;20;970.7;-4.9;-3.6;0;447.2;;;2;0;17.6;25;;;11586;145;0;215.2
OTL;01.02.76 00:00;2.8;8.8;5.5;0.3;0.8;-0.6;4;6.2;0;0.9;0;0;17.6;974.6;-1.2;1.9;0;418.2;;;6;0;33.9;53;;;7405;81;0;186.2
OTL;01.03.76 00:00;3.4;11.6;6.9;-2.4;-2;-2.4;5;5.6;0;-0.8;0;0;21.9;971.4;-2.1;0.1;0;382.3;;;1;0;16.5;17;;;12610;104;0;166.3
OTL;01.04.76 00:00;7.6;16.2;11.2;-1.4;-0.9;-1.3;0;7.5;0;-0.8;0;0;21.8;967.6;3.7;-1.9;0;167.2;;;6;0;139.4;84;;;13234;113;0;47.2
OTL;01.05.76 00:00;11.8;22.2;16.6;0.2;-0.4;1.1;0;10.2;6;-1.5;0;0;28.4;970;4;-0.7;0;9.8;;;4;0;46.9;25;;;17331;138;11.6;1.8
OTL;01.06.76 00:00;16.2;26.9;21;0.8;0.3;1.8;0;13.2;22;-1.8;0;1;31.6;972.5;9.5;1.2;2;0;;;5;0;20.3;11;;;17695;124;91.9;0
OTL;01.07.76 00:00;17.6;27.8;21.9;-0.4;-0.2;0.3;0;14.9;26;-1.7;0;2;31.5;969;13.7;-2.2;11;0;;;9;0;101.8;62;;;15244;95;114.3;0
OTL;01.08.76 00:00;14.9;23.8;18.5;-3.3;-2.6;-3.1;0;14;13;-3;0;0;28.6;972;12;0.3;0;0;;;10;0;151.6;72;;;14230;95;26.4;0
OTL;01.09.76 00:00;11.3;18.6;14.3;-3.3;-2.7;-3.5;0;11.9;0;-2.1;0;0;24.1;970.7;6.5;-1.7;0;45.9;;;11;0;539;265;;;9392;79;0;5.9
OTL;01.10.76 00:00;9;14.5;11.2;-1.7;-0.9;-2.2;0;11.3;0;0.1;0;0;21.7;966.1;5.7;-7;0;209.5;;;18;0;600.4;287;;;7017;77;0;49.5
OTL;01.11.76 00:00;4.3;10.1;6.7;-1.2;-1.1;-1.1;0;7;0;-0.8;0;0;17.7;971.4;1;-0.8;0;389.2;;;12;0;284.6;137;;;6765;100;0;157.2
OTL;01.12.76 00:00;0.7;6.1;3;-1.4;-1.3;-1.5;12;5.2;0;-0.5;1;0;10.9;966;-4.2;-8;0;526.8;;;8;0;49.6;56;;;7352;103;0;278.8
OTL;01.01.77 00:00;-0.1;4.8;1.9;-2;-1.3;-2.5;12;5.5;0;0.2;0;0;9.6;969.7;-4.6;-4.6;0;560.3;;;12;0;242.1;348;;;5314;66;0;312.3
OTL;01.02.77 00:00;1.9;8.2;4.6;-0.6;-0.1;-1.2;3;5.9;0;0.6;0;0;13.9;967.6;-2;-5.1;0;428.7;;;7;0;125.2;194;;;8468;92;0;204.7
OTL;01.03.77 00:00;5.7;12.8;8.8;-0.5;0.3;-1.2;0;7.2;0;0.8;0;0;23.9;974.4;0.2;3.1;0;319.2;;;12;0;224.9;237;;;8741;72;0;111.2
OTL;01.04.77 00:00;7.1;15.2;10.8;-1.8;-1.4;-2.3;0;7.1;0;-1.2;0;0;22.3;968.1;1.9;-1.4;0;231.5;;;7;0;228.2;137;;;13491;116;0;63.5
OTL;01.05.77 00:00;10.3;17.2;13.1;-3.3;-1.9;-3.9;0;11.2;0;-0.5;0;0;24.4;969.5;5.9;-1.2;0;101.9;;;13;0;266.3;140;;;9559;76;0.6;13.9
OTL;01.06.77 00:00;13.7;21.4;16.9;-3.3;-2.2;-3.7;0;13.6;6;-1.4;0;0;26.8;969.1;11.3;-2.2;0;8;;;13;0;134.6;72;;;10632;75;11.1;0
OTL;01.07.77 00:00;15.7;24;19.3;-3;-2.1;-3.5;0;16;16;-0.6;0;0;28.1;968.2;11.8;-3;0;0;;;13;0;384.3;236;;;14024;87;51.5;0
OTL;01.08.77 00:00;14.3;21.6;17.4;-4.4;-3.2;-5.3;0;15.3;7;-1.7;0;0;26.5;968.3;10.8;-3.4;0;0;;;15;0;688;325;;;11292;76;19.3;0
OTL;01.09.77 00:00;11.8;20.3;15.3;-2.3;-2.2;-1.8;0;13.2;3;-0.8;0;0;25.4;974.6;5.8;2.2;0;63.1;;;5;0;28.5;14;;;13640;115;8.3;7.1
OTL;01.10.77 00:00;10.3;16.8;12.9;0;0.4;0.1;0;11.8;0;0.6;0;0;21.4;975.6;6.5;2.5;0;87.9;;;11;0;299.7;143;;;8929;98;0;7.9
OTL;01.11.77 00:00;4.8;11;7.3;-0.6;-0.6;-0.2;5;6.7;0;-1.1;0;0;20.4;968.4;-1.6;-3.8;0;351.9;;;3;0;40.4;19;;;9455;140;0;143.9
OTL;01.12.77 00:00;1.4;7.3;3.9;-0.5;-0.6;-0.3;5;5.5;0;-0.2;0;0;16;975.5;-1.8;1.5;0;498.5;;;6;0;84.8;96;;;8643;121;0;250.5
OTL;01.01.78 00:00;0.7;5.7;2.9;-1;-0.5;-1.6;9;4.6;0;-0.7;0;0;13.7;968.5;-2;-5.8;0;531.4;;;10;0;211.1;303;;;6371;79;0;283.4
OTL;01.02.78 00:00;-0.2;4.8;2.2;-3;-2.2;-4.6;15;4.5;0;-0.8;0;0;10;963.9;-4;-8.8;0;499.3;;;11;0;184.2;286;;;5416;59;0;275.3
OTL;01.03.78 00:00;4.6;12;7.8;-1.5;-0.8;-2;0;5.8;0;-0.6;0;0;18.6;969;1.3;-2.3;0;362.3;;;9;0;110.5;116;;;9833;81;0;130.3
OTL;01.04.78 00:00;6.3;13.5;9.4;-3.2;-2.2;-4;0;6.9;0;-1.4;0;0;18.7;963.8;2.3;-5.7;0;310.1;;;10;0;189.8;114;;;8720;75;0;78.1
OTL;01.05.78 00:00;9.9;17.3;13.2;-3.2;-2.3;-3.8;0;9.6;0;-2.1;0;0;23.9;967.9;6.6;-2.8;0;109.4;;;14;0;240.2;127;;;10131;80;0.1;21.4
OTL;01.06.78 00:00;13.1;22.4;17.3;-2.9;-2.8;-2.7;0;12.9;9;-2.1;0;0;27.4;969;6.5;-2.3;0;10.6;;;9;0;188.1;101;;;13399;94;22.3;2.6
OTL;01.07.78 00:00;15.4;24.2;19.4;-2.9;-2.4;-3.3;0;15.1;14;-1.5;0;1;28.6;970.6;10.5;-0.6;0;0;;;10;0;213.4;131;;;13758;86;49.5;0
OTL;01.08.78 00:00;15.4;23.6;19;-2.8;-2.1;-3.3;0;16.6;10;-0.4;0;0;27.2;971.2;10.7;-0.5;0;0;;;7;0;233.8;110;;;14312;96;39.5;0
OTL;01.09.78 00:00;13.1;22.7;17.3;-0.3;-0.9;0.6;0;13.4;7;-0.6;0;0;27.6;971.1;9;-1.3;0;8.6;;;2;0;5.5;3;;;15863;133;13.4;0.6
OTL;01.10.78 00:00;8.7;17;12.3;-0.6;-1.2;0.3;0;10.3;0;-0.9;0;0;22.2;974.6;4.1;1.5;0;135.7;;;5;0;144.8;69;;;12279;135;0;31.7
OTL;01.11.78 00:00;4.2;11.2;7;-0.9;-1.2;0;0;6.3;0;-1.5;0;0;13.7;979.7;0.4;7.5;0;389.9;;;2;0;6.8;3;;;10825;160;0;149.9
OTL;01.12.78 00:00;1.1;6.2;3.3;-1.1;-0.9;-1.4;7;5.7;0;0;1;0;12.5;966.3;-3;-7.7;0;519.2;;;12;0;101.6;115;;;5854;82;0;271.2
OTL;01.01.79 00:00;-1.3;4.4;1.2;-2.7;-2.5;-2.9;22;3.9;0;-1.4;3;0;11.3;967.8;-7;-6.5;0;582.5;;;8;0;84.1;121;;;6925;86;0;334.5
OTL;01.02.79 00:00;2;7.7;4.5;-0.7;0;-1.7;7;5.8;0;0.5;0;0;16.7;965.1;-2.2;-7.6;0;434.8;;;8;0;81.7;127;;;5872;64;0;210.8
OTL;01.03.79 00:00;3.7;10.6;6.8;-2.5;-1.7;-3.4;2;6.4;0;0;0;0;16.2;966.3;-0.5;-5;0;409;;;13;0;360.1;379;;;7119;59;0;161
OTL;01.04.79 00:00;5.8;14.1;9.6;-3;-2.7;-3.4;0;6.4;0;-1.9;0;0;20.1;966.2;1.5;-3.3;0;276.8;;;10;0;117.7;71;;;10697;92;0;76.8
OTL;01.05.79 00:00;10.9;20.3;15.3;-1.1;-1.3;-0.8;0;10.7;5;-1;0;0;26.5;972.4;3.1;1.7;0;71.1;;;8;0;179.3;95;;;12292;98;8.5;15.1
OTL;01.06.79 00:00;14.8;23.7;18.8;-1.4;-1.1;-1.4;0;15.9;14;0.9;0;0;27.5;971.1;9.5;-0.2;0;0;;;10;0;119.9;64;;;11379;80;37.6;0
OTL;01.07.79 00:00;16.5;25.2;20.4;-1.9;-1.3;-2.3;0;16.4;19;-0.2;0;1;29.1;972.1;10.1;0.9;0;0;;;8;0;220;135;;;14969;93;74.3;0
OTL;01.08.79 00:00;14.9;23.6;18.7;-3.1;-2.6;-3.3;0;15.7;13;-1.3;0;0;28.3;968.8;10.6;-2.9;0;0;;;11;0;123.7;58;;;13983;94;38;0
OTL;01.09.79 00:00;13.5;21;16.8;-0.8;-0.5;-1.1;0;13.8;2;-0.2;0;0;25.7;973.4;8.1;1;0;8.5;;;4;0;74;36;;;12602;106;8.9;0.5
OTL;01.10.79 00:00;9.5;14.6;11.7;-1.2;-0.4;-2.1;0;11.4;0;0.2;0;0;20.8;970.5;2.5;-2.6;0;166.2;;;14;0;416;199;;;5708;63;0;38.2
OTL;01.11.79 00:00;3.6;10.2;6.6;-1.3;-1.8;-1;2;6.5;0;-1.3;0;0;20.1;969.7;-0.1;-2.5;0;394.3;;;6;0;111;53;;;8020;119;0;162.3
OTL;01.12.79 00:00;2.5;7.9;4.9;0.5;0.5;0.3;4;6.1;0;0.4;0;0;16.7;970.4;-2.1;-3.6;0;467.4;;;9;0;120.4;136;;;7022;99;0;219.4
OTL;01.01.80 00:00;-0.5;5;1.8;-2.1;-1.7;-2.3;15;4.9;0;-0.4;0;0;12.1;970.7;-5.4;-3.6;0;564.1;;;9;0;65.9;95;;;7521;94;0;316.1
OTL;01.02.80 00:00;2.2;10.1;5.6;0.4;0.2;0.7;1;5.4;0;0.1;0;0;15.4;975.4;-0.1;2.7;0;416.4;;;0;0;0.4;1;;;10661;116;0;184.4
OTL;01.03.80 00:00;3.6;10.5;6.6;-2.7;-1.8;-3.5;0;6.5;0;0.1;0;0;16.9;965.5;0;-5.8;0;415;;;9;0;168.7;178;;;7770;64;0;167
OTL;01.04.80 00:00;6.1;15.6;10.3;-2.3;-2.4;-1.9;0;6;0;-2.3;0;0;21.9;968.9;2.1;-0.6;0;265.1;;;1;0;2.3;1;;;14464;124;0;57.1
OTL;01.05.80 00:00;9.4;16.6;12.4;-4;-2.8;-4.5;0;10.1;0;-1.6;0;0;21.5;966.5;5.4;-4.2;0;129.9;;;15;0;181.2;96;;;7813;62;0;25.9
OTL;01.06.80 00:00;12.6;21.2;16.7;-3.5;-3.3;-3.9;0;12.2;5;-2.8;0;0;27.7;968;8.6;-3.3;0;8;;;14;0;260.2;139;;;12407;87;15.8;0
OTL;01.07.80 00:00;14.6;23.2;18.6;-3.7;-3.2;-4.3;0;14.2;11;-2.4;0;0;31.5;968.2;10.7;-3;1;0;;;9;0;230.6;142;;;11738;73;39.3;0
OTL;01.08.80 00:00;17.4;25.6;21.3;-0.5;-0.1;-1.3;0;17.6;24;0.6;0;5;31;970.5;13.6;-1.2;2;0;;;6;0;237.3;112;;;12742;85;97;0
OTL;01.09.80 00:00;14.6;22.4;18.1;0.5;0.6;0.3;0;15.3;2;1.3;0;0;26.1;974.6;11.4;2.2;0;0;;;4;0;53.1;26;;;12760;107;8.9;0
OTL;01.10.80 00:00;8.6;15.7;11.5;-1.4;-1.3;-1;0;10;0;-1.2;0;0;22.9;967.3;4.5;-5.8;0;201.1;;;9;0;235.8;113;;;8823;97;0;49.1
OTL;01.11.80 00:00;3.8;9.1;6.2;-1.7;-1.6;-2.1;0;7;0;-0.8;0;0;17.9;970.1;0.6;-2.1;0;407.7;;;4;0;34.1;16;;;5099;76;0;175.7
OTL;01.12.80 00:00;0.8;7.2;3.6;-0.8;-1.2;-0.4;11;4.3;0;-1.4;0;0;13.2;972.5;-4.2;-1.5;0;509.8;;;1;0;3.9;4;;;8470;119;0;261.8
OTL;01.01.81 00:00;-0.7;7.2;2.8;-1.1;-1.9;-0.1;22;3.8;0;-1.5;0;0;16.2;972.9;-6.1;-1.4;0;533;1.5;136;3;0;8.3;12;76;114;10005;125;0;285
OTL;01.02.81 00:00;0.4;7.7;3.8;-1.4;-1.6;-1.7;11;4.7;0;-0.6;0;0;13.3;972.5;-3.6;-0.2;0;454.4;1.6;123;1;0;2.4;4;109;104;8951;97;0;230.4
OTL;01.03.81 00:00;5;13.1;8.8;-0.5;-0.4;-0.9;1;7.4;0;1;0;0;20.7;967.9;-1.3;-3.4;0;311.7;1.6;100;9;0;262.7;277;129;81;8824;73;0;103.7
OTL;01.04.81 00:00;8.2;16.8;12.2;-0.4;-0.3;-0.7;0;9;0;0.7;0;0;23.9;969.9;2.2;0.4;0;153.7;1.9;112;8;0;104.7;63;191;98;10909;93;0;41.7
OTL;01.05.81 00:00;9.9;18.7;13.8;-2.6;-2.3;-2.4;0;10.8;1;-0.9;0;0;25;967.9;5.7;-2.8;0;76.8;1.6;100;14;0;334.7;177;204;89;9287;74;1.6;12.8
OTL;01.06.81 00:00;15.3;24.1;19.4;-0.8;-0.6;-1;0;14.3;14;-0.7;0;1;31.3;970.6;11.9;-0.7;2;0;1.8;113;7;0;81.3;44;267;101;13155;92;52.3;0
OTL;01.07.81 00:00;15.2;24.3;19.4;-2.9;-2.6;-3.2;0;14.8;19;-1.8;0;0;28.1;970.7;10;-0.5;0;0;1.8;113;9;0;340.7;209;251;94;12488;78;54.6;0
OTL;01.08.81 00:00;17.1;25.9;20.9;-0.9;-0.4;-1;0;16.4;21;-0.6;0;3;29.4;971.8;12.7;0.1;0;0;1.5;100;5;0;34.2;16;256;112;16349;110;84.5;0
OTL;01.09.81 00:00;14.1;20.6;16.7;-0.9;0.1;-1.5;0;15.1;0;1.1;0;0;24;971.1;9.8;-1.3;0;8.1;1.5;115;17;0;690.6;340;131;78;7203;61;5.5;0.1
OTL;01.10.81 00:00;8.3;15.2;11.3;-1.6;-1.6;-1.5;0;10.3;0;-0.9;0;0;23.2;969.1;0.8;-4;0;179.4;1.4;117;11;0;174.2;83;98;94;7919;87;0;59.4
OTL;01.11.81 00:00;3.7;11.5;7;-0.9;-1.7;0.3;4;6.1;0;-1.7;0;0;19.4;976.8;-1.2;4.6;0;369.5;1.3;118;0;0;0.6;0;94;146;11488;170;0;153.5
OTL;01.12.81 00:00;0.1;6;2.7;-1.7;-1.9;-1.6;16;4.9;0;-0.8;1;0;13.1;959.3;-3.1;-14.7;0;537;1.3;130;14;0;168.7;190;51;94;6425;90;0;289
OTL;01.01.82 00:00;1.1;6.5;3.3;-0.6;-0.1;-0.8;12;5.5;0;0.2;0;0;19.9;973.3;-2.7;-1;0;511.4;1.2;109;3;0;5.8;8;67;101;7370;92;0;271.4
OTL;01.02.82 00:00;0.3;6.9;3.3;-1.9;-1.7;-2.5;12;5.2;0;-0.1;0;0;12.5;975.3;-4.3;2.6;0;468.4;1.4;108;4;0;22.7;35;95;91;8347;91;0;244.4
OTL;01.03.82 00:00;2.8;11.4;6.5;-2.8;-2.6;-2.6;0;5.2;0;-1.2;0;0;18.6;972.2;0;0.9;0;417.1;1.5;94;9;0;82.3;87;153;97;10760;89;0;169.1
OTL;01.04.82 00:00;7.6;16.9;11.7;-0.9;-0.9;-0.6;0;7;0;-1.3;0;0;22.6;968.7;3.9;-0.8;0;138.5;2;118;3;0;7.3;4;232;119;14277;122;0;34.5
OTL;01.05.82 00:00;11.5;20.5;15.5;-0.9;-0.7;-0.6;0;10.7;3;-1;0;0;27.8;973.9;3.4;3.2;0;82.2;1.8;113;9;0;184.9;98;250;109;12756;101;10.9;18.2
OTL;01.06.82 00:00;15.7;24.8;19.7;-0.5;-0.2;-0.3;0;14.3;18;-0.7;0;0;29.3;969.7;12.3;-1.6;0;0;1.8;113;9;0;229.6;123;261;99;13583;95;53.2;0
OTL;01.07.82 00:00;17.9;27.1;21.9;-0.4;0.1;-0.4;0;17.3;26;0.7;0;5;33.8;970.9;12.3;-0.3;3;0;1.5;94;11;0;169.6;104;273;102;14259;89;118.5;0
OTL;01.08.82 00:00;15.6;23.6;19.1;-2.7;-1.9;-3.3;0;16.2;12;-0.8;0;1;27.9;970.5;10.8;-1.2;0;0;1.7;113;13;0;311;147;207;90;12134;81;44.4;0
OTL;01.09.82 00:00;14.7;22.3;17.9;0.3;0.7;0.2;0;16.1;6;2.1;0;0;26.3;973.8;10.9;1.4;0;0;1;77;11;0;340.7;168;168;100;11570;97;19.8;0
OTL;01.10.82 00:00;7.8;14.4;10.5;-2.4;-2.1;-2.3;0;10.5;0;-0.7;0;0;20.4;969.5;5;-3.6;0;272.6;1;83;13;0;205.8;98;106;102;9260;102;0;56.6
OTL;01.11.82 00:00;5.3;10.2;7.4;-0.5;-0.1;-1;0;8.1;0;0.3;0;0;15.9;973.7;1.6;1.5;0;377.3;1;91;11;0;235.2;113;58;90;5157;76;0;137.3
OTL;01.12.82 00:00;2.3;7.7;4.7;0.3;0.3;0.1;4;5.8;0;0.1;0;0;14.8;970.1;-0.8;-3.9;0;472.8;1.1;110;6;0;79.9;90;52;96;6824;96;0;224.8
OTL;01.01.83 00:00;2.5;9.7;5.7;1.8;1.3;2.4;2;5.1;0;-0.2;0;0;20.4;979.8;-0.6;5.5;0;436.7;1.1;100;2;0;10.3;15;74;111;9026;113;0;196.7
OTL;01.02.83 00:00;-0.8;5.1;1.8;-3.4;-2.8;-4.3;19;4.6;0;-0.7;0;0;9.8;971.7;-3;-1;0;509.8;1.3;100;5;0;36;56;101;97;7404;81;0;285.8
OTL;01.03.83 00:00;4.7;12.9;8.3;-1;-0.7;-1.1;0;6.5;0;0.1;0;0;19.2;971.3;0.5;0;0;332.8;1.7;106;8;0;125.3;132;151;95;10820;89;0;116.8
OTL;01.04.83 00:00;6.7;13.4;9.7;-2.9;-1.8;-4.1;0;8.6;0;0.3;0;0;19.7;967.9;0.9;-1.6;0;288.3;1.7;100;16;0;307.7;185;137;70;6365;55;0;72.3
OTL;01.05.83 00:00;9.4;16.4;12.5;-3.9;-2.8;-4.7;0;10.5;0;-1.2;0;0;22.2;966.6;6.6;-4.1;0;114.6;1.7;106;18;0;514.6;271;158;69;6466;51;0;18.6
OTL;01.06.83 00:00;15.1;23.9;19;-1.2;-0.8;-1.2;0;13.6;14;-1.4;0;0;28.4;972.9;8.6;1.6;0;9.4;1.9;119;9;0;108.4;58;272;103;13246;93;44.4;1.4
OTL;01.07.83 00:00;19.2;29.3;23.8;1.5;1.4;1.8;0;17.9;28;1.3;0;16;37.3;971.7;14.7;0.5;13;0;1.7;106;5;2;64.7;40;292;109;17012;106;171.7;0
OTL;01.08.83 00:00;17;26.6;20.9;-0.9;-0.5;-0.3;0;15.6;24;-1.4;0;0;32.6;971.2;14;-0.5;2;0;1.8;120;7;0;74.5;35;230;100;12274;82;82.7;0
OTL;01.09.83 00:00;13.2;22.1;17.2;-0.4;-0.8;0;0;13.6;2;-0.4;0;0;30.9;972.4;8.1;0;1;0;1.5;115;9;0;444;219;171;101;13105;110;11.6;0
OTL;01.10.83 00:00;9.7;17.1;12.8;-0.1;-0.2;0.4;0;11;0;-0.2;0;0;22.7;976.4;4.4;3.3;0;145.2;1.3;108;5;0;46.2;22;124;119;13081;144;0;25.2
OTL;01.11.83 00:00;4.1;10.3;6.7;-1.2;-1.3;-0.9;2;7.2;0;-0.6;0;0;16;973;-0.3;0.8;0;399.4;1.2;109;4;0;50.5;24;68;106;8441;125;0;159.4
OTL;01.12.83 00:00;1;6.9;3.6;-0.8;-1;-0.7;14;5.3;0;-0.4;1;0;16.3;973.2;-2.8;-0.8;0;509.3;1.3;130;6;0;156;176;51;94;8217;115;0;261.3
OTL;01.01.84 00:00;0.3;6.5;3;-0.9;-0.9;-0.8;14;4.5;0;-0.8;0;0;11;970.3;-3.6;-4;0;527.8;1.3;118;2;0;26.8;39;64;96;7581;95;0;279.8
OTL;01.02.84 00:00;0.5;6.3;3;-2.2;-1.5;-3.1;10;5;0;-0.3;0;0;14.8;972.1;-3.2;-0.6;0;493.7;1.5;115;9;0;82.1;127;79;76;6027;66;0;261.7
OTL;01.03.84 00:00;2.9;11;6.5;-2.8;-2.5;-3;2;5.2;0;-1.2;0;0;15.3;967.7;-1.3;-3.6;0;417.3;1.8;113;6;0;160.7;169;153;97;10177;84;0;169.3
OTL;01.04.84 00:00;6.3;16.1;10.8;-1.8;-2.2;-1.4;0;6.6;1;-1.7;0;0;26.9;969.3;0.7;-0.2;0;214.3;2;118;10;0;142.9;86;226;116;14508;124;1.5;70.3
OTL;01.05.84 00:00;8.2;14.5;10.6;-5.8;-4;-6.6;0;9.9;0;-1.8;0;0;21.5;963.8;3.7;-6.9;0;255.2;1.5;94;20;0;417.7;220;157;69;5557;44;0;55.2
OTL;01.06.84 00:00;13.9;23.1;18.2;-2;-2;-2;0;12.7;12;-2.3;0;0;30.1;970.3;7;-1;1;33.5;1.8;113;6;0;172.1;92;281;107;14352;101;46.4;9.5
OTL;01.07.84 00:00;17.4;28.2;22.2;-0.1;-0.4;0.7;0;14.3;29;-2.3;0;2;32.2;972;12.9;0.8;7;0;2;125;2;0;3.6;2;309;115;19121;119;120.2;0
OTL;01.08.84 00:00;15.8;24.4;19.4;-2.4;-1.7;-2.5;0;15.4;14;-1.6;0;1;31.6;971.2;13;-0.5;3;0;1.6;107;11;0;266.2;126;212;92;11694;78;53.1;0
OTL;01.09.84 00:00;11.1;19.5;14.7;-2.9;-2.9;-2.6;0;12.2;3;-1.8;0;0;26.5;966.8;6.3;-5.6;0;44.3;1.6;123;11;0;429.9;212;161;95;10642;90;8.5;4.3
OTL;01.10.84 00:00;9.1;15.5;11.7;-1.2;-0.8;-1.2;0;10.7;0;-0.5;0;0;21.3;974.3;4.5;1.2;0;179.9;1.2;100;11;0;207.9;99;97;93;9197;101;0;27.9
OTL;01.11.84 00:00;5.5;10.6;7.7;-0.2;0.1;-0.6;0;8;0;0.2;0;0;17.1;969.9;0.6;-2.3;0;368.4;1;91;8;0;134.8;65;56;87;5828;86;0;128.4
OTL;01.12.84 00:00;2.9;8;5.1;0.7;0.9;0.4;7;6.1;0;0.4;0;0;20.3;976.4;-1.9;2.4;0;455.4;1.1;110;4;0;87.2;98;51;94;8117;114;0;215.4
OTL;01.01.85 00:00;-2.9;2.2;-0.6;-4.5;-4.1;-5.1;24;4.1;0;-1.2;6;0;10.1;965.3;-10;-9;0;638;1.1;100;9;0;153.4;220;60;90;6347;79;0;390
OTL;01.02.85 00:00;1.1;6.9;3.6;-1.6;-0.9;-2.5;12;5.2;0;-0.1;0;0;18.7;972.6;-3.2;-0.1;0;451.9;1.4;108;4;0;8.5;13;87;83;6313;69;0;235.9
OTL;01.03.85 00:00;2.4;9.6;5.6;-3.7;-3;-4.4;0;5.6;0;-0.8;0;0;14.7;968.3;0.1;-3;0;446.4;1.4;88;13;0;233.7;246;136;86;9203;76;0;198.4
OTL;01.04.85 00:00;7.4;17.2;11.8;-0.8;-1.1;-0.3;0;6.8;0;-1.5;0;0;21.8;967.2;3.9;-2.3;0;165.2;2.1;124;7;0;131.4;79;225;116;13544;116;0;29.2
OTL;01.05.85 00:00;10.5;18.9;14.1;-2.3;-1.7;-2.2;0;10.5;1;-1.2;0;0;26.4;966.7;4.8;-4;0;108.7;1.7;106;16;0;287.1;151;218;95;10662;85;4.5;28.7
OTL;01.06.85 00:00;13.4;22.5;17.6;-2.6;-2.5;-2.6;0;11.7;5;-3.3;0;0;27;969;9.7;-2.3;0;0;1.7;106;12;0;135.8;73;264;100;13577;95;15.8;0
OTL;01.07.85 00:00;18;27.3;22.2;-0.1;0.2;-0.2;0;17;27;0.4;0;3;30.7;971.6;14.2;0.4;1;0;1.7;106;8;0;178.8;110;269;100;15229;95;120.9;0
OTL;01.08.85 00:00;15.9;25.6;20.3;-1.5;-1.6;-1.3;0;14.5;18;-2.5;0;0;29.7;970.7;10.5;-1;0;0;1.6;107;6;0;364;172;240;105;15911;107;71.6;0
OTL;01.09.85 00:00;14.6;23.8;18.5;0.9;0.6;1.7;0;14.3;9;0.3;0;0;28.5;974.7;10.6;2.3;0;0;1.3;100;5;0;79.7;39;197;117;15921;134;21.6;0
OTL;01.10.85 00:00;10.1;18.2;13.4;0.5;0.2;1.5;0;11.4;1;0.2;0;0;25.3;977.6;4.4;4.5;0;115;1.2;100;2;0;12.4;6;122;117;10243;113;0;27
OTL;01.11.85 00:00;2.5;8.3;4.9;-3;-2.9;-2.9;4;6.4;0;-1.4;0;0;16.9;967.8;-1.1;-4.4;0;451.9;1.3;118;13;0;86.3;42;64;99;6752;100;0;211.9
OTL;01.12.85 00:00;3.2;9.2;5.7;1.3;1.2;1.6;2;6.2;0;0.5;0;0;19.9;973.7;-0.5;-0.3;0;434.4;0.9;90;8;0;58;65;47;87;5999;84;0;194.4
OTL;01.01.86 00:00;0.5;6.2;2.8;-1.1;-0.7;-1.1;9;4.7;0;-0.6;0;0;14.8;966.9;-4.1;-7.4;0;533.6;1.5;136;8;0;158;227;65;98;7560;94;0;285.6
OTL;01.02.86 00:00;-1.3;3.7;1;-4.2;-3.3;-5.7;17;4.7;0;-0.6;2;0;11.6;964;-7;-8.7;0;532;1.5;115;7;0;56.3;87;93;89;6091;66;0;308
OTL;01.03.86 00:00;3.8;11.6;7.1;-2.2;-1.6;-2.4;1;6.2;0;-0.2;0;0;19.4;971.2;-1.6;-0.1;0;399.8;1.5;94;6;0;38.5;41;147;93;9240;76;0;151.8
OTL;01.04.86 00:00;6;12;8.5;-4.1;-2.5;-5.5;1;8.5;1;0.2;0;0;25.3;965;-0.7;-4.5;0;333.8;1.5;88;23;0;687.6;413;100;51;4791;41;0.9;117.8
OTL;01.05.86 00:00;13.4;23;17.3;0.9;1.2;1.9;0;12.7;13;1;0;0;29.6;972.8;8.6;2.1;0;26.1;1.6;100;15;0;237.4;125;196;86;10185;81;31.1;2.1
OTL;01.06.86 00:00;15.3;25.8;19.8;-0.4;-0.6;0.7;0;14.3;15;-0.7;0;5;31.6;969.6;7.3;-1.7;5;8;1.7;106;8;0;79.5;43;271;103;14758;103;75.1;0
OTL;01.07.86 00:00;17.1;26.7;21.3;-1;-0.7;-0.8;0;15.5;23;-1.1;0;2;31;971.3;13.3;0.1;2;0;1.7;106;5;0;99.9;61;268;100;15332;95;92.8;0
OTL;01.08.86 00:00;16.2;25;20.1;-1.7;-1.3;-1.9;0;16.3;18;-0.7;0;3;30.6;970.2;9.8;-1.5;1;0;1.7;113;13;0;303.9;144;223;97;14376;96;76.8;0
OTL;01.09.86 00:00;14.1;21.3;17.1;-0.5;0.1;-0.8;0;14.9;1;0.9;0;0;25.8;974.4;10.8;2;0;0;1.4;108;6;0;31.7;16;157;93;10056;85;5.1;0
OTL;01.10.86 00:00;10.3;18.7;13.8;0.9;0.4;2;0;10.9;0;-0.3;0;0;24.6;974.6;4.2;1.5;0;78.9;1.3;108;2;0;7;3;131;126;12755;140;0;14.9
OTL;01.11.86 00:00;5.7;11.7;8.4;0.5;0.3;0.5;0;7.5;0;-0.3;0;0;18.1;977.9;2.8;5.7;0;340.8;1.2;109;7;0;57.4;28;69;107;7741;115;0;108.8
OTL;01.12.86 00:00;1.8;8.3;4.5;0.1;-0.2;0.7;7;4.8;0;-0.9;0;0;15.2;974.7;-3.1;0.7;0;480.9;1.3;130;2;0;6.1;7;61;112;8737;123;0;232.9
OTL;01.01.87 00:00;-0.9;5.3;1.8;-2.1;-2.1;-2;18;4.3;0;-1;2;0;14.2;968.8;-7.5;-5.5;0;562.9;1.5;136;4;0;45.2;65;69;104;9110;114;0;314.9
OTL;01.02.87 00:00;1.1;7;3.7;-1.5;-0.9;-2.4;4;5.8;0;0.5;0;0;15.4;968.3;-4.2;-4.4;0;457.3;1.3;100;9;0;165.5;257;74;71;5257;57;0;233.3
OTL;01.03.87 00:00;1.4;9.6;5;-4.3;-4;-4.4;13;4.8;0;-1.6;0;0;17.4;970.1;-3.2;-1.2;0;463.8;1.8;113;3;0;49.8;52;155;98;10483;87;0;215.8
OTL;01.04.87 00:00;8.1;17.5;12.3;-0.3;-0.4;0;0;7.5;0;-0.8;0;0;24;972;1.7;2.5;0;124.1;1.8;106;7;0;171;103;213;109;14151;121;0;36.1
OTL;01.05.87 00:00;9.7;19.5;14;-2.4;-2.5;-1.6;0;8.7;2;-3;0;0;25.7;967.6;4.7;-3.1;0;79.2;2.1;131;9;0;120;63;241;105;13938;111;2;15.2
OTL;01.06.87 00:00;12.5;21.7;16.9;-3.3;-3.4;-3.4;0;13;8;-2;0;0;28.7;970.5;8.2;-0.8;0;18.7;1.7;106;12;0;523.3;280;225;85;11499;81;21.3;2.7
OTL;01.07.87 00:00;17;25.7;20.8;-1.5;-0.8;-1.8;0;17.2;19;0.6;0;3;29.6;970.1;12.9;-1.1;0;0;1.7;106;16;0;452.2;278;239;89;11635;72;83;0
OTL;01.08.87 00:00;16.7;25;20.4;-1.4;-0.8;-1.9;0;16.4;18;-0.6;0;3;30;970.3;11.8;-1.4;1;0;1.6;107;7;0;199.8;94;228;99;14748;99;78.6;0
OTL;01.09.87 00:00;15.6;23.7;19;1.4;1.6;1.6;0;16.2;14;2.2;0;0;27.2;973.1;10;0.7;0;0;1.3;100;8;0;77.3;38;184;109;12967;109;41;0
OTL;01.10.87 00:00;9.8;14.4;11.7;-1.2;-0.1;-2.3;0;11.9;0;0.7;0;0;19.3;973.5;6.2;0.4;0;173.9;1.2;100;17;0;349.2;167;67;64;4456;49;0;21.9
OTL;01.11.87 00:00;5.1;11.3;7.7;-0.2;-0.3;0.1;0;7.4;0;-0.4;0;0;19.9;970.1;1.6;-2.1;0;369;1.2;109;6;0;96.9;47;68;106;7238;107;0;129
OTL;01.12.87 00:00;2.5;7.6;4.8;0.4;0.5;0;5;6.5;0;0.8;0;0;16.5;975.2;-1.7;1.2;0;471.7;0.9;90;3;0;27.3;31;47;87;6180;87;0;223.7
OTL;01.01.88 00:00;2.1;6.7;4;0.1;0.9;-0.6;1;6.2;0;0.9;0;0;11.1;971;-0.5;-3.3;0;496.2;1;91;11;0;175.4;252;47;71;5146;64;0;248.2
OTL;01.02.88 00:00;1.5;9.3;4.9;-0.3;-0.5;-0.1;1;4.4;0;-0.9;0;0;16.8;969;-0.6;-3.7;0;438.4;1.5;115;7;0;69.8;108;104;99;10362;113;0;206.4
OTL;01.03.88 00:00;4.1;12.8;8;-1.3;-1.3;-1.2;2;4.8;0;-1.6;0;0;18.6;966.3;-0.5;-5;0;372.9;2.1;131;4;0;92.9;98;156;98;11734;97;0;124.9
OTL;01.04.88 00:00;9.2;16.5;12.2;-0.4;0.7;-1;0;9.2;0;0.9;0;0;23.4;969.2;6.1;-0.3;0;131.7;1.8;106;7;0;83.8;50;179;92;9068;78;0;27.7
OTL;01.05.88 00:00;12;18.8;14.7;-1.7;-0.2;-2.3;0;13.2;1;1.5;0;0;25.8;969.1;8.6;-1.6;0;55.2;1.4;88;19;0;337.9;178;173;76;6481;51;1.9;7.2
OTL;01.06.88 00:00;13.8;22.7;17.6;-2.6;-2.1;-2.4;0;13.9;7;-1.1;0;0;27;968.2;9.1;-3.1;0;16.8;1.7;106;13;0;187.2;100;246;93;11131;78;15.6;0.8
OTL;01.07.88 00:00;17.4;26.3;21.4;-0.9;-0.4;-1.2;0;17.1;25;0.5;0;4;30;970.4;12.7;-0.8;1;0;1.6;100;12;0;256.2;157;255;95;15055;94;104.9;0
OTL;01.08.88 00:00;16.9;26;20.7;-1.1;-0.6;-0.9;0;16.7;19;-0.3;0;1;29.8;969.9;13.2;-1.8;0;0;1.4;93;11;0;366;173;227;99;15349;103;77.5;0
OTL;01.09.88 00:00;13.8;22.1;17.2;-0.4;-0.2;0;0;13.4;3;-0.6;0;0;30.3;972.7;9.4;0.3;1;0;1.4;108;5;0;142.4;70;176;104;12617;106;12.5;0
OTL;01.10.88 00:00;10.8;16.8;13.2;0.3;0.9;0.1;0;12.5;0;1.3;0;0;21.3;974.1;7.2;1;0;63.5;1.2;100;13;0;340.4;162;88;84;7595;83;0;7.5
OTL;01.11.88 00:00;2.3;9.3;5.2;-2.7;-3.1;-1.9;6;6.1;0;-1.7;0;0;18;975.4;-3.3;3.2;0;437.3;1.4;127;2;0;12;6;77;120;9023;134;0;205.3
OTL;01.12.88 00:00;2.6;9.9;5.8;1.4;0.6;2.3;2;5.2;0;-0.5;0;0;19;975;-1.4;1;0;425.3;1.4;140;5;0;63.1;71;61;112;9645;136;0;193.3
OTL;01.01.89 00:00;1.3;8.7;4.4;0.5;0.1;1.4;8;4.9;0;-0.4;0;0;13.6;985.1;-2.1;10.8;0;483.9;0.8;73;0;0;0;0;79;119;11785;147;0;235.9
OTL;01.02.89 00:00;3;10.7;6.3;1.1;1;1.3;0;5.7;0;0.4;0;0;16.4;975.3;0.4;2.6;0;384.1;1.2;92;4;0;140.1;217;93;89;9337;102;0;160.1
OTL;01.03.89 00:00;6.6;16.2;10.8;1.5;1.2;2.2;0;6.8;0;0.4;0;0;22.7;971.8;1.5;0.5;0;236;1.6;100;4;0;41.9;44;165;104;14264;118;0;60
OTL;01.04.89 00:00;6.3;12.9;9.2;-3.4;-2.2;-4.6;0;8.5;0;0.2;0;0;19.7;964.4;4;-5.1;0;297.2;1.6;94;19;0;574.1;345;128;66;6307;54;0;89.2
OTL;01.05.89 00:00;12.2;21.2;16;-0.4;0;0.1;0;11.4;1;-0.3;0;0;27.5;973.3;8.7;2.6;0;8;1.7;106;13;0;113;60;247;108;13895;110;1.6;0
OTL;01.06.89 00:00;13.7;23.7;18.3;-1.9;-2.2;-1.4;0;12.6;14;-2.4;0;0;28.5;969.9;8.3;-1.4;0;9.3;1.9;119;9;0;73.9;40;287;109;15114;106;39.5;1.3
OTL;01.07.89 00:00;17.5;27.1;21.5;-0.8;-0.3;-0.4;0;16.5;27;-0.1;0;3;32.7;972.5;13.4;1.3;1;0;1.7;106;10;0;138.3;85;260;97;13867;86;101.7;0
OTL;01.08.89 00:00;16.8;26.7;21.3;-0.5;-0.7;-0.2;0;16;23;-1;0;2;31.1;969.5;12.3;-2.2;2;0;1.8;120;9;0;94.2;45;253;110;16825;113;94.8;0
OTL;01.09.89 00:00;13.6;21.9;17.3;-0.3;-0.4;-0.2;0;13.5;3;-0.5;0;0;26;972.4;10.5;0;0;0;1.6;123;4;0;29.6;15;166;98;10582;89;10.9;0
OTL;01.10.89 00:00;9.2;18.4;13.2;0.3;-0.7;1.7;0;9.2;1;-2;0;0;27.8;975.3;6.5;2.2;0;52.4;1.5;125;3;0;10.6;5;140;134;13923;153;0;4.4
OTL;01.11.89 00:00;4.2;10.3;6.9;-1;-1.2;-0.9;3;7;0;-0.8;0;0;14.4;972.2;-1.1;0;0;392.7;1.3;118;4;0;122.4;59;62;96;7009;104;0;152.7
OTL;01.12.89 00:00;1.6;7.5;4;-0.4;-0.4;-0.1;13;5.9;0;0.2;0;0;13.7;973.3;-2;-0.7;0;494.5;1.1;110;6;0;140;158;54;99;7792;109;0;246.5
OTL;01.01.90 00:00;0.8;7.3;3.5;-0.4;-0.4;0;10;4.7;0;-0.6;0;0;11.9;979.3;-3.1;5;0;511.6;0.8;73;3;0;67;96;67;101;9819;122;0;263.6
OTL;01.02.90 00:00;4.2;11.9;7.6;2.4;2.2;2.5;0;6.3;0;1;0;0;20.1;974.1;0.5;1.4;0;317.8;1.3;100;5;0;39.6;61;94;90;8650;94;0;125.8
OTL;01.03.90 00:00;7.4;16.7;11.6;2.3;2;2.7;0;6;1;-0.4;0;0;25.3;979.8;0.8;8.5;0;167.5;1.7;106;3;0;12.6;13;164;103;12799;106;0;47.5
OTL;01.04.90 00:00;7.1;15.4;10.9;-1.7;-1.4;-2.1;0;7.9;0;-0.4;0;0;24.4;967.6;3.9;-1.9;0;233.9;1.8;106;14;0;114.6;69;192;99;10718;92;0;57.9
OTL;01.05.90 00:00;13.2;22.2;17.2;0.8;1;1.1;0;12.4;3;0.7;0;0;27.3;973.1;10.9;2.4;0;0;1.8;113;10;0;83.1;44;253;111;13101;104;7.5;0
OTL;01.06.90 00:00;14.1;23.3;18.2;-2;-1.8;-1.8;0;14.7;7;-0.3;0;1;28;969.4;10.7;-1.9;0;0;1.7;106;18;0;392.3;210;245;93;11460;80;29.1;0
OTL;01.07.90 00:00;16.9;27.4;22;-0.3;-0.9;-0.1;0;16.2;27;-0.4;0;2;31;971.6;12.3;0.4;5;0;1.8;113;4;0;17.9;11;286;107;17131;107;117.6;0
OTL;01.08.90 00:00;17.4;27.8;21.9;0.1;-0.1;0.9;0;15.9;29;-1.1;0;3;32.2;973.6;14.3;1.9;5;0;1.7;113;5;0;138.3;65;237;103;15057;101;113.4;0
OTL;01.09.90 00:00;13.7;22.6;17.7;0.1;-0.3;0.5;0;12.5;7;-1.5;0;0;27.8;971.1;11.1;-1.3;0;0;1.6;123;1;0;12;6;186;110;13251;112;10.5;0
OTL;01.10.90 00:00;10.5;16.4;13;0.1;0.6;-0.3;0;12.2;0;1;0;0;23.9;970.9;5.9;-2.2;0;101;1.2;100;15;0;307.3;147;86;83;6392;70;0;21
OTL;01.11.90 00:00;3.9;11.3;6.9;-1;-1.5;0.1;0;6.8;0;-1;0;0;19.1;968.5;0.2;-3.7;0;378.7;1.3;118;7;0;156.8;75;74;115;8405;125;0;154.7
OTL;01.12.90 00:00;-0.4;5.3;2.1;-2.3;-2.4;-2.3;17;4.6;0;-1.1;0;0;11;972;-3.6;-2;0;554.2;1.1;110;6;0;132.8;150;59;109;7587;107;0;306.2
OTL;01.01.91 00:00;0.6;6.2;3.1;-0.8;-0.6;-1.1;14;5.3;0;0;0;0;11.1;979.5;-2.7;5.2;0;525;0.9;82;4;0;64.3;92;65;98;7710;96;0;277
OTL;01.02.91 00:00;-0.6;7.1;2.8;-2.4;-2.6;-2.3;17;4.7;0;-0.6;2;0;18;971.8;-8.7;-0.9;0;482.1;1.5;115;5;0;35.5;55;117;112;11004;120;0;258.1
OTL;01.03.91 00:00;6.8;13.1;9.7;0.4;1.4;-0.9;0;8.4;0;2;0;0;20;969.9;1.9;-1.4;0;297.6;1.2;75;11;0;368.1;388;115;73;7405;61;0;73.6
OTL;01.04.91 00:00;7;15.9;11;-1.6;-1.5;-1.6;0;7.1;0;-1.2;0;0;22.1;969.2;1.1;-0.3;0;183.7;1.8;106;7;0;37.5;23;195;100;11110;95;0;55.7
OTL;01.05.91 00:00;9.7;19.5;14.3;-2.1;-2.5;-1.6;0;8;4;-3.7;0;0;28.1;969.6;2.8;-1.1;0;94.3;2;125;6;0;73.8;39;268;117;14918;118;6.8;22.3
OTL;01.06.91 00:00;14.5;23;18.4;-1.8;-1.4;-2.1;0;13.1;9;-1.9;0;1;29.9;969.5;8.9;-1.8;0;16.2;1.8;113;13;0;183.8;98;246;93;12352;87;41.5;0.2
OTL;01.07.91 00:00;18.8;28.6;23.5;1.2;1;1.1;0;16.6;29;0;0;11;31.8;970.2;13.6;-1;8;0;1.6;100;9;0;86.4;53;286;107;18319;114;161.4;0
OTL;01.08.91 00:00;19.1;29.5;23.8;2;1.6;2.6;0;16.8;31;-0.2;0;11;31.9;972.5;13.6;0.8;17;0;2;133;4;0;38.8;18;262;114;17755;119;171.5;0
OTL;01.09.91 00:00;16.1;23.7;19.5;1.9;2.1;1.6;0;15.1;13;1.1;0;0;30;972;8.8;-0.4;1;0;1.7;131;9;0;608.8;300;156;93;10204;86;58.1;0
OTL;01.10.91 00:00;8.5;14.5;11.2;-1.7;-1.4;-2.2;0;10.3;0;-0.9;0;0;24.7;972.2;2.5;-0.9;0;190.1;1.4;117;9;0;195.4;93;95;91;8166;90;0;54.1
OTL;01.11.91 00:00;3.8;9.9;6.5;-1.4;-1.6;-1.3;0;6.6;0;-1.2;0;0;14.8;970.9;1.1;-1.3;0;403.9;1.1;100;7;0;102.4;49;65;101;7200;107;0;163.9
OTL;01.12.91 00:00;0.7;7.7;4;-0.4;-1.3;0.1;8;4.5;0;-1.2;0;0;15.8;979.9;-3.7;5.9;0;495.7;1.3;130;3;0;66.4;75;63;116;9793;138;0;247.7
OTL;01.01.92 00:00;0.9;6.2;3.2;-0.7;-0.3;-1.1;8;5.6;0;0.3;0;0;14;982.2;-3;7.9;0;519.6;0.8;73;5;0;65.1;94;61;92;7492;93;0;271.6
OTL;01.02.92 00:00;2.7;10.7;6.3;1.1;0.7;1.3;4;5.1;0;-0.2;0;0;17.8;978.8;-3.2;6.1;0;397.2;1.4;108;1;0;22.2;34;116;111;10759;117;0;165.2
OTL;01.03.92 00:00;5.2;13.8;9;-0.3;-0.2;-0.2;0;6.2;0;-0.2;0;0;21.4;970.6;0.8;-0.7;0;307.4;1.7;106;6;0;187.6;198;154;97;11194;92;0;99.4
OTL;01.04.92 00:00;8;15.8;11.6;-1;-0.5;-1.7;0;8.2;0;-0.1;0;0;24.4;967.3;2.5;-2.2;0;178.2;1.7;100;9;0;123.6;74;181;93;9490;81;0.5;50.2
OTL;01.05.92 00:00;13.3;21.5;17.1;0.7;1.1;0.4;0;12.2;5;0.5;0;0;27.8;973;9.4;2.3;0;18;1.6;100;10;0;113.7;60;222;97;11393;90;18.3;2
OTL;01.06.92 00:00;13.8;21.3;17.1;-3.1;-2.1;-3.8;0;14.6;5;-0.4;0;0;26.6;968.6;10.2;-2.7;0;0;1.5;94;17;0;281.4;151;208;79;8054;56;19.5;0
OTL;01.07.92 00:00;17.7;25.9;21.5;-0.8;-0.1;-1.6;0;17.5;20;0.9;0;10;33.2;971.8;13.5;0.6;2;0;1.6;100;8;0;134.4;83;243;91;12911;80;111.7;0
OTL;01.08.92 00:00;18.7;28.3;23.2;1.4;1.2;1.4;0;18.4;28;1.4;0;12;31.9;971.6;11.5;-0.1;11;0;1.5;100;9;0;234.8;111;228;99;15034;101;152.3;0
OTL;01.09.92 00:00;13.8;21;16.9;-0.7;-0.2;-1.1;0;13.8;0;-0.2;0;0;24.5;974.8;9.4;2.4;0;0;1.2;92;11;0;278.5;137;160;95;10649;90;6.4;0
OTL;01.10.92 00:00;8.4;13.5;10.7;-2.2;-1.5;-3.2;0;10;0;-1.2;0;0;19.2;964.6;1.9;-8.5;0;224.4;1.1;92;15;0;197.1;94;76;73;5177;57;0;56.4
OTL;01.11.92 00:00;6.2;12.2;8.9;1;0.8;1;0;7.6;0;-0.2;0;0;17.6;973.5;3;1.3;0;325.4;1.1;100;3;0;26.2;13;73;113;8267;122;0;93.4
OTL;01.12.92 00:00;1.7;6.5;4.1;-0.3;-0.3;-1.1;7;6.1;0;0.4;0;0;12.5;974.6;-2.6;0.6;0;493.7;0.9;90;6;0;114.8;130;47;87;5296;74;0;245.7
OTL;01.01.93 00:00;2.1;8;4.7;0.8;0.9;0.7;5;5.7;0;0.4;0;0;17.5;981.5;-4.3;7.2;0;473;1;91;1;0;1;1;66;99;7709;96;0;225
OTL;01.02.93 00:00;1.9;9.6;5.2;0;-0.1;0.2;6;4.5;0;-0.8;0;0;13.7;979.4;-5.1;6.7;0;415.4;1.4;108;3;0;38.8;60;118;113;11336;123;0;191.4
OTL;01.03.93 00:00;4.8;13.4;8.7;-0.6;-0.6;-0.6;0;5.7;0;-0.7;0;0;24.4;973.7;0.3;2.4;0;322.2;1.8;113;5;0;33.9;36;166;105;12585;104;0;122.2
OTL;01.04.93 00:00;8.6;16.5;12.1;-0.5;0.1;-1;0;8.8;0;0.5;0;0;22.6;968.2;5.1;-1.3;0;144.9;1.7;100;14;0;134.7;81;180;92;9630;83;0;32.9
OTL;01.05.93 00:00;12.5;20.4;16.1;-0.3;0.3;-0.7;0;12.8;3;1.1;0;0;26.9;969.9;7.7;-0.8;0;24.8;1.4;88;14;0;167.6;88;206;90;9895;79;9.7;0.8
OTL;01.06.93 00:00;15.4;24.5;19.8;-0.4;-0.5;-0.6;0;14.5;14;-0.5;0;0;28.9;970.8;11.1;-0.5;0;0;1.5;94;11;0;277.5;149;255;97;13245;93;54;0
OTL;01.07.93 00:00;16.1;25.2;20.4;-1.9;-1.7;-2.3;0;14.6;16;-2;0;1;28.5;971.7;11.1;0.5;0;0;1.7;106;10;0;231.6;142;269;100;15807;98;70;0
OTL;01.08.93 00:00;17.3;26.9;21.7;-0.1;-0.2;0;0;16.2;27;-0.8;0;2;30.3;972.1;11.9;0.4;3;0;1.4;93;10;0;137.2;65;231;101;15620;105;108.5;0
OTL;01.09.93 00:00;13;19.6;15.9;-1.7;-1;-2.5;0;13.4;0;-0.6;0;0;23.9;968.8;7.7;-3.6;0;27.4;1.3;100;14;0;417.6;206;124;74;7458;63;3.5;3.4
OTL;01.10.93 00:00;8.8;14.1;11.2;-1.7;-1.1;-2.6;0;11.3;0;0.1;0;0;18.8;970.3;5;-2.8;0;208.2;1.2;100;21;0;744.8;356;66;63;5625;62;0;40.2
OTL;01.11.93 00:00;4.4;9;6.4;-1.5;-1;-2.2;4;7.3;0;-0.5;0;0;14;973.4;-1.7;1.2;0;408.7;1.1;100;7;0;83.4;40;58;90;5225;77;0;168.7
OTL;01.12.93 00:00;2.3;8.1;4.8;0.4;0.3;0.5;3;5.5;0;-0.2;0;0;11.5;969.2;-1.1;-4.8;0;471.6;1;100;8;0;45.9;52;59;109;8003;112;0;223.6
OTL;01.01.94 00:00;1.7;7.8;4.5;0.6;0.5;0.5;4;5.7;0;0.4;0;0;15.5;970.9;-1.7;-3.4;0;480.5;1.1;100;9;0;285.4;410;64;96;7639;95;0;232.5
OTL;01.02.94 00:00;0.9;7.2;3.6;-1.6;-1.1;-2.2;10;5.5;0;0.2;1;0;14.3;971.3;-4.4;-1.4;0;460.1;1.3;100;6;0;150.1;233;85;81;5866;64;0;236.1
OTL;01.03.94 00:00;7.8;17.3;12;2.7;2.4;3.3;0;7.2;0;0.8;0;0;22;974.3;2.3;3;0;137.9;1.4;88;1;0;20.4;21;172;109;14623;121;0;25.9
OTL;01.04.94 00:00;7.2;16.1;11.2;-1.4;-1.3;-1.4;0;7.5;0;-0.8;0;0;23.9;965.7;2.6;-3.8;0;207.3;1.7;100;9;0;101.1;61;184;95;10902;93;0.6;55.3
OTL;01.05.94 00:00;11.9;19.1;15.2;-1.2;-0.3;-2;0;12.5;1;0.8;0;0;27.5;968.9;7.9;-1.8;0;41.9;1.4;88;17;0;329.1;174;170;74;8818;70;2;1.9
OTL;01.06.94 00:00;15.3;24.7;19.9;-0.3;-0.6;-0.4;0;14.1;14;-0.9;0;1;31.2;972.5;9.6;1.2;2;0;1.8;113;5;0;83.5;45;255;97;14699;103;63.5;0
OTL;01.07.94 00:00;18.8;29.6;23.7;1.4;1;2.1;0;18.3;30;1.7;0;5;32.2;971.7;16.1;0.5;13;0;1.6;100;11;0;78.7;48;262;98;16804;105;168.5;0
OTL;01.08.94 00:00;17.6;28.1;22.5;0.7;0.1;1.2;0;16.6;27;-0.4;0;2;34;970.1;15.2;-1.6;7;0;1.5;100;10;0;296.2;140;231;101;16360;110;131;0
OTL;01.09.94 00:00;13.1;20.2;16.3;-1.3;-0.9;-1.9;0;14.9;3;0.9;0;0;26.1;970.7;7.2;-1.7;0;9.1;1.3;100;14;0;347.4;171;131;78;8079;68;8;1.1
OTL;01.10.94 00:00;8.4;15.6;11.7;-1.2;-1.5;-1.1;0;10.5;0;-0.7;0;0;22.6;972.8;4.1;-0.3;0;190.3;1.3;108;9;0;107.9;52;115;110;10346;114;0;38.3
OTL;01.11.94 00:00;7.6;12.4;9.7;1.8;2.2;1.2;0;9.5;0;1.7;0;0;17.2;975.2;4.3;3;0;288.2;1;91;7;0;194.5;94;55;85;5155;76;0;72.2
OTL;01.12.94 00:00;2.8;8.7;5.5;1.1;0.8;1.1;3;6.2;0;0.5;0;0;19.4;976.5;-1;2.5;0;443.9;1;100;5;0;27.8;31;55;101;7491;105;0;203.9
OTL;01.01.95 00:00;-0.1;6.4;2.6;-1.3;-1.3;-0.9;13;4.4;0;-0.9;0;0;14.4;973.1;-4.9;-1.2;0;538.8;1.4;127;5;0;62.1;89;72;108;8993;112;0;290.8
OTL;01.02.95 00:00;3.4;10.7;6.6;1.4;1.4;1.3;0;6.1;0;0.8;0;0;19.8;972.4;0;-0.3;0;366.6;1.2;92;7;0;61.9;96;96;92;8440;92;0;150.6
OTL;01.03.95 00:00;3.1;12.3;7.4;-1.9;-2.3;-1.7;1;4.9;0;-1.5;0;0;21;969.8;-0.6;-1.5;0;387.1;1.8;113;4;0;19.7;21;177;112;14176;117;0;147.1
OTL;01.04.95 00:00;8.3;17.6;12.6;0;-0.2;0.1;0;8.3;1;0;0;0;25.2;969.5;3.2;0;0;122.2;1.8;106;8;0;255.1;153;196;101;12807;110;0;26.2
OTL;01.05.95 00:00;11.6;20.3;15.8;-0.6;-0.6;-0.8;0;11;4;-0.7;0;0;27.3;970;6.6;-0.7;0;28.7;1.7;106;10;0;166.2;88;232;101;13061;104;7.9;4.7
OTL;01.06.95 00:00;13.5;22.4;17.7;-2.5;-2.4;-2.7;0;13.6;9;-1.4;0;0;29.5;969.5;8.6;-1.8;0;17.6;1.6;100;6;0;122.7;66;248;94;12430;87;42.5;1.6
OTL;01.07.95 00:00;18.7;28.2;23;0.7;0.9;0.7;0;18.7;29;2.1;0;7;32.5;971;12.3;-0.2;7;0;1.6;100;7;0;136.4;84;263;98;16050;100;149.5;0
OTL;01.08.95 00:00;16.4;26.1;20.5;-1.3;-1.1;-0.8;0;16;21;-1;0;0;30.4;970.4;10.1;-1.3;1;0;1.6;107;15;0;101.3;48;236;103;14462;97;74.4;0
OTL;01.09.95 00:00;11.1;18.8;14.6;-3;-2.9;-3.3;0;12;0;-2;0;0;24.5;968.8;5.1;-3.6;0;26.7;1.3;100;15;0;402.3;198;141;84;9531;80;0.2;2.7
OTL;01.10.95 00:00;10.9;18.5;14.2;1.3;1;1.8;0;12.4;0;1.2;0;0;22.8;978.9;5.1;5.8;0;54.3;1;83;3;0;43;21;125;120;12786;140;0;6.3
OTL;01.11.95 00:00;4.9;10.9;7.6;-0.3;-0.5;-0.3;2;7;0;-0.8;0;0;21;973.1;-0.7;0.9;0;356.8;1.3;118;9;0;85.9;41;72;112;8447;125;0;132.8
OTL;01.12.95 00:00;1.9;6.2;3.8;-0.6;-0.1;-1.4;8;6.3;0;0.6;0;0;10.6;970.8;-1.5;-3.2;0;502.7;1;100;9;0;68;77;44;81;5351;75;0;254.7
OTL;01.01.96 00:00;1.9;6.1;3.8;-0.1;0.7;-1.2;3;6.8;0;1.5;0;0;13.5;971.5;-0.7;-2.8;0;503.6;0.9;82;11;0;163;234;43;65;4609;57;0;255.6
OTL;01.02.96 00:00;0.2;7.1;3.1;-2.1;-1.8;-2.3;10;4.9;0;-0.4;0;0;16.8;967.6;-2.9;-5.1;0;490.5;1.3;100;5;0;22.8;35;96;92;7849;85;0;258.5
OTL;01.03.96 00:00;3.4;11.1;6.8;-2.5;-2;-2.9;5;6;0;-0.4;0;0;17.8;969.6;-1.8;-1.7;0;408.1;1.9;119;4;0;12.3;13;145;91;10093;83;0;160.1
OTL;01.04.96 00:00;8.9;18.2;13.1;0.5;0.4;0.7;0;7.8;0;-0.5;0;0;24.7;970.2;3.1;0.7;0;76.3;1.6;94;7;0;35.6;21;195;100;11506;99;0;20.3
OTL;01.05.96 00:00;11.2;19.7;15.2;-1.2;-1;-1.4;0;11.8;1;0.1;0;0;26.2;968.2;6;-2.5;0;36.9;1.6;100;12;0;197.6;104;209;91;10943;87;2;4.9
OTL;01.06.96 00:00;16;26.1;20.7;0.5;0.1;1;0;14.3;19;-0.7;0;1;33.2;973.5;10.5;2.2;4;0;1.7;106;8;0;129.4;69;285;108;16360;115;86.5;0
OTL;01.07.96 00:00;16.4;24.8;20.4;-1.9;-1.4;-2.7;0;15.8;17;-0.8;0;1;29;972.2;11;1;0;0;1.7;106;10;0;264.3;162;251;94;14248;89;75.1;0
OTL;01.08.96 00:00;16.1;24.5;19.8;-2;-1.4;-2.4;0;16.4;13;-0.6;0;0;28.6;970.9;12.8;-0.8;0;0;1.3;87;14;0;289;137;218;95;13298;89;54.1;0
OTL;01.09.96 00:00;11.2;19.3;14.9;-2.7;-2.8;-2.8;0;11;0;-3;0;0;24.3;968.6;7.5;-3.8;0;32.9;1.5;115;9;0;50;25;177;105;12849;108;0.4;0.9
OTL;01.10.96 00:00;9.9;15.9;12.6;-0.3;0;-0.8;0;10.5;0;-0.7;0;0;22;973.1;6.3;0;0;107.9;1.2;100;7;0;212.9;102;92;88;7177;79;0;11.9
OTL;01.11.96 00:00;5.1;11.3;7.9;0;-0.3;0.1;2;7.7;0;-0.1;0;0;18.1;969;-0.8;-3.2;0;349;1.3;118;17;0;346.2;167;63;98;6980;103;0;125
OTL;01.12.96 00:00;2;6.5;4;-0.4;0;-1.1;6;6.6;0;0.9;4;0;11.5;969.2;-7.3;-4.8;0;495.1;1;100;11;0;77.7;88;42;77;4364;61;0;247.1
OTL;01.01.97 00:00;1.9;6.9;4;0.1;0.7;-0.4;2;6.4;0;1.1;0;0;12.1;976.6;-2.3;2.3;0;496.2;0.5;45;9;0;80.5;116;57;86;6660;83;0;248.2
OTL;01.02.97 00:00;3.3;10.8;6.6;1.4;1.3;1.4;2;5.5;0;0.2;0;0;14.7;979.2;-1.2;6.5;0;375.6;1.3;100;1;0;2.8;4;112;107;10697;117;0;151.6
OTL;01.03.97 00:00;7.3;17.6;12;2.7;1.9;3.6;0;6;1;-0.4;0;0;25.3;976.8;4.5;5.5;0;181.1;2.1;131;1;0;2.3;2;190;120;16157;133;0.2;29.1
OTL;01.04.97 00:00;7.4;18.5;12.6;0;-1.1;1;0;5.8;0;-2.5;0;0;23.4;971;2.8;1.5;0;126.2;2.6;153;3;0;66;40;264;136;18702;160;0;22.2
OTL;01.05.97 00:00;11.6;21.1;16;-0.4;-0.6;0;0;11.4;8;-0.3;0;0;27.9;971.1;5.3;0.4;0;63.6;2;125;12;0;124.3;66;234;102;12875;102;9.6;7.6
OTL;01.06.97 00:00;14.2;22;17.8;-2.4;-1.7;-3.1;0;15.1;7;0.1;0;0;27.5;967.5;8.7;-3.8;0;9.7;1.5;94;16;0;468.4;251;203;77;9588;67;29.7;1.7
OTL;01.07.97 00:00;15.9;25.6;20.4;-1.9;-1.9;-1.9;0;14.7;22;-1.9;0;0;30.4;971.4;10.6;0.2;2;0;1.7;106;9;0;169.8;104;255;95;14995;93;81;0
OTL;01.08.97 00:00;17.7;27;21.8;0;0.2;0.1;0;18.1;27;1.1;0;2;30.1;972.6;12;0.9;1;0;1.6;107;10;0;283.7;134;237;103;14983;100;109.5;0
OTL;01.09.97 00:00;15.5;23.5;19;1.4;1.5;1.4;0;15.6;9;1.6;0;0;27.9;975.6;12.3;3.2;0;0;1.3;100;2;0;14.5;7;182;108;13648;115;34.5;0
OTL;01.10.97 00:00;9.9;17.6;13.2;0.3;0;0.9;0;10.3;4;-0.9;0;0;27.4;971.9;0.1;-1.2;0;119.1;1.5;125;3;0;28.6;14;124;119;11688;128;6.5;39.1
OTL;01.11.97 00:00;4.8;10.1;7;-0.9;-0.6;-1.1;0;8;0;0.2;0;0;15.6;967.6;1.2;-4.6;0;388.7;0.9;82;12;0;280;135;56;87;5501;82;0;148.7
OTL;01.12.97 00:00;2.3;7.7;4.6;0.2;0.3;0.1;1;5.8;0;0.1;0;0;17.1;970.4;-0.5;-3.6;0;477.3;1.1;110;9;0;175.2;198;48;88;5788;81;0;229.3
OTL;01.01.98 00:00;1.1;6.9;3.6;-0.3;-0.1;-0.4;8;5.6;0;0.3;0;0;13.5;974.8;-2.9;0.5;0;507.1;0.9;82;7;0;60.4;87;67;101;8273;103;0;259.1
OTL;01.02.98 00:00;4.1;12.8;7.9;2.7;2.1;3.4;6;5.7;0;0.4;0;0;20.8;980.2;-3.3;7.5;0;321.2;1.1;85;1;0;22.4;35;125;120;12702;138;0;121.2
OTL;01.03.98 00:00;4.9;15.1;9.4;0.1;-0.5;1.1;0;5.2;0;-1.2;0;0;22.8;975.8;0.1;4.5;0;283.7;2;125;1;0;1.6;2;189;119;15746;130;0;91.7
OTL;01.04.98 00:00;6.5;14;10;-2.6;-2;-3.5;0;8.5;0;0.2;0;0;22.8;964.4;0.2;-5.1;0;250.5;1.4;82;17;0;503.2;303;146;75;7769;67;0;82.5
OTL;01.05.98 00:00;12.2;21.5;16.6;0.2;0;0.4;0;11.3;7;-0.4;0;0;28.2;970.4;7.8;-0.3;0;10.3;1.6;100;8;0;201;106;242;106;14378;114;15.4;2.3
OTL;01.06.98 00:00;15.3;24.5;19.7;-0.5;-0.6;-0.6;0;15.6;16;0.6;0;1;29.1;972.2;9.8;0.9;0;0;1.7;106;12;0;229.6;123;265;101;14409;101;60.3;0
OTL;01.07.98 00:00;17.9;27.1;22.4;0.1;0.1;-0.4;0;17;25;0.4;0;6;31.5;969.1;14.3;-2.1;4;0;1.7;106;8;0;167.5;103;267;100;15972;99;126.4;0
OTL;01.08.98 00:00;18;27.3;22.2;0.4;0.5;0.4;0;17;25;0;0;8;32.3;971.8;11.9;0.1;6;0;1.6;107;7;0;72.7;34;233;102;15635;105;120.7;0
OTL;01.09.98 00:00;12.9;20.6;16.4;-1.2;-1.1;-1.5;0;13.4;2;-0.6;0;0;25.1;968.7;8;-3.7;0;0;1.4;108;10;0;375.2;185;146;87;9807;83;5.3;0
OTL;01.10.98 00:00;8.9;15.9;12;-0.9;-1;-0.8;0;10.1;0;-1.1;0;0;18.9;971.4;5.9;-1.7;0;156.9;1.4;117;14;0;167.7;80;99;95;9034;99;0;12.9
OTL;01.11.98 00:00;2.7;9.6;5.8;-2.1;-2.7;-1.6;7;5.4;0;-2.4;0;0;15.9;972.1;-3.6;-0.1;0;426.2;1.4;127;4;0;8;4;74;115;9001;133;0;186.2
OTL;01.12.98 00:00;1;7.3;3.7;-0.7;-1;-0.3;9;4.7;0;-1;0;0;18.6;977.2;-2.9;3.2;0;506;1.1;110;2;0;34.4;39;51;94;7203;101;0;258
OTL;01.01.99 00:00;1.7;8;4.2;0.3;0.5;0.7;3;5.5;0;0.2;0;0;13.8;973.4;-2.1;-0.9;0;488.7;1.3;118;4;0;99.2;143;69;104;9414;117;0;240.7
OTL;01.02.99 00:00;0.2;8.5;3.9;-1.3;-1.8;-0.9;13;4.4;0;-0.9;0;0;17.6;969.6;-3.6;-3.1;0;450.6;1.7;131;2;0;13.4;21;115;110;10400;113;0;226.6
OTL;01.03.99 00:00;5.3;13.6;8.9;-0.4;-0.1;-0.4;0;6.6;0;0.2;0;0;20.1;968.9;0.3;-2.4;0;295.3;1.6;100;7;0;124.7;131;151;95;11994;99;0;103.3
OTL;01.04.99 00:00;8.1;17.2;12.2;-0.4;-0.4;-0.3;0;8;0;-0.3;0;0;23.7;969.5;2.7;0;0;151.7;1.6;94;8;0;166.7;100;186;96;10689;92;0;31.7
OTL;01.05.99 00:00;13.7;21.6;17.3;0.9;1.5;0.5;0;13.8;6;2.1;0;0;26.5;971.8;10;1.1;0;0;1.4;88;14;0;194.1;102;206;90;10461;83;20.4;0
OTL;01.06.99 00:00;14.3;23.2;18.6;-1.6;-1.6;-1.9;0;14.1;7;-0.9;0;0;28.7;972.5;10.9;1.2;0;0;1.5;94;15;0;299.8;160;252;96;13685;96;29.2;0
OTL;01.07.99 00:00;17.8;27.1;22.1;-0.2;0;-0.4;0;16.7;27;0.1;0;1;29.8;971.1;15.7;-0.1;0;0;1.5;94;11;0;161.6;99;275;103;16538;103;116.6;0
OTL;01.08.99 00:00;17.3;25.1;20.8;-1;-0.2;-1.8;0;18.7;19;1.7;0;0;28.6;969.9;13.3;-1.8;0;0;1.2;80;12;0;321.9;152;206;90;11793;79;77.8;0
OTL;01.09.99 00:00;14.9;22;18.1;0.5;0.9;-0.1;0;16.1;7;2.1;0;0;26.4;970.8;11;-1.6;0;0;1.3;100;12;0;544.6;268;143;85;9853;83;27.5;0
OTL;01.10.99 00:00;9.9;16.2;12.7;-0.2;0;-0.5;0;11.4;0;0.2;0;0;21.1;973.8;5;0.7;0;103.9;1.5;125;9;0;265;126;96;92;8543;94;0;23.9
OTL;01.11.99 00:00;4.6;10.5;7;-0.9;-0.8;-0.7;2;6.8;0;-1;0;0;16.7;975;-0.5;2.8;0;359.7;1.4;127;11;0;126.8;61;65;101;7183;106;0;151.7
OTL;01.12.99 00:00;0.6;6.4;3.2;-1.2;-1.4;-1.2;8;4.5;0;-1.2;0;0;11.3;971.1;-3.9;-2.9;0;521.7;1.2;120;6;0;48.8;55;53;98;6662;94;0;273.7
OTL;01.01.00 00:00;0.3;7.7;3.6;-0.3;-0.9;0.4;12;4.6;0;-0.7;0;0;18.2;978;-5.5;3.7;0;501.2;1.4;127;0;0;0.2;0;77;116;10079;126;0;261.2
OTL;01.02.00 00:00;3.1;10.9;6.6;1.4;1.1;1.5;2;5.4;0;0.1;0;0;17.5;978.2;-0.2;5.5;0;389.2;1.3;100;2;0;16.9;26;111;106;10677;116;0;157.2
OTL;01.03.00 00:00;5.8;15.4;10.1;0.8;0.4;1.4;0;6;1;-0.4;0;0;26.4;973.4;2.1;2.1;0;263;1.8;113;5;0;87.4;92;164;103;13417;111;0.3;79
OTL;01.04.00 00:00;8.2;15.5;11.5;-1.1;-0.3;-2;0;9.3;1;1;0;0;25.9;966.4;4.9;-3.1;0;201.8;1.4;82;15;0;443.5;267;137;70;7009;60;0;57.8
OTL;01.05.00 00:00;13.7;21.5;17.1;0.7;1.5;0.4;0;13.7;3;2;0;0;26.6;972.4;11.1;1.7;0;0;1.4;88;15;0;212.3;112;213;93;11152;89;6.6;0
OTL;01.06.00 00:00;16.4;25.8;20.7;0.5;0.5;0.7;0;15.1;20;0.1;0;0;30;974.7;13.4;3.4;1;0;1.7;106;11;0;186.3;100;273;104;15206;107;75.4;0
OTL;01.07.00 00:00;15.9;24.6;20;-2.3;-1.9;-2.9;0;14.3;17;-2.3;0;1;28.5;968.7;10;-2.5;0;0;1.7;106;8;0;295.2;181;250;93;13935;87;65;0
OTL;01.08.00 00:00;17.6;26.5;21.6;-0.2;0.1;-0.4;0;17.5;24;0.5;0;2;32;973.4;14;1.7;2;0;1.4;93;11;0;107.1;51;226;99;15325;103;107.4;0
OTL;01.09.00 00:00;14.4;22.8;18.2;0.6;0.4;0.7;0;14.1;7;0.1;0;0;26.6;970.8;11.5;-1.6;0;0;1.4;108;7;0;214.6;106;180;107;13461;113;17.9;0
OTL;01.10.00 00:00;10.3;15.7;12.8;-0.1;0.4;-1;0;11.9;0;0.7;0;0;21.5;972.3;7.6;-0.8;0;127.8;1.3;108;15;0;428.8;205;78;75;5908;65;0;7.8
OTL;01.11.00 00:00;4.6;9.4;6.7;-1.2;-0.8;-1.8;0;8.1;0;0.3;0;0;14.7;968.4;1.7;-3.8;0;399.9;1;91;16;0;491.8;237;46;71;4307;64;0;159.9
OTL;01.12.00 00:00;3.4;7.8;5.2;0.8;1.4;0.2;5;7;0;1.3;0;0;13;971.5;-2.4;-2.5;0;458.5;0.9;90;11;0;138.6;156;44;81;5340;75;0;210.5
OTL;01.01.01 00:00;1.1;5.6;3.1;-0.8;-0.1;-1.7;8;5.7;0;0.4;0;0;11.7;971.8;-3.6;-2.5;0;522.5;1.1;100;11;0;145.9;210;51;77;4944;62;0;274.5
OTL;01.02.01 00:00;3.2;10.7;6.6;1.4;1.2;1.3;5;5.5;0;0.2;0;0;19.8;973.1;-1.7;0.4;0;363;1.5;115;7;0;110.7;172;104;99;9939;108;0;155
OTL;01.03.01 00:00;5.7;13.2;9.2;-0.1;0.3;-0.8;1;8.1;0;1.7;0;0;20.7;965;-0.8;-6.3;0;277.1;1.4;88;16;0;238.5;251;123;78;8248;68;0;93.1
OTL;01.04.01 00:00;7.3;16.2;11.4;-1.2;-1.2;-1.3;0;7;0;-1.3;0;0;21.5;968.2;2.7;-1.3;0;179.3;1.9;112;9;0;82.6;50;203;104;12047;103;0;35.3
OTL;01.05.01 00:00;13.7;22;17.4;1;1.5;0.9;0;13.2;8;1.5;0;1;31.2;971.4;10.6;0.7;2;0;1.4;88;14;0;122.1;64;226;99;12537;100;32;0
OTL;01.06.01 00:00;14.3;24.1;19.1;-1.1;-1.6;-1;0;12.5;13;-2.5;0;0;29.8;971.2;9;-0.1;0;0;1.8;113;8;0;329.4;176;286;109;16526;116;49.6;0
OTL;01.07.01 00:00;17;26;21.2;-1.1;-0.8;-1.5;0;16.5;22;-0.1;0;1;30.4;970.7;13.1;-0.5;2;0;1.6;100;6;0;233.4;143;252;94;13913;87;96.9;0
OTL;01.08.01 00:00;18;27.1;22.1;0.3;0.5;0.2;0;18.1;25;1.1;0;7;30.8;972.3;13;0.6;2;0;1.4;93;13;0;163.3;77;235;102;15691;105;118.1;0
OTL;01.09.01 00:00;11.5;19.6;15.2;-2.4;-2.5;-2.5;0;10.9;2;-3.1;0;0;26.1;969.3;7.6;-3.1;0;17.6;1.5;115;12;0;150.4;74;171;101;12055;101;2.3;1.6
OTL;01.10.01 00:00;12;18.6;14.8;1.9;2.1;1.9;0;13.4;0;2.2;0;0;22.2;976.8;7.9;3.7;0;50.2;1;83;8;0;163.3;78;113;108;10211;112;0;2.2
OTL;01.11.01 00:00;4.6;11.2;7.6;-0.3;-0.8;0;0;6.5;0;-1.3;0;0;19.3;974;1;1.8;0;359.3;1.3;118;4;0;14.2;7;82;127;9240;137;0;135.3
OTL;01.12.01 00:00;-0.5;7;2.7;-1.7;-2.5;-0.6;20;4.1;0;-1.6;1;0;19.4;975.4;-4.9;1.4;0;537.4;1.2;120;0;0;0.1;0;74;136;10685;150;0;289.4
OTL;01.01.02 00:00;-0.1;6.5;2.8;-1.1;-1.3;-0.8;16;4.3;0;-1;0;0;11.6;981.4;-3.7;7.1;0;534.6;0.8;73;2;0;19.1;27;77;116;10141;127;0;286.6
OTL;01.02.02 00:00;3.1;10.6;6.4;1.2;1.1;1.2;0;5.9;0;0.6;0;0;15.7;973.3;0.1;0.6;0;381.2;1.1;85;5;0;142.4;221;107;102;9685;105;0;157.2
OTL;01.03.02 00:00;6.6;15.6;10.7;1.4;1.2;1.6;0;6.6;2;0.2;0;0;27.3;973.3;2.5;2;0;259.7;1.4;88;4;0;55.6;59;171;108;12977;107;1.2;59.7
OTL;01.04.02 00:00;8.6;17.2;12.5;-0.1;0.1;-0.3;0;8;1;-0.3;0;0;25.2;969.2;4.5;-0.3;0;130.6;1.8;106;10;0;64.2;39;198;102;11445;98;0.3;34.6
OTL;01.05.02 00:00;10.8;19.4;14.9;-1.5;-1.4;-1.7;0;11.9;5;0.2;0;0;25.7;970.3;5;-0.4;0;75.7;1.4;88;16;0;671.2;354;203;89;10515;83;7.4;19.7
OTL;01.06.02 00:00;16.9;26;21.2;1;1;0.9;0;17.1;21;2.1;0;5;31.6;972;11.1;0.7;7;0;1.5;94;14;0;159.6;85;272;103;15199;107;105.2;0
OTL;01.07.02 00:00;16.4;24.9;20.4;-1.9;-1.4;-2.6;0;16.5;18;-0.1;0;0;29.2;970.2;12.8;-1;0;0;1.4;88;14;0;298.2;183;237;88;13214;82;72.3;0
OTL;01.08.02 00:00;16.1;24.7;20;-1.8;-1.4;-2.2;0;17.1;19;0.1;0;0;28.5;969.8;11.9;-1.9;0;0;1.3;87;15;0;174.2;82;220;96;13547;91;63.7;0
OTL;01.09.02 00:00;13.2;20.7;16.4;-1.2;-0.8;-1.4;0;13.5;2;-0.5;0;0;26.6;971.4;7.9;-1;0;8.7;1.4;108;10;0;140.7;69;168;100;10569;89;4.3;0.7
OTL;01.10.02 00:00;9.6;17.1;13;0.1;-0.3;0.4;0;10.3;1;-0.9;0;0;25.1;970.7;5.2;-2.4;0;86.3;1.3;108;5;0;88.2;42;119;114;10430;115;0;14.3
OTL;01.11.02 00:00;6.9;12.2;9.2;1.3;1.5;1;0;8.9;0;1.1;0;0;18.5;967.6;3.4;-4.6;0;308.9;1.3;118;18;0;790;380;52;81;4780;71;0;84.9
OTL;01.12.02 00:00;3;7.6;5;0.6;1;0;1;6.9;0;1.2;0;0;13.8;972.3;-1;-1.7;0;464.3;0.9;90;7;0;45.8;52;44;81;4173;59;0;216.3
OTL;01.01.03 00:00;0.7;7.6;3.8;-0.1;-0.5;0.3;13;4.8;0;-0.5;0;0;17.8;969.7;-4;-4.6;0;502.5;1.2;109;3;0;39.5;57;77;116;9368;117;0;254.5
OTL;01.02.03 00:00;-1;7;2.4;-2.8;-3;-2.4;19;4;0;-1.3;0;0;12.3;975.4;-4.3;2.7;0;492.2;1.3;100;1;0;9.1;14;123;118;11264;123;0;268.2
OTL;01.03.03 00:00;5.8;15.6;10.4;1.1;0.4;1.6;0;6;0;-0.4;0;0;20.7;977.3;1.5;6;0;238.4;1.6;100;1;0;2.6;3;190;120;15364;127;0;62.4
OTL;01.04.03 00:00;7.7;17.2;12.1;-0.5;-0.8;-0.3;1;7.9;1;-0.4;0;0;26.1;971.3;-0.4;1.8;0;138.7;1.8;106;7;0;69.1;42;198;102;11866;102;0;42.7
OTL;01.05.03 00:00;13.7;23.4;18.1;1.7;1.5;2.3;0;11.7;9;0;0;0;28.7;973.7;9.3;3;0;0;1.5;94;6;0;54.9;29;250;109;13098;104;27.9;0
OTL;01.06.03 00:00;19.6;31;24.8;4.6;3.7;5.9;0;16.9;29;1.9;0;12;34.8;971.8;16.6;0.5;19;0;1.6;100;5;0;29.1;16;303;115;17666;124;196.3;0
OTL;01.07.03 00:00;18.8;29.6;23.8;1.5;1;2.1;0;16.4;30;-0.2;0;12;34.1;971;14.3;-0.2;14;0;1.8;113;10;0;140.1;86;275;103;16429;102;171.5;0
OTL;01.08.03 00:00;20.4;31.4;25.3;3.5;2.9;4.5;0;17;30;0;0;18;37.9;972.2;16.1;0.5;23;0;1.5;100;5;4;173.2;82;249;109;17876;120;218;0
OTL;01.09.03 00:00;13.8;22.6;17.8;0.2;-0.2;0.5;0;11.9;9;-2.1;0;0;27.2;975.3;10.7;2.9;0;0;1.4;108;8;0;68.7;34;187;111;13839;116;17.9;0
OTL;01.10.03 00:00;8;14.9;11;-1.9;-1.9;-1.8;0;9.2;1;-2;0;0;25.5;968.9;0.2;-4.2;0;221.2;1.4;117;10;0;160.2;76;113;108;9162;101;0;69.2
OTL;01.11.03 00:00;5.1;10.1;7.3;-0.6;-0.3;-1.1;0;8.5;0;0.7;0;0;15.6;974.8;1.4;2.6;0;379.5;0.9;82;13;0;200.8;97;55;85;5166;77;0;139.5
OTL;01.12.03 00:00;2;7.8;4.5;0.1;0;0.2;7;5.7;0;0;0;0;16.7;975;-3;1;0;481.7;1.1;110;9;0;160.1;181;52;96;6455;91;0;233.7
OTL;01.01.04 00:00;0.6;6.7;3.2;-0.7;-0.6;-0.6;10;5.2;0;-0.1;0;0;15.4;967.1;-2.6;-7.2;0;520.2;1.2;109;5;0;18.9;27;68;102;7411;92;0;272.2
OTL;01.02.04 00:00;2;9.2;5;-0.2;0;-0.2;8;4.9;0;-0.4;0;0;15.8;973.2;-3;0.5;0;433.6;1.4;108;6;0;108.9;169;105;100;8752;95;0;201.6
OTL;01.03.04 00:00;4.2;12.4;7.8;-1.5;-1.2;-1.6;4;6.1;0;-0.3;0;0;20.9;975;-1.4;3.7;0;343;1.5;94;4;0;46.3;49;155;98;9942;82;0;135
OTL;01.04.04 00:00;7.6;16.7;11.7;-0.9;-0.9;-0.8;0;8.3;1;0;0;0;25.5;968.5;2.1;-1;0;171.9;1.6;94;13;0;209;126;182;94;10395;89;0.2;43.9
OTL;01.05.04 00:00;10.3;20;14.8;-1.6;-1.9;-1.1;0;10.3;2;-1.4;0;0;27.9;969;4.3;-1.7;0;80.9;1.7;106;9;0;187.7;99;243;106;13868;110;6;16.9
OTL;01.06.04 00:00;16.4;26.4;21.1;0.9;0.5;1.3;0;13.2;21;-1.8;0;2;31.9;971.7;11.9;0.4;5;0;1.7;106;3;0;27.4;15;276;105;15871;111;91.9;0
OTL;01.07.04 00:00;17.7;26.8;21.9;-0.4;-0.1;-0.7;0;15.5;24;-1.1;0;3;31.5;971.6;13.1;0.4;4;0;1.5;94;6;0;190.7;117;249;93;14614;91;113.7;0
OTL;01.08.04 00:00;16.9;25.4;20.7;-1.1;-0.6;-1.5;0;16.8;17;-0.2;0;3;31.2;970.4;13.5;-1.3;2;0;1.3;87;14;0;396;187;203;88;12385;83;76.2;0
OTL;01.09.04 00:00;15;22.6;18.5;0.9;1;0.5;0;14.3;6;0.3;0;0;28;975;9.6;2.6;0;0;1.3;100;5;0;74.4;37;174;103;12581;106;32.4;0
OTL;01.10.04 00:00;11.3;16.3;13.4;0.5;1.4;-0.4;0;13.3;0;2.1;0;0;22;971.2;4.8;-1.9;0;119.1;0.9;75;17;0;371.1;177;79;76;4740;52;0;23.1
OTL;01.11.04 00:00;5;11.5;7.9;0;-0.4;0.3;0;7.1;0;-0.7;0;0;18.5;973.6;1.1;1.4;0;325;1.6;145;7;0;196.9;95;80;124;7709;114;0;133
OTL;01.12.04 00:00;2.2;7.5;4.4;0;0.2;-0.1;8;5.7;0;0;0;0;12.1;974.7;-2.8;0.7;0;483.5;1.2;120;4;0;66.5;75;64;118;7438;105;0;235.5
OTL;01.01.05 00:00;0.4;7.9;3.7;-0.2;-0.8;0.6;13;4.3;0;-1;0;0;14.8;976.3;-4.3;2;0;506.7;1.6;145;2;0;3.1;4;92;138;11298;141;0;258.7
OTL;01.02.05 00:00;0.4;7.6;3.4;-1.8;-1.6;-1.8;16;4;0;-1.3;0;0;13.6;970;-3.3;-2.7;0;463.7;1.9;146;1;0;7;11;123;118;9258;101;0;239.7
OTL;01.03.05 00:00;4.8;13.7;8.9;-0.4;-0.6;-0.3;7;6.4;1;0;1;0;27.9;971.6;-5.9;0.3;0;309.3;1.6;100;7;0;64.1;68;162;102;12188;101;1;117.3
OTL;01.04.05 00:00;8;16.4;11.8;-0.8;-0.5;-1.1;0;8.5;0;0.2;0;0;24.5;970.2;5;0.7;0;197.4;1.4;82;8;0;165.1;99;177;91;10174;87;1;37.4
OTL;01.05.05 00:00;12.8;22.5;17.4;1;0.6;1.4;0;11.3;9;-0.4;0;0;29.5;971.9;7.5;1.2;0;8.7;1.4;88;10;0;123.3;65;245;107;14841;118;33.2;0.7
OTL;01.06.05 00:00;16.7;26;21.2;1;0.8;0.9;0;15.4;18;0.4;0;6;32;973;10.2;1.7;6;0;1.2;75;7;0;161.5;86;284;108;17208;121;99;0
OTL;01.07.05 00:00;17.6;27.8;22.5;0.2;-0.2;0.3;0;15.4;25;-1.2;0;5;31.9;970.5;13.5;-0.7;8;0;1.6;100;8;0;83.6;51;264;98;15307;95;130.4;0
OTL;01.08.05 00:00;16.1;25.3;20.3;-1.5;-1.4;-1.6;0;14.2;20;-2.8;0;0;29.2;970.9;13.9;-0.8;0;0;1.6;107;8;0;198.3;94;225;98;14011;94;67.2;0
OTL;01.09.05 00:00;15.1;22.3;18.3;0.7;1.1;0.2;0;15.4;5;1.4;0;2;29.7;973.5;11.2;1.1;0;0;1.2;92;8;0;110.5;54;169;100;11189;94;25.1;0
OTL;01.10.05 00:00;9.8;15.8;12.3;-0.6;-0.1;-0.9;0;11.8;0;0.6;0;0;19.2;977.4;7.7;4.3;0;95.9;1.1;92;8;0;61.2;29;93;89;7812;86;0;7.9
OTL;01.11.05 00:00;4.6;10.6;7.1;-0.8;-0.8;-0.6;9;7.6;0;-0.2;0;0;16.8;972.9;-2.2;0.7;0;370.5;1.2;109;4;0;18.5;9;74;115;8183;121;0;146.5
OTL;01.12.05 00:00;-0.5;5.2;1.9;-2.5;-2.5;-2.4;20;4.7;0;-1;0;0;12.1;971.5;-6.3;-2.5;0;561.3;1.2;120;5;0;61.5;69;60;110;8033;113;0;313.3
OTL;01.01.06 00:00;-0.5;5.6;2.2;-1.7;-1.7;-1.7;20;4.6;0;-0.7;1;0;12.5;978.1;-4.7;3.8;0;552.1;1.2;109;4;0;50.1;72;73;110;8863;111;0;304.1
OTL;01.02.06 00:00;0.7;7;3.4;-1.8;-1.3;-2.4;9;5.3;0;0;0;0;11.7;968.5;-2.9;-4.2;0;464.3;1.2;92;6;0;103.5;160;93;89;7588;83;0;240.3
OTL;01.03.06 00:00;3.1;11.5;6.9;-2.4;-2.3;-2.5;5;5.7;0;-0.7;0;0;19.1;966.6;-2.2;-4.7;0;391.7;1.6;100;6;0;47.2;50;158;100;12060;100;0;159.7
OTL;01.04.06 00:00;8.8;17.8;12.9;0.3;0.3;0.3;0;8.5;0;0.2;0;0;23.7;969;3.9;-0.5;0;105.7;1.6;94;6;0;114.7;69;207;106;12660;109;0;25.7
OTL;01.05.06 00:00;12.1;21.3;16.6;0.2;-0.1;0.2;0;11.6;6;-0.1;0;0;28.2;972.1;7.8;1.4;0;8.2;1.6;100;8;0;88.9;47;228;100;11940;95;12.6;0.2
OTL;01.06.06 00:00;16.6;27.2;21.5;1.3;0.7;2.1;0;13.7;20;-1.3;0;2;32.3;974.7;9.2;3.4;7;0;1.6;100;4;0;32.6;17;285;108;16140;113;104.6;0
OTL;01.07.06 00:00;19.6;30.2;24.4;2.1;1.8;2.7;0;18.3;29;1.7;0;17;34.4;974.7;15.6;3.5;18;0;1.4;88;6;0;138.3;85;282;105;18180;113;189.2;0
OTL;01.08.06 00:00;15.2;25;19.8;-2;-2.3;-1.9;0;13.4;15;-3.6;0;1;30.8;967.7;11.4;-4;3;0;1.6;107;11;0;306.6;145;218;95;13800;92;57.1;0
OTL;01.09.06 00:00;15.4;23.5;19;1.4;1.4;1.4;0;16;7;2;0;0;30.8;973;12.2;0.6;1;0;1;77;10;0;220.5;109;165;98;11856;100;38;0
OTL;01.10.06 00:00;11.5;18.4;14.5;1.6;1.6;1.7;0;12.7;1;1.5;0;0;25.1;973.8;8.4;0.7;0;17.7;1;83;6;0;221.9;106;104;100;9603;106;0;1.7
OTL;01.11.06 00:00;6.5;12.9;9.2;1.3;1.1;1.7;0;7.8;0;0;0;0;21.5;976.6;1.7;4.4;0;310.2;1;91;7;0;84.8;41;66;102;7354;109;0;86.2
OTL;01.12.06 00:00;2.6;8.3;5;0.6;0.6;0.7;6;6.4;0;0.7;0;0;12.4;981.8;-1;7.8;0;464.9;0.9;90;7;0;219.9;248;60;110;8768;123;0;216.9
OTL;01.01.07 00:00;3.1;10;6.4;2.5;1.9;2.7;2;6.1;0;0.8;0;0;24;976;-3;1.7;0;403.1;1.2;109;4;0;74;106;68;102;8503;106;0;179.1
OTL;01.02.07 00:00;3.8;11.4;7.3;2.1;1.8;2;0;6.3;0;1;0;0;19.5;969.4;1.1;-3.3;0;354.5;1.2;92;2;0;31.6;49;92;88;7460;81;0;130.5
OTL;01.03.07 00:00;6.3;14.8;10.2;0.9;0.9;0.8;0;6.1;0;-0.3;0;0;19.7;969.3;1.7;-2;0;250;1.7;106;8;0;73.5;77;173;109;12011;99;0;66
OTL;01.04.07 00:00;12.1;22;16.7;4.1;3.6;4.5;0;10.5;7;2.2;0;0;26.5;972.7;6.6;3.2;0;28.8;1.7;100;5;0;30.3;18;260;134;15866;136;10.8;4.8
OTL;01.05.07 00:00;13.1;22.2;17.4;1;0.9;1.1;0;11.6;11;-0.1;0;0;30.2;967.4;7.8;-3.3;2;43.3;1.7;106;10;0;220.8;116;218;95;12448;99;37.6;3.3
OTL;01.06.07 00:00;15.5;24.2;19.5;-0.7;-0.4;-0.9;0;16.2;15;1.2;0;0;29;969.4;10.8;-1.9;0;8.1;1.4;88;15;0;299.5;160;241;91;12057;85;48.4;0.1
OTL;01.07.07 00:00;17;27.5;22.1;-0.2;-0.8;0;0;14.3;26;-2.3;0;3;32;970.6;13.1;-0.6;10;0;1.6;100;7;0;111.4;68;289;108;18782;117;122.3;0
OTL;01.08.07 00:00;16.1;25.1;20.1;-1.7;-1.4;-1.8;0;15.9;20;-1.1;0;1;29.5;970.4;11;-1.3;0;0;1.4;93;14;0;321.7;152;207;90;12609;84;74;0
OTL;01.09.07 00:00;12.7;21.5;16.8;-0.8;-1.3;-0.6;0;11.8;3;-2.2;0;0;27.5;973.5;7.8;1.1;0;39.2;1.4;108;8;0;198.9;98;186;110;14193;119;14.8;7.2
OTL;01.10.07 00:00;10.1;17.6;13.4;0.5;0.2;0.9;0;10.8;0;-0.4;0;0;23.5;975.9;4.4;2.8;0;98.2;1.3;108;3;0;11.1;5;131;126;12100;133;0;18.2
OTL;01.11.07 00:00;4.4;11.5;7.6;-0.3;-1;0.3;4;6;0;-1.8;0;0;19.3;973;-1.4;0.8;0;351.4;1.3;118;4;0;116.9;56;81;126;9504;141;0;135.4
OTL;01.12.07 00:00;1.9;8.1;4.6;0.2;-0.1;0.5;6;5;0;-0.7;0;0;14.5;977.8;-3.3;3.8;0;476.9;1;100;1;0;14.1;16;66;122;9722;137;0;228.9
OTL;01.01.08 00:00;2;8.1;4.8;0.9;0.8;0.8;6;6;0;0.7;0;0;20.7;977.8;-0.7;3.5;0;460.2;0.9;82;8;0;161.5;232;61;92;7532;94;0;228.2
OTL;01.02.08 00:00;2.6;10.3;6;0.8;0.6;0.9;4;6.1;0;0.8;0;0;15;982;-2.6;9.3;0;405.2;1.1;85;3;0;39.5;61;114;109;11458;125;0;173.2
OTL;01.03.08 00:00;5;14.3;9.3;0;-0.4;0.3;1;5.7;0;-0.7;0;0;23.7;963.1;-0.3;-8.2;0;279.3;1.9;119;6;0;88;93;170;107;12991;107;0;95.3
OTL;01.04.08 00:00;7.6;15.5;11.2;-1.4;-0.9;-2;0;7.8;0;-0.5;0;0;23.2;966.5;4.3;-3;0;203.1;1.8;106;13;0;243.4;146;169;87;9924;85;0;51.1
OTL;01.05.08 00:00;12.4;20.4;16;-0.4;0.2;-0.7;0;12.8;1;1.1;0;0;25.2;970.8;6.1;0.1;0;0;1.5;94;17;0;287.4;152;213;93;11117;88;3.3;0
OTL;01.06.08 00:00;16;24.5;19.8;-0.4;0.1;-0.6;0;16.4;15;1.4;0;5;31.1;971.2;11.3;-0.1;4;0;1.3;81;13;0;136.6;73;246;93;12666;89;74.1;0
OTL;01.07.08 00:00;16.8;26;21.2;-1.1;-1;-1.5;0;16.1;23;-0.5;0;0;29.9;971;12.3;-0.2;0;0;1.6;100;9;0;284.9;175;259;97;15814;98;92.3;0
OTL;01.08.08 00:00;17.1;26.5;21.4;-0.4;-0.4;-0.4;0;16.6;24;-0.4;0;2;31.2;970.7;13.6;-1;1;0;1.3;87;9;0;93.3;44;227;99;15275;102;98.5;0
OTL;01.09.08 00:00;12.4;20.4;16;-1.6;-1.6;-1.7;0;13.7;3;-0.3;0;0;25.9;972.2;8.1;-0.2;0;8.1;1.3;100;11;0;351.9;173;162;96;11358;96;9.9;0.1
OTL;01.10.08 00:00;9.9;17.3;13.1;0.2;0;0.6;0;11.4;0;0.2;0;0;22.1;974.2;4.9;1.1;0;96.9;1.1;92;9;0;218.5;104;105;101;9373;103;0;16.9
OTL;01.11.08 00:00;4.8;10.5;7.4;-0.5;-0.6;-0.7;6;8.2;0;0.4;0;0;18.1;971.4;-0.7;-0.8;0;365.4;1;91;12;0;269.6;130;56;87;5042;75;0;141.4
OTL;01.12.08 00:00;1.4;6.5;3.8;-0.6;-0.6;-1.1;9;6;0;0.3;1;0;20.5;972.7;-5.2;-1.3;0;496.6;1;100;12;0;172.5;195;43;79;5571;78;0;256.6
OTL;01.01.09 00:00;0.2;5.5;2.6;-1.3;-1;-1.8;13;5.5;0;0.2;0;0;9.6;969.1;-3.3;-5.2;0;540.6;0.8;73;5;0;29.8;43;59;89;6548;82;0;292.6
OTL;01.02.09 00:00;1.4;9;4.8;-0.4;-0.6;-0.4;6;4.8;0;-0.5;0;0;15.4;967.7;-2.5;-5;0;427;1.4;108;5;0;121.2;188;110;105;10076;110;0;203
OTL;01.03.09 00:00;5;14.3;9.3;0;-0.4;0.3;0;5.8;0;-0.6;0;0;22.6;967.9;0.4;-3.4;0;305.5;1.6;100;8;0;141.3;149;164;103;12963;107;0;89.5
OTL;01.04.09 00:00;8.6;17.6;12.7;0.1;0.1;0.1;0;9.3;1;1;0;0;25;970.2;4.2;0.7;0;132;1.3;76;11;0;312.2;188;173;89;9465;81;0;28
OTL;01.05.09 00:00;14;24.1;18.7;2.3;1.8;3;0;11.9;12;0.2;0;0;31.1;974.1;9.3;3.4;2;0;1.5;94;5;0;49;26;254;111;14982;119;39.3;0
OTL;01.06.09 00:00;15.5;25.5;20.2;0;-0.4;0.4;0;13.9;20;-1.1;0;0;29.9;969.7;10.6;-1.6;0;0;1.6;100;8;0;304.7;163;277;105;15412;108;75.3;0
OTL;01.07.09 00:00;17;27.3;21.9;-0.4;-0.8;-0.2;0;16.2;26;-0.4;0;1;31.2;972;11;0.8;3;0;1.5;94;10;0;349.6;215;274;102;16516;103;112.2;0
OTL;01.08.09 00:00;18.3;27.5;22.6;0.8;0.8;0.6;0;18.3;26;1.3;0;6;31.2;973.4;14.9;1.7;4;0;1.3;87;9;0;201.4;95;245;107;17127;115;135.1;0
OTL;01.09.09 00:00;14.9;23.2;18.5;0.9;0.9;1.1;0;15.3;7;1.3;0;0;27.2;974.7;11.7;2.3;0;0;1.1;85;7;0;120.5;59;182;108;13935;117;23.8;0
OTL;01.10.09 00:00;9.6;17.2;13;0.1;-0.3;0.5;0;10;0;-1.2;0;0;24.6;972.4;3.2;-0.7;0;142.7;1.3;108;5;0;148.7;71;122;117;11485;126;2;30.7
OTL;01.11.09 00:00;5.9;11.3;8.3;0.4;0.5;0.1;0;8.8;0;1;0;0;16;970.1;3;-2.1;0;350.9;0.9;82;8;0;197.6;95;61;95;5891;87;0;110.9
OTL;01.12.09 00:00;0.8;6.3;3.1;-1.3;-1.2;-1.3;11;5.2;0;-0.5;0;0;14.7;964.7;-5.6;-9.3;0;523.1;1;100;10;0;130;147;51;94;5734;81;0;275.1
OTL;01.01.10 00:00;-0.8;4.5;1.5;-2.4;-2;-2.8;20;4.9;0;-0.4;0;0;11.9;967.8;-3.9;-6.5;0;572.5;1;91;3;0;47.6;68;61;92;5981;75;0;324.5
OTL;01.02.10 00:00;1.1;7.4;3.9;-1.3;-0.9;-2;10;5.4;0;0.1;0;0;12.3;962;-3.2;-10.7;0;452.2;1.2;92;10;0;77.2;120;90;86;6600;72;0;228.2
OTL;01.03.10 00:00;4.1;11.7;7.6;-1.7;-1.3;-2.3;3;6.5;0;0.1;0;0;17.8;972.1;-2.3;0.8;0;364.2;1.4;88;8;0;154;162;137;86;9366;77;0;140.2
OTL;01.04.10 00:00;8;17.7;12.5;-0.1;-0.5;0.2;0;8.3;0;0;0;0;24.3;972.9;2;3.4;0;156.6;1.5;88;9;0;104.3;63;206;106;13360;115;0.1;44.6
OTL;01.05.10 00:00;11.2;19.2;14.8;-1.6;-1;-1.9;0;10.8;6;-0.9;0;0;27.4;967.6;5.8;-3.1;0;117.2;1.5;94;15;0;406.6;214;203;89;11106;88;10.8;13.2
OTL;01.06.10 00:00;16.1;24.2;19.9;-0.3;0.2;-0.9;0;15.2;13;0.2;0;0;29.3;969.1;12.3;-2.2;0;0;1.5;94;13;0;226.2;121;233;88;12165;85;60.5;0
OTL;01.07.10 00:00;19.5;29.5;24.3;2;1.7;2;0;17.1;30;0.5;0;12;32.6;972.1;15.4;0.9;16;0;1.7;106;7;0;68;42;291;109;18548;115;185;0
OTL;01.08.10 00:00;16.6;25.4;20.8;-1;-0.9;-1.5;0;16.2;20;-0.8;0;3;30.5;970.7;11.6;-1;1;0;1.4;93;10;0;221.6;105;222;97;13959;94;87.3;0
OTL;01.09.10 00:00;12.9;21.8;17;-0.6;-1.1;-0.3;0;12.9;3;-1.1;0;0;25.8;970.6;7.4;-1.8;0;8;1.4;108;8;0;114.4;56;184;109;13467;113;8.6;0
OTL;01.10.10 00:00;8.6;15;11.4;-1.5;-1.3;-1.7;0;10.4;0;-0.8;0;0;21.5;970.9;2.9;-2.2;0;189.9;1.1;92;7;0;200.4;96;95;91;8000;88;0;45.9
OTL;01.11.10 00:00;4.7;9.8;7;-0.9;-0.7;-1.4;3;8.3;0;0.5;0;0;15.8;964.4;-1.5;-7.8;0;391.2;1;91;17;0;280.7;135;55;85;5490;81;0;151.2
OTL;01.12.10 00:00;-0.2;5;2;-2.4;-2.2;-2.6;19;4.7;0;-1;2;0;13.6;967.3;-5.4;-6.7;0;556.7;1.2;120;10;0;118.8;134;49;90;6354;89;0;308.7
OTL;01.01.11 00:00;0.6;6.6;3.2;-0.7;-0.6;-0.7;11;5.5;0;0.2;0;0;13.6;974.7;-3.8;0.4;0;519.7;0.9;82;4;0;46.4;67;62;93;7570;94;0;271.7
OTL;01.02.11 00:00;3.1;10.4;6.3;1.1;1.1;1;0;5.8;0;0.5;0;0;18.6;972.5;0;-0.2;0;375.4;1;77;3;0;51.3;80;103;98;9012;98;0;159.4
OTL;01.03.11 00:00;5.2;13.2;8.9;-0.4;-0.2;-0.8;1;7.4;0;1;0;0;20.2;976.2;-0.2;4.9;0;307.1;1.4;88;8;0;97.7;103;145;91;11136;92;0;107.1
OTL;01.04.11 00:00;11.5;21.7;16.1;3.5;3;4.2;0;8.4;4;0.1;0;0;31.8;972.6;6.5;3.1;1;34.5;1.8;106;4;0;34.3;21;237;122;16373;140;16.3;2.5
OTL;01.05.11 00:00;13.3;23.8;18.3;1.9;1.1;2.7;0;11.5;11;-0.2;0;0;29;973.8;8.9;3.1;0;0;1.7;106;9;0;77.8;41;272;119;17004;135;31.8;0
OTL;01.06.11 00:00;15.4;23.8;19.3;-0.9;-0.5;-1.3;0;15.7;11;0.7;0;0;30.9;971.9;11.9;0.6;2;0;1.3;81;17;0;244;131;229;87;11482;80;49.7;0
OTL;01.07.11 00:00;15.9;25;20.1;-2.2;-1.9;-2.5;0;15.1;17;-1.5;0;1;29.6;968.1;11.4;-3.1;0;0;1.6;100;10;0;382.6;235;240;89;13892;86;63.9;0
OTL;01.08.11 00:00;17.8;27.7;22.4;0.6;0.3;0.8;0;17.1;28;0.1;0;8;32.5;971.8;14.1;0.1;8;0;1.3;87;6;0;212.4;100;242;105;16892;113;128.6;0
OTL;01.09.11 00:00;15.6;25.1;19.9;2.3;1.6;3;0;16;15;2;0;0;29.5;973.6;10.4;1.2;0;0;1.2;92;6;0;118.4;58;184;109;14277;120;55.4;0
OTL;01.10.11 00:00;9.3;18;13.1;0.2;-0.6;1.3;0;10;7;-1.2;0;0;27;976.8;3.1;3.7;0;180.9;1.3;108;5;0;70;33;131;126;12597;138;9.6;36.9
OTL;01.11.11 00:00;5.5;11.7;8;0.1;0.1;0.5;0;8.3;0;0.5;0;0;15.2;978.7;1.8;6.5;0;359.6;0.8;73;6;0;226.5;109;72;112;8701;129;0;119.6
OTL;01.12.11 00:00;2.8;9.1;5.5;1.1;0.8;1.5;2;5.6;0;-0.1;0;0;15.5;973.5;-0.9;-0.5;0;448.9;1.1;110;4;0;16.9;19;55;101;6904;97;0;200.9
OTL;01.01.12 00:00;1.5;8.5;4.5;0.6;0.3;1.2;10;5.1;0;-0.2;1;0;17;975.8;-3.7;1.5;0;480;1.2;109;6;0;72.5;104;68;102;8420;105;0;232
OTL;01.02.12 00:00;-0.6;7.7;3.1;-2.1;-2.6;-1.7;16;4.3;0;-1;6;0;24.5;974.7;-9.5;2;0;464.1;1.4;108;1;0;3.3;5;117;112;10643;116;0;264.1
OTL;01.03.12 00:00;7.9;17.7;12.4;3.1;2.5;3.7;0;6.9;3;0.5;0;0;25.6;978.9;1.9;7.6;0;147.9;1.6;100;5;0;126.5;133;172;109;14438;119;1.7;43.9
OTL;01.04.12 00:00;7.2;15.2;10.8;-1.8;-1.3;-2.3;0;8.9;1;0.6;0;0;26.3;963.2;2;-6.3;0;228.1;1.4;82;18;0;260.4;157;160;82;8079;69;1.5;60.1
OTL;01.05.12 00:00;11.9;21.2;16.2;-0.2;-0.3;0.1;0;11.4;8;-0.3;0;0;28.9;971.2;6.9;0.5;0;36.7;1.7;106;10;0;190.2;100;236;103;13699;109;27.5;4.7
OTL;01.06.12 00:00;16.7;25.8;21;0.8;0.8;0.7;0;16.2;19;1.2;0;4;30.8;970.5;11.7;-0.8;4;0;1.4;88;10;0;142.9;76;254;96;13519;95;94;0
OTL;01.07.12 00:00;17.8;28.1;22.5;0.2;0;0.6;0;16.3;30;-0.3;0;2;32.1;970.7;14.6;-0.5;5;0;1.6;100;14;0;140.1;86;274;102;16405;102;129.6;0
OTL;01.08.12 00:00;18.4;28.6;23;1.2;0.9;1.7;0;17.8;28;0.8;0;7;33.9;972.9;12.9;1.2;12;0;1.3;87;11;0;153.7;73;231;101;15099;101;148.1;0
OTL;01.09.12 00:00;14.2;22.5;17.9;0.3;0.2;0.4;0;13.8;7;-0.2;0;0;27.7;972.1;11.1;-0.3;0;0;1.3;100;11;0;234.7;116;161;95;11359;96;20.3;0
OTL;01.10.12 00:00;9.9;16.9;13;0.1;0;0.2;0;11.9;0;0.7;0;0;22.6;969.9;1.2;-3.2;0;121.1;1.2;100;11;0;205.9;98;104;100;8807;97;0;33.1
OTL;01.11.12 00:00;6.1;12.2;8.7;0.8;0.7;1;0;8.5;0;0.7;0;0;19.1;970.8;2.5;-1.4;0;330.5;0.9;82;11;0;288.6;139;67;104;6797;101;0;98.5
OTL;01.12.12 00:00;1;7;3.6;-0.8;-1;-0.6;7;5.1;0;-0.6;1;0;13.4;971.3;-2.9;-2.7;0;507.7;1.1;110;4;0;44.1;50;57;105;7800;110;0;259.7
OTL;01.01.13 00:00;2.1;8.5;4.9;1;0.9;1.2;7;5.2;0;-0.1;0;0;22.6;968;-1.5;-6.3;0;453;1.3;118;3;0;24;34;67;101;8004;100;0;229
OTL;01.02.13 00:00;0.4;7.8;3.6;-1.6;-1.6;-1.6;13;4.4;0;-0.9;1;0;12.4;966.9;-3.6;-5.8;0;458.3;1.5;115;5;0;26.3;41;105;100;8513;93;0;234.3
OTL;01.03.13 00:00;3.4;10.1;6.4;-2.9;-2;-3.9;3;6.4;0;0;0;0;16.3;963;-1.1;-8.3;0;421.4;1.3;81;10;0;98.6;104;131;83;9303;77;0;173.4
OTL;01.04.13 00:00;8.3;16.3;12;-0.6;-0.2;-1.2;0;9.9;0;1.6;0;0;24.4;970.4;2.7;0.9;0;183.5;1.5;88;13;0;347.3;209;166;85;9917;85;1.7;47.5
OTL;01.05.13 00:00;10.3;18.6;14.1;-2.3;-1.9;-2.5;0;10.3;0;-1.4;0;0;23.9;966.9;6.1;-3.8;0;75.4;1.7;106;16;0;300.5;158;199;87;9609;76;0;11.4
OTL;01.06.13 00:00;15.7;25.4;20.2;0;-0.2;0.3;0;13.5;20;-1.5;0;2;31.5;972.1;10.3;0.8;2;0;1.7;106;5;0;52.6;28;291;110;16072;113;69.9;0
OTL;01.07.13 00:00;18.3;29.1;23.3;1;0.5;1.6;0;17.4;30;0.8;0;5;33.5;974.3;14.5;3.1;11;0;1.6;100;12;0;113.6;70;286;107;17825;111;154.9;0
OTL;01.08.13 00:00;17.8;27.7;22.3;0.5;0.3;0.8;0;16.1;27;-0.9;0;4;32.8;973.1;13.9;1.4;6;0;1.4;93;7;0;72.9;34;250;109;16688;112;124.6;0
OTL;01.09.13 00:00;14.5;23.2;18.4;0.8;0.5;1.1;0;13.8;10;-0.2;0;0;29.3;971.5;10.2;-0.9;0;0;1.3;100;8;0;221.8;109;182;108;13489;114;34.5;0
OTL;01.10.13 00:00;11;16;13.2;0.3;1.1;-0.7;0;12.9;0;1.7;0;0;20.1;975.2;4.3;2.1;0;62.4;1.2;100;15;0;287.6;137;74;71;4361;48;0;14.4
OTL;01.11.13 00:00;5.3;11.2;8;0.1;-0.1;0;2;7.8;0;0;0;0;17.3;969.7;-1.2;-2.5;0;343.4;1.3;118;15;0;146.3;70;61;95;6111;91;0;119.4
OTL;01.12.13 00:00;2.9;9;5.6;1.2;0.9;1.4;2;5.7;0;0;0;0;17;979.2;-0.8;5.2;0;445.9;0.9;90;8;0;255.8;289;57;105;8343;117;0;197.9
OTL;01.01.14 00:00;2.1;7.5;4.5;0.6;0.9;0.2;5;6.2;0;0.9;0;0;14.8;968.6;-1.3;-5.7;0;481.4;0.9;82;14;0;212.7;306;53;80;5487;68;0;233.4
OTL;01.02.14 00:00;2.7;8.6;5.3;0.1;0.7;-0.8;1;6.8;0;1.5;0;0;14.5;968.8;-0.2;-3.9;0;412.4;0.9;69;16;0;285.7;443;74;71;5496;60;0;188.4
OTL;01.03.14 00:00;6.3;16.1;10.8;1.5;0.9;2.1;0;6.8;2;0.4;0;0;26.3;971.6;0;0.3;0;216.9;1.4;88;7;0;125.1;132;167;105;13397;111;0;64.9
OTL;01.04.14 00:00;9.9;18.9;14;1.4;1.4;1.4;0;8.9;0;0.6;0;0;24.9;968.8;2.9;-0.7;0;68.8;1.7;100;8;0;132.9;80;207;106;12706;109;0;12.8
OTL;01.05.14 00:00;11.7;21.4;16.2;-0.2;-0.5;0.3;0;10.1;1;-1.6;0;0;26.1;970.7;8;0;0;9.3;1.8;113;7;0;82.8;44;257;112;14211;113;2.4;1.3
OTL;01.06.14 00:00;15.8;25.7;20.3;0.1;-0.1;0.6;0;14.9;17;-0.1;0;1;32.2;971.9;11.6;0.6;6;0;1.6;100;16;0;159.3;85;274;104;15118;106;71.5;0
OTL;01.07.14 00:00;16;24.7;20.2;-2.1;-1.8;-2.8;0;17.1;16;0.5;0;1;30.1;970;11.7;-1.2;1;0;1.4;88;14;0;269;165;223;83;11374;71;67.1;0
OTL;01.08.14 00:00;16;23.8;19.6;-2.2;-1.5;-3.1;0;16.7;13;-0.3;0;0;28.8;970.4;12.8;-1.3;0;0;1.4;93;13;0;347.7;164;203;88;11195;75;46.4;0
OTL;01.09.14 00:00;14.4;22.5;18;0.4;0.4;0.4;0;14.3;6;0.3;0;0;26.7;973.2;10.8;0.8;0;0;1.3;100;9;0;60.1;30;174;103;11911;100;15.9;0
OTL;01.10.14 00:00;11.9;18;14.5;1.6;2;1.3;0;13.2;0;2;0;0;22.6;974.8;5.9;1.7;0;73.3;1.3;108;10;0;326.9;156;104;100;8714;96;0;9.3
OTL;01.11.14 00:00;7.3;12;9.3;1.4;1.9;0.8;0;10.1;0;2.3;0;0;17.2;970.4;4;-1.8;0;313;1;91;20;0;732.6;353;48;75;4522;67;0;81
OTL;01.12.14 00:00;4.2;9.4;6.6;2.2;2.2;1.8;3;6.9;0;1.2;0;0;14.1;974.2;-1.3;0.2;0;416.5;1.1;110;8;0;46.6;53;52;96;6154;86;0;168.5
OTL;01.01.15 00:00;2.3;9;5.2;1.3;1.1;1.7;5;5.2;0;-0.1;0;0;20.5;972.9;-1.7;-1.4;0;452;1.2;109;6;0;126.7;182;64;96;7555;94;0;212
OTL;01.02.15 00:00;1.6;8.6;4.9;-0.3;-0.4;-0.8;4;5.3;0;0;0;0;14.4;970.1;-1.1;-2.6;0;424.1;1.2;92;6;0;130;202;90;86;7308;80;0;200.1
OTL;01.03.15 00:00;6;13.8;9.5;0.2;0.6;-0.2;0;6.7;0;0.3;0;0;22.8;974.4;2.3;3.1;0;284.8;1.4;88;9;0;50.9;54;142;90;10629;88;0;84.8
OTL;01.04.15 00:00;9.5;19.2;14;1.4;1;1.7;0;7.4;2;-0.9;0;0;25.7;974.5;3.8;5;0;84.3;2;118;6;0;113.8;68;222;114;15073;129;2;12.3
OTL;01.05.15 00:00;12.7;22;17;0.6;0.5;0.9;0;12.2;4;0.5;0;0;26.3;971.2;8.1;0.5;0;17.7;1.7;106;11;0;230.4;122;221;97;12539;100;13.2;1.7
OTL;01.06.15 00:00;16.7;26.4;21.1;0.9;0.8;1.3;0;15.5;20;0.5;0;1;31.5;973.8;12.8;2.5;4;0;1.5;94;7;0;83.1;44;279;106;15545;109;87.3;0
OTL;01.07.15 00:00;20.9;31.6;25.8;3.5;3.1;4.1;0;18.6;30;2;0;22;36.8;971.7;17.8;0.5;23;0;1.7;106;8;2;51.4;32;287;107;18492;115;233.5;0
OTL;01.08.15 00:00;17.9;27.6;22.3;0.5;0.4;0.7;0;17.7;23;0.7;0;6;34.9;972.9;14.4;1.2;11;0;1.5;100;8;0;130.3;62;220;96;14851;100;126.6;0
OTL;01.09.15 00:00;13.5;21;16.7;-0.9;-0.5;-1.1;0;13.5;2;-0.5;0;0;26.5;972.6;9.6;0.2;0;0;1.5;115;17;0;219.4;108;146;87;9267;78;6.5;0
OTL;01.10.15 00:00;9.5;16.3;12.4;-0.5;-0.4;-0.4;0;11.4;0;0.2;0;0;21;973.3;6.4;0.2;0;114.2;1.1;92;12;0;207.7;99;113;108;10526;116;0;18.2
OTL;01.11.15 00:00;6.8;14.3;10.1;2.2;1.4;3.1;0;7.6;0;-0.2;0;0;20.6;976.3;0.1;4.1;0;228;1;91;0;0;0.5;0;91;141;11104;165;0;76
OTL;01.12.15 00:00;4.1;10.3;6.7;2.3;2.1;2.7;0;6.2;0;0.5;0;0;19.5;986;1.9;12;0;412.6;0.7;70;0;0;0.3;0;67;123;10015;141;0;164.6
OTL;01.01.16 00:00;1.7;7.8;4.3;0.4;0.5;0.5;7;5.4;0;0.1;0;0;14.1;972.1;-2.9;-2.2;0;486.8;1.1;100;5;0;27.9;40;66;99;7736;97;0;238.8
OTL;01.02.16 00:00;3.6;10.1;6.4;1.2;1.6;0.7;0;6.5;0;1.2;0;0;19.7;969.1;0.2;-3.6;0;394.4;1.3;100;10;0;147.3;228;80;76;6233;68;0;162.4
OTL;01.03.16 00:00;5;13.6;8.8;-0.5;-0.4;-0.4;1;6.4;0;0;0;0;19.3;968.3;-0.2;-3;0;322.6;1.5;94;10;0;137.6;145;163;103;12517;103;0;98.6
OTL;01.04.16 00:00;9.1;17.2;12.8;0.2;0.6;-0.3;0;9.4;0;1.1;0;0;22.8;968.4;5.7;-1.1;0;109.6;1.7;100;15;0;230.8;139;178;91;9324;80;0;13.6
OTL;01.05.16 00:00;11.5;20;15.5;-0.9;-0.7;-1.1;0;10.6;1;-1.1;0;0;25.5;969.4;6;-1.3;0;27.5;1.6;100;13;0;250.2;132;208;91;10977;87;5.8;3.5
OTL;01.06.16 00:00;15.2;24.4;19.4;-0.8;-0.7;-0.7;0;15.4;12;0.4;0;1;31.1;970.4;11.1;-0.9;2;0;1.6;100;15;0;228;122;259;98;12608;88;53.2;0
OTL;01.07.16 00:00;18.3;27.8;22.7;0.4;0.5;0.3;0;17.4;28;0.8;0;4;31.8;973.1;14.4;1.9;7;0;1.5;94;11;0;78.5;48;269;100;16504;103;137.7;0
OTL;01.08.16 00:00;17.8;27.2;22.1;0.3;0.3;0.3;0;16.9;28;-0.1;0;2;30.8;975;14.4;3.3;1;0;1.6;107;4;0;129.5;61;251;109;17271;116;119;0
OTL;01.09.16 00:00;16.2;25.4;20.3;2.7;2.2;3.3;0;15.3;15;1.3;0;1;29.5;974.7;12.3;2.3;0;0;1.4;108;7;0;67.1;33;194;115;14268;120;68.1;0
OTL;01.10.16 00:00;9.1;15.7;11.9;-1;-0.8;-1;0;10.7;0;-0.5;0;0;23.2;975.4;4.8;2.3;0;149.6;1.1;92;12;0;104.2;50;104;100;8990;99;0;29.6
OTL;01.11.16 00:00;5.7;10.7;8;0.1;0.3;-0.5;0;8.3;0;0.5;0;0;18.3;972.8;0.3;0.6;0;353.4;1.3;118;13;0;215.4;104;56;87;4840;72;0;121.4
OTL;01.12.16 00:00;3.8;10;6.4;2;1.8;2.4;1;5.8;0;0.1;0;0;18.6;984;-0.2;10;0;407;0.9;90;1;0;3.4;4;64;118;9684;136;0;175
OTL;01.01.17 00:00;-0.8;6.2;2.2;-1.7;-2;-1.1;21;3.9;0;-1.4;0;0;13.6;976.7;-3.5;2.4;0;552.6;1.3;118;2;0;5.5;8;76;114;9755;122;0;304.6
OTL;01.02.17 00:00;3.5;9.7;6.4;1.2;1.5;0.3;0;6.7;0;1.4;0;0;15.2;974.8;1;2.1;0;382;1.1;85;8;0;92.7;144;83;79;6320;69;0;158
OTL;01.03.17 00:00;7.6;16.3;11.7;2.4;2.2;2.3;0;7.5;0;1.1;0;0;24.6;973.1;3.2;1.8;0;182.7;1.5;94;8;0;156.4;165;150;95;11776;97;0;46.7
OTL;01.04.17 00:00;9;19.1;13.8;1.2;0.5;1.6;0;7.7;1;-0.6;0;0;25.7;972.3;1.8;2.8;0;99.5;2;118;7;0;155.7;94;230;118;15732;135;0;19.5
OTL;01.05.17 00:00;12.8;22.3;17.3;0.9;0.6;1.2;0;11.8;12;0.1;0;1;30;972.6;4.4;1.9;1;60.6;1.6;100;9;0;142.6;75;258;113;15407;122;48.2;12.6
OTL;01.06.17 00:00;17.6;26.9;22.1;1.9;1.7;1.8;0;16.9;21;1.9;0;9;32.7;971.4;11.3;0.1;7;0;1.7;106;12;0;312.5;167;277;105;16096;113;124.1;0
OTL;01.07.17 00:00;18.2;28.1;22.8;0.5;0.4;0.6;0;16.3;30;-0.3;0;6;31.4;971.9;11.9;0.7;4;0;1.6;100;7;0;46.1;28;286;107;17210;107;142.8;0
OTL;01.08.17 00:00;18.1;27.9;22.7;0.9;0.6;1;0;17.4;26;0.4;0;9;34.5;973.7;13.1;2;6;0;1.4;93;8;0;380.6;180;223;97;14639;98;139.2;0
OTL;01.09.17 00:00;12.4;20.9;16.3;-1.3;-1.6;-1.2;0;12.1;2;-1.9;0;0;26.3;971.8;8.4;-0.6;0;0;1.5;115;9;0;151.4;75;167;99;11117;94;6.6;0
OTL;01.10.17 00:00;10.8;19.8;14.8;1.9;0.9;3.1;0;9.7;1;-1.5;0;0;25.1;976.7;8.3;3.6;0;8.7;1.3;108;0;0;0.5;0;141;135;13904;153;0;0.7
OTL;01.11.17 00:00;5.1;11.7;7.9;0;-0.3;0.5;0;6.5;0;-1.3;0;0;16.5;972;0.4;-0.2;0;362.5;1.2;109;7;0;117.3;56;75;116;8072;120;0;122.5
OTL;01.12.17 00:00;0.7;6.5;3.2;-1.2;-1.3;-1.1;11;4.8;0;-0.9;0;0;13.9;973.1;-2.4;-0.9;0;520;1.1;110;5;0;124.2;140;57;105;7609;107;0;272
OTL;01.01.18 00:00;3.1;8.5;5.3;1.4;1.9;1.2;0;7;0;1.7;0;0;13.7;973.7;0.4;-0.6;0;455.3;1;91;12;0;94.6;136;55;83;6030;75;0;207.3
OTL;01.02.18 00:00;0.6;7.2;3.3;-1.9;-1.4;-2.2;6;4.9;0;-0.4;0;0;11.6;968.2;-7.5;-4.5;0;467.4;1.5;115;5;0;13.1;20;96;92;7625;83;0;243.4
OTL;01.03.18 00:00;3.7;10.8;6.9;-2.4;-1.7;-3.2;3;6.8;0;0.4;0;0;17.4;961.2;-3.8;-10.1;0;406.4;1.4;88;11;0;142.8;150;123;78;8001;66;0;158.4
OTL;01.04.18 00:00;10.3;19.5;14.6;2;1.8;2;0;9.8;7;1.5;0;0;27.6;971.8;4.9;2.3;0;103.6;1.5;88;11;0;142.9;86;196;101;11952;102;14.9;23.6
OTL;01.05.18 00:00;13;21.8;16.8;0.4;0.8;0.7;0;14.1;6;2.4;0;0;27.8;970.9;9.5;0.2;0;9.3;1.5;94;20;0;156;82;220;96;10810;86;13;1.3
OTL;01.06.18 00:00;16.9;26.8;21.7;1.5;1;1.7;0;15.2;24;0.2;0;2;32.5;970.7;14.1;-0.6;4;0;1.6;100;5;0;42.6;23;311;118;17396;122;103.8;0
OTL;01.07.18 00:00;18.9;30.2;24.1;1.8;1.1;2.7;0;17.3;30;0.7;0;9;34.3;970.8;16;-0.4;19;0;1.9;119;7;0;67.5;41;315;117;19210;120;180.2;0
OTL;01.08.18 00:00;18.7;29.3;23.3;1.5;1.2;2.4;0;18;28;1;0;7;35;972.9;13.8;1.2;14;0;1.6;107;12;1;162.2;77;259;113;16692;112;157.7;0
OTL;01.09.18 00:00;15.5;25.2;19.9;2.3;1.5;3.1;0;15.6;20;1.6;0;0;28.8;976.2;9.8;3.8;0;0;1.4;108;5;0;41.3;20;206;122;15108;127;61.5;0
OTL;01.10.18 00:00;11.6;19.3;15.1;2.2;1.7;2.6;0;12.1;1;0.9;0;0;30.5;973.6;7.5;0.5;1;41.9;1.4;117;9;0;367.9;176;109;105;10272;113;4.4;9.9
OTL;01.11.18 00:00;7;10.8;8.7;0.8;1.6;-0.4;0;9.8;0;2;0;0;17.2;974.3;1.5;2.1;0;323.8;0.9;82;14;0;216.8;104;39;61;1982;29;0;99.8
OTL;01.12.18 00:00;2.7;9.4;5.6;1.2;0.7;1.8;4;5.6;0;-0.1;0;0;18.2;976.7;-2;2.7;0;445.6;1.1;110;4;0;17.9;20;65;120;8526;120;0;197.6
OTL;01.01.19 00:00;1.7;9.2;5;1.1;0.5;1.9;8;4;0;-1.3;0;0;17.2;968.4;-2.4;-5.9;0;457.1;1.7;155;2;0;4.8;7;78;117;10020;125;0;217.1
OTL;01.02.19 00:00;3.6;12.2;7.5;2.3;1.6;2.8;1;5.1;0;-0.2;0;0;21.4;978.3;-0.4;5.6;0;332.5;1.2;92;3;0;43.9;68;124;119;11809;129;0;132.5
OTL;01.03.19 00:00;5.8;16.2;10.7;1.4;0.4;2.2;0;5.5;0;-0.9;0;0;22.6;975;2.3;3.7;0;234.6;1.8;113;4;0;67.1;71;186;117;15847;131;0;58.6
OTL;01.04.19 00:00;8.7;17.3;12.7;0.1;0.2;-0.2;0;8.3;0;0;0;0;24.3;969.2;4.2;-0.3;0;126.5;1.8;106;9;0;230.2;138;180;92;9723;83;0;22.5
OTL;01.05.19 00:00;10.7;19.5;14.7;-1.7;-1.5;-1.6;0;9.7;2;-2;0;0;25.3;968.3;5.8;-2.4;0;44;1.9;119;10;0;90.2;48;239;104;13539;107;2.6;4
OTL;01.06.19 00:00;17.8;27.7;22.4;2.2;1.9;2.6;0;16.6;24;1.6;0;6;34.9;973;14;1.7;7;0;1.5;94;10;0;105.4;56;284;108;16313;114;125.4;0
OTL;01.07.19 00:00;19.3;30.2;24.2;1.9;1.5;2.7;0;17.9;30;1.3;0;12;35.5;970.3;13.6;-0.9;17;0;1.6;100;7;1;77.5;48;279;104;16656;104;183;0
OTL;01.08.19 00:00;17.9;26.9;22.1;0.3;0.4;0;0;18.4;25;1.4;0;3;31;973.3;15.1;1.6;1;0;1.3;87;12;0;294.1;139;215;94;13586;91;118.4;0
OTL;01.09.19 00:00;14.8;22.8;18.4;0.8;0.8;0.7;0;14.8;9;0.8;0;0;28.3;974.5;10.3;2.1;0;0;1.2;92;4;0;88;43;173;103;11665;98;35.3;0
OTL;01.10.19 00:00;11.2;17.9;14.2;1.3;1.3;1.2;0;12.5;0;1.3;0;0;24;973.7;8.1;0.6;0;9;1.2;100;12;0;307.6;147;104;100;9004;99;0;1
OTL;01.11.19 00:00;5.3;10.1;7.4;-0.5;-0.1;-1.1;0;8.6;0;0.8;0;0;15.9;963.9;0.9;-8.3;0;379.1;1;91;18;0;369.7;178;46;71;3557;53;0;139.1
OTL;01.12.19 00:00;3.6;9.1;6;1.6;1.6;1.5;1;6.7;0;1;0;0;15.9;972.6;-0.3;-1.4;0;433.8;1;100;9;0;189.4;214;52;96;7306;103;0;185.8
OTL;01.01.20 00:00;2.6;9.7;5.6;1.7;1.4;2.4;1;5;0;-0.3;0;0;15.4;981.7;-0.1;7.4;0;447.4;0.9;82;2;0;3.6;5;79;119;10727;134;0;199.4
OTL;01.02.20 00:00;4.5;13.1;8.3;3.1;2.5;3.7;0;5.4;0;0.1;0;0;23.3;975.6;1.4;2.9;0;319.9;1.5;115;1;0;4.1;6;113;108;10649;116;0;111.9
OTL;01.03.20 00:00;5.3;13.3;9;-0.3;-0.1;-0.7;0;6.7;0;0.3;0;0;19.9;972.2;0.1;0.9;0;285.5;1.7;106;7;0;74.8;79;151;95;11415;94;0;101.5
OTL;01.04.20 00:00;9.6;19.7;14.3;1.7;1.1;2.2;0;8.4;2;0.1;0;0;25.7;973.1;1.8;3.6;0;54.5;1.7;100;6;0;78.1;47;225;116;15334;131;0;14.5
OTL;01.05.20 00:00;13.2;22.5;17.7;1.3;1;1.4;0;12.2;4;0.5;0;0;29.5;972.9;7.4;2.2;0;0;1.8;113;10;0;174.5;92;271;118;15975;127;19.4;0
OTL;01.06.20 00:00;15.4;24.4;19.5;-0.7;-0.5;-0.7;0;14.7;15;-0.3;0;2;31.3;968.9;10.9;-2.4;1;0;1.6;100;12;0;263.9;141;255;97;13037;91;66.4;0
OTL;01.07.20 00:00;18.6;28.8;23.2;0.9;0.8;1.3;0;17.3;28;0.7;0;5;34.1;972.3;15.8;1.1;9;0;1.8;113;6;0;35.6;22;295;110;18543;115;153.2;0
OTL;01.08.20 00:00;18.5;28.9;23;1.2;1;2;0;17.2;27;0.2;0;8;34.4;970.2;12.3;-1.5;14;0;1.7;113;10;0;331.9;157;230;100;15428;103;151;0
OTL;01.09.20 00:00;14.9;23.3;18.8;1.2;0.9;1.2;0;15.6;15;1.6;0;2;27.9;972.8;6.8;0.4;0;17;1.3;100;5;0;87;43;182;108;13467;113;51.6;1
OTL;01.10.20 00:00;9.1;15.9;12;-0.9;-0.8;-0.8;0;10.2;0;-1;0;0;21;970.8;6.2;-2.3;0;171;1.4;117;10;0;370.9;177;101;97;8470;93;0;19
OTL;01.11.20 00:00;6.4;13.3;9.4;1.5;1;2.1;0;8.2;0;0.4;0;0;17.3;980.6;1.4;8.4;0;273.4;0.9;82;1;0;2.1;1;88;137;11174;166;0;81.4
OTL;01.12.20 00:00;2.1;6.3;4.1;-0.3;0.1;-1.3;6;6.6;0;0.9;0;0;10.8;967.2;-1.8;-6.8;0;492.6;0.9;90;12;0;172.7;195;34;63;2925;41;0;244.6
OTL;01.01.21 00:00;0.1;6.2;2.8;-1.1;-1.1;-1.1;14;5.2;0;-0.1;0;0;13.7;967.4;-4.5;-6.9;0;534.3;1.1;100;12;0;115.8;166;63;95;6786;85;0;286.3
OTL;01.02.21 00:00;3.8;10.9;7;1.8;1.8;1.5;5;6.3;0;1;1;0;19.6;976;-4.1;3.3;0;337;1.3;100;6;0;72.9;113;103;98;8437;92;0;145
OTL;01.03.21 00:00;5.1;14.7;9.6;0.3;-0.3;0.7;0;5.4;0;-1;0;0;23;976.1;1.1;4.8;0;288.8;1.9;119;4;0;15.1;16;191;121;15753;130;0;88.8
OTL;01.04.21 00:00;7.1;16.2;11.3;-1.3;-1.4;-1.3;0;6.8;1;-1.5;0;0;26.5;972.2;1.2;2.7;0;207.6;1.9;112;7;0;96.8;58;211;108;13521;116;1.3;55.6
OTL;01.05.21 00:00;10.3;19.9;14.8;-1.6;-1.9;-1.2;0;9.3;0;-2.4;0;0;23.9;969.8;8.1;-0.9;0;25.9;1.9;119;9;0;180.1;95;250;109;13979;111;1.2;1.9
OTL;01.06.21 00:00;17.1;27.5;21.7;1.5;1.2;2.4;0;15.8;26;0.8;0;4;33.7;973.4;13.1;2.1;3;0;1.6;100;9;0;72.6;39;274;104;13711;96;104.1;0
OTL;01.07.21 00:00;17;26.5;21.4;-0.9;-0.8;-1;0;16.8;21;0.2;0;4;33.1;970.7;11.7;-0.5;4;0;1.5;94;15;0;421.6;259;230;86;12647;79;101.2;0
OTL;01.08.21 00:00;17.1;26.2;21.3;-0.5;-0.4;-0.7;0;16.1;21;-0.9;0;3;31.2;971.2;14.1;-0.5;4;0;1.4;93;7;0;177.8;84;245;107;17198;115;96.1;0
OTL;01.09.21 00:00;15.4;23.1;18.9;1.3;1.4;1;0;15.6;10;1.6;0;0;26.6;975.3;10.5;2.9;0;0;1.1;85;11;0;163.5;81;172;102;12099;102;35.1;0
OTL;01.10.21 00:00;8.9;16.5;12.2;-0.7;-1;-0.2;0;10.4;0;-0.8;0;0;21.1;976.5;5.4;3.4;0;149.9;1.1;92;7;0;134.2;64;114;109;10631;117;0;21.9
OTL;01.11.21 00:00;5.2;11.3;7.9;0;-0.2;0.1;0;8.3;0;0.5;0;0;16.5;971.1;0;-1.1;0;355.8;1.1;100;11;0;145.2;70;71;110;7662;114;0;123.8
OTL;01.12.21 00:00;2.5;9.1;5.4;1;0.5;1.5;2;5.5;0;-0.2;0;0;16;971.3;-0.6;-2.7;0;452;1;100;2;0;16;18;61;112;8628;121;0;204
OTL;01.01.22 00:00;2.3;10.6;6;2.1;1.1;3.3;4;4.4;0;-0.9;0;0;20.5;978.1;-1;3.8;0;433.5;1.3;118;1;0;8.2;12;83;125;11509;144;0;185.5
OTL;01.02.22 00:00;3.6;12.5;7.6;2.4;1.6;3.1;2;4.7;0;-0.6;0;0;17.9;976;-0.2;3.3;0;348;1.6;123;2;0;15.5;24;128;122;12312;134;0;124
OTL;01.03.22 00:00;4.9;13.2;8.8;-0.5;-0.5;-0.8;1;5.3;0;-1.1;0;0;21.2;979.3;-0.3;8;0;311.4;1.6;100;3;0;9.6;10;162;102;12772;106;0;111.4
OTL;01.04.22 00:00;8.1;17.7;12.6;0;-0.4;0.2;0;7.5;1;-0.8;0;0;27.1;968.5;3.1;-1;0;140.6;2;118;5;0;102.8;62;219;113;13925;119;0.5;28.6
OTL;01.05.22 00:00;14.3;23.4;18.5;2.1;2.1;2.3;0;13.8;16;2.1;0;0;28.9;973.5;8.8;2.8;0;8.2;1.7;106;11;0;91.3;48;249;109;14343;114;54.8;0.2
OTL;01.06.22 00:00;17.4;27.2;22.1;1.9;1.5;2.1;0;16.1;23;1.1;0;6;31.3;972.4;12.9;1.1;6;0;1.5;94;10;0;261;140;268;102;15826;111;114.8;0
OTL;01.07.22 00:00;19.8;30.6;24.9;2.6;2;3.1;0;16.9;30;0.3;0;13;34.7;974.1;16.4;2.9;19;0;1.5;94;7;0;101.9;63;301;112;19400;121;204.9;0
OTL;01.08.22 00:00;19.2;29.5;23.8;2;1.7;2.6;0;16.6;29;-0.4;0;10;34.9;971.3;16.1;-0.4;15;0;1.5;100;7;0;121.4;57;255;111;17394;117;171.7;0
OTL;01.09.22 00:00;14;22.1;17.7;0.1;0;0;0;13.4;11;-0.6;0;0;27.7;969.8;9.4;-2.6;0;9.3;1.4;108;11;0;212.8;105;173;103;11807;99;33;1.3
OTL;01.10.22 00:00;12.9;19.9;15.9;3;3;3.2;0;13.7;0;2.5;0;0;24.4;978.6;10.2;5.5;0;0;1;83;7;0;213.7;102;118;113;11205;123;0;0
OTL;01.11.22 00:00;6.7;13.2;9.5;1.6;1.3;2;0;7.9;0;0.1;0;0;19.2;972.4;3.5;0.2;0;293.6;1.1;100;5;0;57.1;27;74;115;8278;123;0;77.6
OTL;01.12.22 00:00;2.5;7.9;4.9;0.5;0.5;0.3;4;6.3;0;0.6;0;0;13.9;972.6;-2.2;-1.4;0;468.7;0.9;90;5;0;87.7;99;53;98;5877;83;0;220.7
OTL;01.01.23 00:00;2.6;8.5;5.2;1.3;1.4;1.2;5;5.5;0;0.2;0;0;13.2;972.9;-1.4;-1.4;0;459.5;1.1;100;3;0;15.6;22;64;96;7109;89;0;211.5
OTL;01.02.23 00:00;4;11.7;7.5;2.3;2;2.3;5;5.5;0;0.2;0;0;19.5;980.5;-2.8;7.8;0;345.6;1.5;115;1;0;2.4;4;112;107;9902;108;0;129.6
OTL;01.03.23 00:00;6.4;15;10.5;1.2;1;1;0;7;0;0.6;0;0;20.1;969.2;0.2;-2.1;0;248.4;1.8;113;6;0;77.3;81;165;104;13157;109;0;56.4
OTL;01.04.23 00:00;8.1;17.7;12.6;0;-0.4;0.2;0;7.1;0;-1.2;0;0;21.3;969.2;3.5;-0.3;0;94.5;1.9;112;7;0;150.9;91;206;106;13004;111;0;22.5
OTL;01.05.23 00:00;12.7;21;16.3;-0.1;0.5;-0.1;0;12.8;6;1.1;0;0;27;972;9.4;1.3;0;8.8;1.6;100;17;0;232.7;123;215;94;10384;82;7.9;0.8
OTL;01.06.23 00:00;16.9;26.4;21.3;1.1;1;1.3;0;16;23;1;0;3;30.4;971.8;14.6;0.5;2;0;1.7;106;14;0;175.9;94;291;110;16099;113;91.9;0
OTL;01.07.23 00:00;18.9;28.1;23.2;0.9;1.1;0.6;0;18.4;27;1.8;0;7;32.9;971.5;14.9;0.3;8;0;1.6;100;9;0;106.7;66;273;102;16511;103;153.2;0
OTL;01.08.23 00:00;18.3;28.5;23;1.2;0.8;1.6;0;17.1;26;0.1;0;9;34.9;970.9;12.9;-0.8;14;0;1.7;113;8;0;330.5;156;238;104;16014;107;150;0
OTL;01.09.23 00:00;15.8;24.2;19.6;2;1.8;2.1;0;16.4;15;2.4;0;0;28.5;975.4;10.3;3;0;0;1.3;100;10;0;299.3;147;174;103;13378;113;53;0
OTL;01.10.23 00:00;12.7;19.7;15.7;2.8;2.8;3;0;13.2;3;2;0;0;26.6;971.2;8.7;-1.9;0;34.3;1.2;100;10;0;269.2;128;108;104;9608;106;14.2;2.3
OTL;01.11.23 00:00;5;12.7;8.2;0.3;-0.4;1.5;0;6.4;0;-1.4;0;0;20.9;966.5;1.7;-5.7;0;338.1;1.3;118;4;0;65.5;32;79;123;8803;130;0;114.1
OTL;01.12.23 00:00;4.5;10.5;7.2;2.8;2.5;2.9;1;6.1;0;0.4;0;0;22.3;973.1;-0.8;-0.9;0;379.5;1.1;110;5;0;83.8;95;52;96;6740;95;0;155.5
OTL;01.01.24 00:00;2.6;9.4;5.6;1.7;1.4;2.1;5;5.3;0;0;0;0;21.4;974.8;-1.9;0.5;0;431.8;1.1;100;3;0;49.1;71;69;104;8398;105;0;199.8
OTL;01.02.24 00:00;6;12.5;8.9;3.7;4;3.1;0;7.1;0;1.8;0;0;20.8;971.7;1.7;-1;0;289.5;1;77;10;0;185.2;287;84;80;7058;77;0;97.5
OTL;01.03.24 00:00;6.5;13.7;9.8;0.5;1.1;-0.3;0;7.9;0;1.5;0;0;22.2;967.6;1;-3.7;0;260.2;1.4;88;13;0;370.3;390;122;77;9060;75;0;84.2
OTL;01.04.24 00:00;8.7;17.7;12.9;0.3;0.2;0.2;0;8.3;2;0;0;0;26.5;972.1;5;2.6;0;169.4;1.8;106;10;0;96.8;58;190;98;11803;101;4.3;33.4
OTL;01.05.24 00:00;11.8;19.4;15.1;-1.3;-0.4;-1.7;0;12.8;1;1.1;0;0;25.5;970.1;8.4;-0.6;0;43;1.3;81;19;0;305.9;161;181;79;7226;57;3.7;3
OTL;01.06.24 00:00;15.7;24.4;19.8;-0.4;-0.2;-0.7;0;16.2;15;1.2;0;1;30.4;970.8;11.9;-0.5;1;0;1.5;94;9;0;187.1;100;231;88;10414;73;53.9;0
OTL;01.07.24 00:00;19.7;28.9;24.1;1.8;1.9;1.4;0;19.3;28;2.7;0;16;33;971.1;15.3;-0.1;14;0;1.5;94;5;0;76.6;47;277;103;16924;105;179.6;0
OTL;01.08.24 00:00;20.1;30.6;24.9;3.1;2.6;3.7;0;18.6;30;1.6;0;16;34.7;971.6;17.4;-0.1;23;0;1.4;93;5;0;60;28;246;107;17988;121;203.5;0
OTL;01.09.24 00:00;14.5;22;17.7;0.1;0.5;-0.1;0;13.3;7;-0.7;0;1;29.9;970.9;10.1;-1.5;0;0;1.5;115;10;0;206;101;143;85;8444;71;27.2;0
OTL;01.10.24 00:00;11.6;17;13.9;1;1.7;0.3;0;13.5;0;2.3;0;0;21.3;974.9;7.7;1.8;0;17.3;0.9;75;17;0;281.6;134;86;83;6372;70;0;1.3
OTL;01.11.24 00:00;5;12.3;8.1;0.2;-0.4;1.1;3;7.5;0;-0.3;0;0;18.6;977.9;-0.6;5.7;0;337.2;1;91;3;0;22.6;11;90;140;11423;169;0;121.2
OTL;01.12.24 00:00;3.1;9.6;5.8;1.4;1.1;2;0;4.9;0;-0.8;0;0;14;977.6;0.4;3.6;0;439.5;1.1;110;1;0;7.7;9;62;114;8647;122;0;191.5
OTL;01.01.25 00:00;2;7.6;4.5;0.6;0.8;0.3;4;6;0;0.7;0;0;11.8;975.5;-1.6;1.2;0;481.1;1;91;12;0;132.1;190;60;90;6652;83;0;233.1
OTL;01.02.25 00:00;3.5;9.5;6.1;0.9;1.5;0.1;0;6.6;0;1.3;0;0;17;979.2;0;6.5;0;389.1;1.1;85;6;0;54.9;85;95;91;7740;84;0;165.1
OTL;01.03.25 00:00;6.1;14.1;9.7;0.4;0.7;0.1;0;7.2;0;0.8;0;0;22.7;971.5;1.8;0.2;0;288.3;1.3;81;10;0;139.3;147;145;91;10652;88;0;88.3
OTL;01.04.25 00:00;9.8;18.9;14;1.4;1.3;1.4;0;9.5;3;1.2;0;0;25.7;971.7;6.3;2.2;0;70.5;1.8;106;9;0;172.8;104;200;103;12610;108;0.8;6.5
OTL;01.05.25 00:00;12.6;21.8;16.9;0.5;0.4;0.7;0;11.9;7;0.2;0;0;27.2;970.8;8.4;0.1;0;17.7;1.8;113;12;0;219.9;116;259;113;14885;118;17.9;1.7
OTL;01.06.25 00:00;18.5;27.9;23.1;2.9;2.6;2.8;0;18;24;3;0;7;33.5;975;15;3.7;12;0;1.5;94;10;0;205.2;110;266;101;15742;110;145.3;0
OTL;01.07.25 00:00;17.6;27.9;22.3;0;-0.2;0.4;0;15.5;28;-1.1;0;4;33;970.4;14;-0.8;6;0;1.7;106;12;0;280.2;172;271;101;15745;98;124;0
OTL;01.08.25 00:00;18.5;27.7;22.8;1;1;0.8;0;17.7;23;0.7;0;11;33;972.1;12.9;0.4;10;0;1.5;100;7;0;231;109;244;106;16645;112;140.9;0
OTL;01.09.25 00:00;13.8;21.8;17.4;-0.2;-0.2;-0.3;0;15.1;5;1.1;0;0;26.6;974.2;7.6;1.8;0;19;1.3;100;14;0;305.4;150;170;101;12168;102;20.2;3
OTL;01.10.25 00:00;10.2;17.5;13.4;0.5;0.3;0.8;0;10.6;0;-0.6;0;0;21.5;973.3;6.3;0.2;0;88.3;1.2;100;4;0;48.8;23;124;119;11119;122;0;8.3
OTL;01.11.25 00:00;5.1;11.7;8.1;0.2;-0.3;0.5;1;6.9;0;-0.9;0;0;18.7;971.6;-1;-0.6;0;336.5;1.1;100;6;0;87.8;42;74;115;8489;126;0;120.5
OTL;01.12.25 00:00;4.8;9.7;6.8;2.4;2.8;2.1;0;7.6;0;1.9;0;0;13.2;975.8;0;1.8;0;410.3;0.8;80;6;0;49.5;56;52;96;6060;85;0;162.3
OTL;01.01.26 00:00;1.4;6.9;3.7;-0.2;0.2;-0.4;7;5.6;0;0.3;0;0;10.4;966.3;-2.6;-8;0;506.1;0.9;82;6;0;53.3;77;61;92;6719;84;0;258.1
OTL;01.02.26 00:00;4.6;11.7;7.7;2.5;2.6;2.3;0;7.1;0;1.8;0;0;22;964.8;0.2;-7.9;0;337.2;1.2;92;9;0;47.8;74;101;97;8264;90;0;121.2
OTL;01.03.26 00:00;6.1;14.3;9.9;0.6;0.7;0.3;0;6.8;0;0.4;0;0;18.3;974.2;0.9;2.9;0;313.5;1.6;100;5;0;133.4;141;162;102;12799;106;0;65.5
OTL;01.04.26 00:00;11.6;21;16.1;3.5;3.1;3.5;0;9.6;1;1.3;0;0;25.9;973;5.1;3.5;0;26.8;1.8;106;7;0;32.6;20;234;120;15638;134;4.2;2.8
OTL;01.05.26 00:00;13.1;22.8;17.8;1.4;0.9;1.7;0;11.3;11;-0.4;0;4;32.7;973;7.1;2.3;4;27.9;1.7;106;8;0;92.4;49;259;113;16219;129;62.7;3.9
OTL;01.06.26 00:00;18.4;29.3;23.5;3.3;2.5;4.2;0;16.4;26;1.4;0;12;34.6;974.2;11.5;2.9;15;0;1.6;100;9;0;130;70;295;112;17359;122;161;0
OTL;01.07.26 00:00;20.9;32.4;26.4;4.1;3.1;4.9;0;15.5;31;-1.1;0;21;37.4;972.9;17.8;1.7;29;0;2;125;3;2;43.6;27;298;111;19484;121;249.6;0
OTL;01.08.26 00:00;20.5;31.4;25.4;3.6;3;4.5;0;17.9;29;0.9;0;17;36.5;972.5;15.1;0.8;18;0;1.6;107;10;8;239.6;113;230;100;15590;104;219.3;0
OTL;01.09.26 00:00;17.2;25.8;21.1;3.5;3.2;3.7;0;15.6;15;1.6;0;3;30.9;976.7;13.5;4.3;4;0;1.5;115;5;0;102.8;51;198;117;15294;129;85.6;0